model,question_id,transcript_id,question,gold_start,gold_end,gold_duration_s,asr_word_count_in_gold,asr_envelope_start,asr_envelope_end,timestamp_ceiling_tiou,content_token_recall,numeric_token_count,numeric_token_recall,retrieval_rank,retrieval_hit_at_1,retrieval_hit_at_3,retrieval_hit_at_5,best_gold_window_tiou,asr_evidence_text,context_text
parakeet_v3,sample_4_yes_q03,sample_4,Did the patient attend for an annual asthma follow-up?,21.62,26.24,4.619999999999997,11,21.68,26.400000000000002,0.953974895397489,0.75,0,,1,1,1,1,0.4166666666666668,So this is your annual follow-up It is for the asthma,running on time for once So this is your annual follow-up It is for the asthma Exactly that
parakeet_v3,sample_4_yes_q07,sample_4,Is the heart examination without abnormal findings?,43.5,44.98,1.4799999999999969,4,43.28,45.44,0.6851851851851848,0.2,0,,1,1,1,1,0.12171052631578926,Nothing abnormal to report,heart both sound normal Nothing abnormal to report Good I had half
parakeet_v3,sample_4_yes_q06,sample_4,Was the patient listened to with a stethoscope?,28.520000000000003,42.72,14.199999999999996,32,28.72,43.12,0.9589041095890415,0.0,0,,6,0,0,0,0.8567567567567569,Let me listen to your chest and your heart and then we will talk Go ahead Breathe normally for me And again Is it alright Your chest and heart both sound normal,Exactly that Let me listen to your chest and your heart and then we will talk Go ahead Breathe normally for me And again Is it alright Your chest and heart both sound normal Nothing abnormal to
parakeet_v3,sample_4_yes_q05,sample_4,Were the lungs found to be normal on auscultation?,40.68,44.98,4.299999999999997,11,40.480000000000004,45.44,0.8669354838709683,0.25,0,,1,1,1,1,0.31994047619047605,Your chest and heart both sound normal Nothing abnormal to report,Is it alright Your chest and heart both sound normal Nothing abnormal to report Good I had half
parakeet_v3,sample_4_yes_q02,sample_4,Are the patient's asthma findings stable at this visit?,51.48,54.4,2.9200000000000017,8,51.44,54.480000000000004,0.9605263157894722,0.2,0,,3,0,1,1,0.2449664429530204,This is what a stable annual check looks,year Nothing has This is what a stable annual check looks like So what happens with
parakeet_v3,sample_4_yes_q01,sample_4,Will the current treatment continue unchanged?,55.64,61.64,6.0,14,55.52,61.36,0.9346405228758172,0.25,0,,1,1,1,1,0.5033557046979865,what happens with my treatment No changes You carry on exactly as you are,check looks like So what happens with my treatment No changes You carry on exactly as you are Nothing at all I suppose I
parakeet_v3,sample_4_yes_q04,sample_4,Does the visit concern asthma?,24.88,26.24,1.3599999999999994,5,24.8,26.400000000000002,0.8499999999999989,0.3333333333333333,0,,1,1,1,1,0.11805555555555547,It is for the asthma,your annual follow-up It is for the asthma Exactly that
parakeet_v3,sample_5_yes_q01,sample_5,Does the patient take pantoprazole for reflux?,47.08,52.84,5.760000000000005,17,46.88,52.96,0.9473684210526326,0.3333333333333333,0,,1,1,1,1,0.578059071729958,And then the anti-inflammatory gave me reflux on top Which is why you are on Pantoprazol for,properly That is the frustrating part And then the anti-inflammatory gave me reflux on top Which is why you are on Pantoprazol for that Exactly yes So
parakeet_v3,sample_5_yes_q05,sample_5,Is the patient still in pain despite regular Ibumetin and Panodil?,36.42,41.58,5.159999999999997,14,36.32,41.68,0.9626865671641786,0.3333333333333333,0,,1,1,1,1,0.4510489510489508,the pain has just carried on regardless Despite taking the ibentin and the panodyl,2017 And honestly the pain has just carried on regardless Despite taking the ibentin and the panodyl regularly Despite both
parakeet_v3,sample_5_yes_q02,sample_5,Will the NSAID treatment be continued under cover of a proton pump inhibitor?,142.44,147.88,5.439999999999998,12,142.32,148.0,0.9577464788732379,0.0,0,,38,0,0,0,0.5151515151515148,For the pain you continue the anti-inflammatory with the stomach protection alongside,Then we will not refer you For the pain you continue the anti-inflammatory with the stomach protection alongside it And is there anything I need to come
parakeet_v3,sample_5_yes_q06,sample_5,Did the patient undergo surgery for a cervical disc prolapse in 2017?,32.06,34.98,2.9199999999999946,7,31.84,35.28,0.8488372093023236,0.6666666666666666,1,1.0,1,1,1,1,0.26071428571428523,the cervical disc prolapse operated in 2017,neck operation That is right the cervical disc prolapse operated in 2017 And honestly the pain has just
parakeet_v3,sample_5_yes_q03,sample_5,Was muscle tension found in the neck and shoulders?,102.68,105.42,2.739999999999995,10,102.56,105.92,0.8154761904761891,0.8,0,,1,1,1,1,0.22986577181208034,I can feel muscle tension in your neck and shoulders,and standing are normal I can feel muscle tension in your neck and shoulders That tension is exactly
parakeet_v3,sample_5_yes_q04,sample_5,Are the menopausal symptoms treated with Activelle?,70.44,73.82,3.3799999999999955,8,70.32000000000001,73.68,0.925714285714292,0.5,0,,1,1,1,1,0.3463114754098354,the menopausal symptoms which you are taking Activel,complaints there Good Then the menopausal symptoms which you are taking Activel for Yes and my hands have
parakeet_v3,sample_6_yes_q03,sample_6,Was the patient's voice noted to sound congested?,24.4,26.34,1.9400000000000013,4,24.48,26.48,0.8942307692307682,0.4,0,,1,1,1,1,0.17700729927007308,You do sound congested,to you first You do sound congested That is all you are going by
parakeet_v3,sample_6_yes_q04,sample_6,Are four daily doses of one million IU of penicillin planned?,62.9,69.68,6.780000000000008,14,62.88,69.92,0.9630681818181831,0.625,3,1.0,1,1,1,1,0.6231617647058834,For the sinuses penicillin One million international units four times daily for seven days,rather hear that than the other way around For the sinuses penicillin One million international units four times daily for seven days Which is what I asked for
parakeet_v3,sample_6_yes_q05,sample_6,Does the patient also have a fungal infection in the mouth?,72.96,77.6,4.640000000000001,10,73.04,77.84,0.9344262295081924,0.3333333333333333,0,,4,0,0,1,0.40559440559440524,And fluconazole 50 milligrams for seven days for the mouth,I asked for It is And fluconazole 50 milligrams for seven days for the mouth Both for a week That
parakeet_v3,sample_6_yes_q07,sample_6,Did the patient ask for penicillin?,17.9,19.18,1.2800000000000011,4,17.76,19.2,0.8888888888888911,0.5,0,,1,1,1,1,0.13223140495867783,I want penicillin for,together Noted I want penicillin for it I know what this is by now
parakeet_v3,sample_6_yes_q01,sample_6,Will the patient take Fluconazole 50 mg?,73.52,77.6,4.079999999999998,9,73.36,77.84,0.9107142857142845,0.5,1,1.0,1,1,1,1,0.3566433566433561,fluconazole 50 milligrams for seven days for the mouth,for It is And fluconazole 50 milligrams for seven days for the mouth Both for a week That
parakeet_v3,sample_6_yes_q02,sample_6,Is the patient complaining of sinus symptoms?,9.06,12.28,3.219999999999999,7,8.88,12.56,0.8749999999999998,0.0,0,,4,0,0,1,0.2795138888888888,My sinuses Blocked aching the whole business,seat What brings you in My sinuses Blocked aching the whole business And I have got thrush in
parakeet_v3,sample_6_yes_q06,sample_6,Has penicillin been prescribed for seven days?,64.18,69.68,5.5,11,64.08,69.92,0.9417808219178077,0.75,1,1.0,1,1,1,1,0.5055147058823531,penicillin One million international units four times daily for seven days,around For the sinuses penicillin One million international units four times daily for seven days Which is what I asked for
parakeet_v3,sample_10_yes_q01,sample_10,Does the patient need continued treatment?,63.18,64.58,1.3999999999999986,7,63.04,64.72,0.8333333333333326,0.6666666666666666,0,,1,1,1,1,0.1605504587155963,You do need to continue the treatment,this as a stable situation You do need to continue the treatment you are on So I carry
parakeet_v3,sample_10_yes_q02,sample_10,Were the lungs and heart normal on auscultation?,53.76,57.56,3.8000000000000043,12,53.68,57.84,0.9134615384615387,0.75,0,,1,1,1,1,0.36259541984732874,Your lungs and your heart both sound normal Nothing abnormal on listening,more Is everything alright Your lungs and your heart both sound normal Nothing abnormal on listening That is a relief to
parakeet_v3,sample_10_yes_q03,sample_10,"Are the patient's complaints unchanged, with nothing new reported?",22.2,23.56,1.3599999999999994,3,22.32,23.84,0.7560975609756085,0.3333333333333333,0,,1,1,1,1,0.12977099236641215,No nothing new,turned up Any new symptoms No nothing new Should there be I
parakeet_v3,sample_17_yes_q03,sample_17,Is the medicine to be taken after a meal?,46.1,47.52,1.4200000000000017,6,46.08,47.92,0.7717391304347822,0.3333333333333333,0,,1,1,1,1,0.11234177215189886,You take it after a meal,milligrams daily for two weeks You take it after a meal After a meal every
parakeet_v3,sample_17_yes_q02,sample_17,Should the daily dose be 100 mg?,42.84,44.42,1.5799999999999983,3,42.96,44.72,0.7765957446808534,0.5,1,1.0,1,1,1,1,0.12343749999999983,100 milligrams daily,involve Sporanox 100 milligrams daily for two weeks You take
parakeet_v3,sample_17_yes_q01,sample_17,Will the treatment last two weeks?,48.18,50.7,2.520000000000003,8,48.24,50.96,0.8848920863309352,0.5,1,1.0,1,1,1,1,0.19936708860759517,After a meal every day for two weeks,You take it after a meal After a meal every day for two weeks Exactly right
parakeet_v3,sample_18_yes_q04,sample_18,Should kidney function be monitored?,41.82,45.58,3.759999999999998,11,41.6,46.08,0.8392857142857144,0.6666666666666666,0,,1,1,1,1,0.34558823529411736,means we should monitor your blood pressure and your kidney function,that harming me It means we should monitor your blood pressure and your kidney function That is the sensible
parakeet_v3,sample_18_yes_q02,sample_18,Did the patient ask for a renewal of the Ibumetin prescription?,17.24,18.5,1.2600000000000016,4,17.2,19.12,0.6562500000000002,0.25,0,,4,0,0,1,0.09264705882352953,need my ibumetin renewed,what can I do for you I need my ibumetin renewed Alright
parakeet_v3,sample_18_yes_q01,sample_18,Has the Ibumetin prescription been issued?,69.38,72.04,2.660000000000011,5,69.36,72.32000000000001,0.8986486486486499,0.3333333333333333,0,,1,1,1,1,0.22315436241610825,Yes The prescription is created,renew the ibumetin today Yes The prescription is created Does that plan sound
parakeet_v3,sample_18_yes_q07,sample_18,Is the patient also taking Pantoprazole?,20.92,26.3,5.379999999999999,12,20.8,26.32,0.9746376811594202,0.5,0,,1,1,1,1,0.3821022727272726,And you are still taking Pantoprozole alongside it Yes every day with,renewed Alright And you are still taking Pantoprozole alongside it Yes every day with it Good Now
parakeet_v3,sample_18_yes_q06,sample_18,Will the blood tests include cholesterol and blood sugar?,62.5,65.94,3.4399999999999977,7,62.24,66.16,0.8775510204081639,0.6,0,,1,1,1,1,0.2670807453416147,We check kidneys cholesterol and blood sugar,book a time for those We check kidneys cholesterol and blood sugar And you will still renew the ibumetin
parakeet_v3,sample_18_yes_q03,sample_18,Does the doctor consider the NSAID use long-standing and high?,33.0,38.66,5.659999999999997,11,32.88,38.64,0.9757785467128038,0.0,0,,6,0,0,0,0.4236526946107782,You have used anti-inflammatory painkillers heavily and for a long time,open with you about You have used anti-inflammatory painkillers heavily and for a long time Is that harming
parakeet_v3,sample_18_yes_q05,sample_18,Was blood pressure to be measured at home over three days?,50.74,55.1,4.359999999999999,14,50.72,55.36,0.9396551724137928,0.8571428571428571,1,1.0,1,1,1,1,0.40370370370370373,I would like you to measure your blood pressure at home over three days,How do we go about that I would like you to measure your blood pressure at home over three days I can do that And
parakeet_v3,sample_19_yes_q04,sample_19,Is the patient still being treated for asthma?,26.3,28.12,1.8200000000000003,7,26.240000000000002,28.32,0.8750000000000009,1.0,0,,1,1,1,1,0.17366412213740465,I am still being treated for asthma,is fine Anything else I am still being treated for asthma And for reflux
parakeet_v3,sample_19_yes_q01,sample_19,Were three prescriptions renewed in total?,68.24,71.64,3.4000000000000057,7,68.0,72.16,0.8173076923076943,0.5,1,1.0,1,1,1,1,0.2639751552795035,Activel aromir and isomeprazole All three renewed,prescriptions will I get Activel aromir and isomeprazole All three renewed The isomeprazole
parakeet_v3,sample_19_yes_q02,sample_19,Has Esomeprazole been renewed as well?,68.24,71.64,3.4000000000000057,7,68.0,72.16,0.8173076923076943,0.3333333333333333,0,,1,1,1,1,0.2639751552795035,Activel aromir and isomeprazole All three renewed,prescriptions will I get Activel aromir and isomeprazole All three renewed The isomeprazole
parakeet_v3,sample_19_yes_q03,sample_19,Is Airomir among the renewed medicines?,68.24,71.64,3.4000000000000057,7,68.0,72.16,0.8173076923076943,0.25,0,,1,1,1,1,0.2639751552795035,Activel aromir and isomeprazole All three renewed,prescriptions will I get Activel aromir and isomeprazole All three renewed The isomeprazole
parakeet_v3,sample_20_yes_q01,sample_20,Was Ibumetin renewed as well?,182.44,186.3,3.8600000000000136,9,182.32,186.32,0.9650000000000034,0.0,0,,47,0,0,0,0.3547794117647073,I am creating prescriptions for both PAMOL and IBUMedin,been doing Yes I am creating prescriptions for both PAMOL and IBUMedin now and they will be waiting for you at
parakeet_v3,sample_20_yes_q05,sample_20,Is Pamol one of the medicines requested?,182.44,184.98,2.539999999999992,7,182.32,185.04,0.9338235294117622,0.25,1,0.0,14,0,0,0,0.23345588235294054,I am creating prescriptions for both PAMOL,been doing Yes I am creating prescriptions for both PAMOL and IBUMedin now and they
parakeet_v3,sample_20_yes_q02,sample_20,Has the pain problem been described as stable?,102.3,105.02,2.719999999999999,9,102.32000000000001,105.2,0.9310344827586149,0.75,0,,2,0,1,1,0.2708757637474555,Then we are looking at a stable pain problem,turned up to alarm me Good Then we are looking at a stable pain problem with a continued need for pain
parakeet_v3,sample_20_yes_q04,sample_20,Does the patient still need pain relief?,105.56,107.46,1.8999999999999915,7,105.44,107.84,0.7916666666666612,0.75,0,,1,1,1,1,0.18849206349206268,with a continued need for pain relief,at a stable pain problem with a continued need for pain relief That is a relief
parakeet_v3,sample_20_yes_q03,sample_20,Were both prescriptions issued?,182.44,184.5,2.0600000000000023,7,182.32,185.04,0.7573529411764718,0.5,0,,1,1,1,1,0.18933823529411795,I am creating prescriptions for both PAMOL,been doing Yes I am creating prescriptions for both PAMOL and IBUMedin now
parakeet_v3,sample_23_yes_q03,sample_23,Was a skin wart found under the right breast?,23.12,25.66,2.539999999999999,10,22.96,25.84,0.8819444444444444,0.8,0,,1,1,1,1,0.27850877192982454,The one under your right breast is a skin wart,Let me look at them The one under your right breast is a skin wart about one centimeter And
parakeet_v3,sample_23_yes_q05,sample_23,Has the patient been informed about the risk of scarring and infection?,75.26,79.54,4.280000000000001,18,75.12,79.84,0.9067796610169496,0.5,0,,1,1,1,1,0.5144230769230774,There will be a scar where each one is removed and there is a risk of infection afterwards,hear the downside now There will be a scar where each one is removed and there is a risk of infection afterwards You should know both before we
parakeet_v3,sample_23_yes_q02,sample_23,Does the patient want the skin changes removed?,85.28,88.5,3.219999999999999,11,85.12,88.56,0.9360465116279073,0.0,0,,23,0,0,0,0.31201550387596866,risk I would still rather have them off than keep catching,A scar and an infection risk I would still rather have them off than keep catching them Understood Then the appointment
parakeet_v3,sample_23_yes_q04,sample_23,Is an appointment for the removal going to be arranged?,90.2,92.2,2.0,8,90.0,92.4,0.8333333333333314,0.5,0,,3,0,1,1,0.19841269841269846,Then the appointment for removal is the plan,catching them Understood Then the appointment for removal is the plan Good Any idea whether
parakeet_v3,sample_23_yes_q06,sample_23,Do the changes on the abdomen and lower leg resemble seborrheic keratoses?,43.44,45.58,2.1400000000000006,5,43.28,45.92,0.8106060606060607,0.0,0,,12,0,0,0,0.2106299212598425,They look like seborric keratosis,ground What do you think they are They look like seborric keratosis That is a common harmless
parakeet_v3,sample_23_yes_q01,sample_23,Were the skin changes judged to be benign?,53.3,56.2,2.9000000000000057,9,53.2,56.480000000000004,0.8841463414634161,0.75,0,,1,1,1,1,0.2746212121212126,My assessment is that these are benign skin changes,I am describing what I see My assessment is that these are benign skin changes Benign all of them
parakeet_v3,sample_33_yes_q06,sample_33,"The visit is a follow-up on allergic rhinitis, correct?",13.94,17.42,3.480000000000002,8,13.92,17.84,0.8877551020408169,0.6,0,,1,1,1,1,0.3198529411764708,This is your follow-up for allergic rhinitis Yes,the right room You have This is your follow-up for allergic rhinitis Yes I have been worrying
parakeet_v3,sample_33_yes_q02,sample_33,Is the patient free of symptoms at the moment?,27.02,31.5,4.48,15,27.12,31.76,0.9240506329113918,0.6666666666666666,0,,1,1,1,1,0.45901639344262307,I do not have any symptoms right now No symptoms at all at the moment,medication been It has helped I do not have any symptoms right now No symptoms at all at the moment None And that is partly
parakeet_v3,sample_33_yes_q04,sample_33,Did the antihistamine work well?,58.82,61.32,2.5,7,58.72,61.44,0.9191176470588239,0.3333333333333333,0,,1,1,1,1,0.21701388888888895,The antihistamine is having a good effect,genuinely working Yes The antihistamine is having a good effect So I feel well because of
parakeet_v3,sample_33_yes_q03,sample_33,Has the medication helped the patient?,55.34,58.28,2.9399999999999977,7,55.2,58.56,0.8749999999999994,0.0,0,,12,0,0,0,0.20880681818181793,So the medicine is genuinely working Yes,Alright So the medicine is genuinely working Yes The antihistamine is
parakeet_v3,sample_33_yes_q05,sample_33,Are the findings unremarkable?,44.86,52.62,7.759999999999998,19,44.64,53.2,0.9065420560747659,0.0,0,,10,0,0,0,0.5418994413407819,The examination I have done is normal Normal in all of it Yes Nothing abnormal was found on examination,missed I understand The examination I have done is normal Normal in all of it Yes Nothing abnormal was found on examination Alright
parakeet_v3,sample_33_yes_q01,sample_33,Should the patient carry on with the treatment as needed?,69.06,71.0,1.9399999999999977,8,68.88,71.36,0.7822580645161269,0.3333333333333333,0,,1,1,1,1,0.19094488188976336,The plan is to continue it as needed,Do I stop taking it now The plan is to continue it as needed As needed So
parakeet_v3,sample_37_yes_q05,sample_37,Is the skin intact?,28.5,30.0,1.5,4,28.72,30.400000000000002,0.6736842105263157,1.0,0,,2,0,1,1,0.1171875,The skin is intact,at it Of course The skin is intact There is no erythema
parakeet_v3,sample_37_yes_q03,sample_37,Was erythema migrans absent?,30.68,32.62,1.9399999999999977,5,30.64,33.28,0.7348484848484839,0.3333333333333333,0,,1,1,1,1,0.15156249999999982,There is no erythema migrants,The skin is intact There is no erythema migrants So no expanding
parakeet_v3,sample_37_yes_q04,sample_37,Are redness and swelling absent?,17.58,22.18,4.600000000000001,9,17.52,22.32,0.9583333333333335,0.6666666666666666,0,,1,1,1,1,0.35937500000000017,No redness at all Any swelling No swelling either,Any redness around the site No redness at all Any swelling No swelling either The area looks unchanged
parakeet_v3,sample_37_yes_q06,sample_37,"The plan involves no treatment, right?",60.02,61.34,1.3200000000000003,4,60.0,61.92,0.6874999999999996,0.3333333333333333,0,,1,1,1,1,0.08333333333333337,No treatment is needed,Observation No treatment is needed So no antibiotics
parakeet_v3,sample_37_yes_q01,sample_37,Did the patient get a tick bite?,13.74,14.52,0.7799999999999994,3,13.68,14.88,0.6499999999999989,0.6666666666666666,0,,1,1,1,1,0.07617187499999992,A tick bite,bite looked at Right A tick bite Any redness around
parakeet_v3,sample_37_yes_q02,sample_37,Has the patient been told simply to keep an eye on the area?,56.02,59.34,3.3200000000000003,6,56.24,59.76,0.8288770053475951,0.0,0,,11,0,0,0,0.20959595959595967,Then what is the plan Observation,and no rash at the site Then what is the plan Observation No treatment is needed
parakeet_v3,sample_39_yes_q02,sample_39,Does the patient have pain in the lower back?,22.64,23.92,1.2800000000000011,5,22.56,24.16,0.8,1.0,0,,1,1,1,1,0.11940298507462699,Pain in my lower back,what brings you in today Pain in my lower back it feels muscular Does
parakeet_v3,sample_39_yes_q04,sample_39,Was reduced mobility found during the examination?,47.34,53.04,5.699999999999996,14,47.36,53.44,0.9311475409836074,0.2,0,,1,1,1,1,0.41424418604651136,Your movement is also reduced when you bend and turn Yes it feels stiff,That would explain the tightness Your movement is also reduced when you bend and turn Yes it feels stiff Putting it together
parakeet_v3,sample_39_yes_q03,sample_39,Were painkillers part of the treatment plan?,63.56,65.8,2.239999999999995,6,63.440000000000005,66.16,0.8235294117647065,0.25,0,,1,1,1,1,0.16091954022988458,For treatment I recommend pain relief,Right That makes sense For treatment I recommend pain relief and an exercise program
parakeet_v3,sample_39_yes_q01,sample_39,"The pain was assessed as nonspecific musculoskeletal pain, right?",55.32,60.68,5.359999999999999,12,55.28,60.88,0.9571428571428569,0.25,0,,3,0,1,1,0.3988095238095236,this is non-specific muscle and joint pain in the back without radiation,stiff Putting it together this is non-specific muscle and joint pain in the back without radiation Right That makes
parakeet_v3,sample_42_yes_q02,sample_42,Was the blood pressure measured at 135/88?,39.16,42.54,3.3800000000000026,7,38.96,42.800000000000004,0.8802083333333333,0.5,1,0.0,2,0,1,1,0.29137931034482767,Your blood pressure is 135 over 88,So what did you find Your blood pressure is 135 over 88 135
parakeet_v3,sample_42_yes_q07,sample_42,Did the doctor assess the patient as slightly overweight?,62.26,65.16,2.8999999999999986,8,62.08,65.44,0.8630952380952378,0.25,0,,1,1,1,1,0.2265624999999998,It puts you in the mildly overweight range,And what does that tell you It puts you in the mildly overweight range Mildly overweight
parakeet_v3,sample_42_yes_q06,sample_42,Were exercise recommendations also part of the plan?,89.86,93.12,3.260000000000005,9,89.68,93.68,0.8150000000000013,0.5,0,,1,1,1,1,0.26121794871794907,The plan is advice on diet and on exercise,something I should be doing The plan is advice on diet and on exercise Diet and
parakeet_v3,sample_42_yes_q05,sample_42,Does the patient have a BMI of 28?,56.18,58.38,2.200000000000003,6,56.0,58.64,0.8333333333333343,0.0,1,0.0,14,0,0,0,0.1883561643835619,Your body mass index is twenty-eight,anything else you measured Your body mass index is twenty-eight Twenty-eight And
parakeet_v3,sample_42_yes_q03,sample_42,Has the patient been given advice about diet?,89.86,91.76,1.9000000000000057,6,89.68,91.92,0.8482142857142901,0.6666666666666666,0,,1,1,1,1,0.17335766423357726,The plan is advice on diet,something I should be doing The plan is advice on diet and on exercise
parakeet_v3,sample_42_yes_q01,sample_42,Is the patient feeling well?,17.22,18.48,1.2600000000000016,4,17.12,18.72,0.787500000000002,0.5,0,,1,1,1,1,0.12304687500000012,I feel perfectly well,Yes that is right And I have to say I feel perfectly well No complaints at all which
parakeet_v3,sample_42_yes_q04,sample_42,"The visit was a preventive health check, correct?",11.92,14.14,2.2200000000000006,7,11.84,14.56,0.8161764705882354,0.6,0,,1,1,1,1,0.22745901639344265,This is your preventive health check today,It has its moments This is your preventive health check today Yes that is right And
parakeet_v3,sample_43_yes_q02,sample_43,Does the patient have a sore throat?,4.82,6.24,1.42,6,4.72,6.48,0.8068181818181814,1.0,0,,1,1,1,1,0.14669421487603304,My throat has been really sore,Thanks My throat has been really sore A sore throat Let
parakeet_v3,sample_43_yes_q05,sample_43,Did the examination find no pus in the throat?,31.76,34.28,2.5199999999999996,11,31.6,34.480000000000004,0.8749999999999991,0.5,0,,1,1,1,1,0.2423076923076923,I also looked at your throat and there was no pus,In this case yes I also looked at your throat and there was no pus No pus
parakeet_v3,sample_43_yes_q04,sample_43,Was the strep test negative?,23.06,23.78,0.7200000000000024,3,23.04,24.080000000000002,0.6923076923076928,0.3333333333333333,0,,1,1,1,1,0.07200000000000024,It was negative,And what did it say It was negative That means that bacterium
parakeet_v3,sample_43_yes_q01,sample_43,Is the infection considered to be viral?,44.22,46.78,2.5600000000000023,9,44.08,47.12,0.8421052631578957,0.6666666666666666,0,,1,1,1,1,0.2601626016260164,My assessment is that this is a viral infection,what is making it hurt then My assessment is that this is a viral infection A virus
parakeet_v3,sample_43_yes_q03,sample_43,Has the doctor decided against antibiotics?,59.48,63.9,4.420000000000002,13,59.44,64.32000000000001,0.9057377049180313,0.5,0,,1,1,1,1,0.3863636363636366,The plan is no antibiotics because they do not work against a virus,antibiotics for it No The plan is no antibiotics because they do not work against a virus Alright So
parakeet_v3,sample_47_yes_q03,sample_47,Has penicillin treatment been started?,71.86,79.4,7.540000000000006,14,71.68,79.84,0.9240196078431384,0.6666666666666666,0,,1,1,1,1,0.5238784370477573,I am starting you on penicillin treatment Penicillin Starting from today Yes from today,happens about treating it I am starting you on penicillin treatment Penicillin Starting from today Yes from today That is reassuring
parakeet_v3,sample_47_yes_q01,sample_47,Were coatings seen on the tonsils?,25.72,28.66,2.9400000000000013,9,25.68,28.8,0.9423076923076924,0.3333333333333333,0,,2,0,1,1,0.29166666666666674,Your tonsils are red and there is coating on,Yes please do Your tonsils are red and there is coating on them Coating That
parakeet_v3,sample_47_yes_q02,sample_47,Does the patient have a sore throat?,8.32,11.7,3.379999999999999,12,8.24,12.24,0.8449999999999998,1.0,0,,1,1,1,1,0.32007575757575746,My throat It is really sore and it hurts when I swallow,What is troubling you My throat It is really sore and it hurts when I swallow A sore throat
parakeet_v3,sample_48_yes_q03,sample_48,Was the TSH normal?,28.34,35.82,7.48,19,28.240000000000002,36.160000000000004,0.9444444444444443,0.5,0,,1,1,1,1,0.5955414012738853,The first was your thyroid stimulating hormone the thyroid I had wondered about that one It came back normal,We tested two things The first was your thyroid stimulating hormone the thyroid I had wondered about that one It came back normal Normal And the
parakeet_v3,sample_48_yes_q06,sample_48,Did the glucose test come back normal too?,38.96,43.04,4.079999999999998,11,38.800000000000004,43.04,0.962264150943397,0.3333333333333333,0,,1,1,1,1,0.35416666666666663,Your glucose which is your blood sugar That was normal as,Normal And the other one Your glucose which is your blood sugar That was normal as well Both normal So
parakeet_v3,sample_48_yes_q05,sample_48,Were both blood tests within normal limits?,41.74,44.36,2.6199999999999974,7,41.68,44.72,0.8618421052631573,0.2,0,,1,1,1,1,0.2274305555555554,That was normal as well Both normal,glucose which is your blood sugar That was normal as well Both normal So nothing was found at
parakeet_v3,sample_48_yes_q04,sample_48,Has the patient been left without any specific treatment?,77.42,81.2,3.780000000000001,11,77.36,81.44,0.9264705882352948,0.5,0,,1,1,1,1,0.3720472440944879,No specific treatment is needed on the basis of these results,So what is the plan then No specific treatment is needed on the basis of these results Nothing at all That
parakeet_v3,sample_48_yes_q02,sample_48,Is the patient's tiredness persistent?,11.18,18.78,7.600000000000001,19,11.040000000000001,19.2,0.9313725490196082,0.6666666666666666,0,,1,1,1,1,0.6506849315068494,You came about tiredness Yes it has been going on and on It simply does not lift Persistent fatigue,and it will make more sense You came about tiredness Yes it has been going on and on It simply does not lift Persistent fatigue That is what we were investigating
parakeet_v3,sample_48_yes_q07,sample_48,Does the doctor rule out an endocrine cause?,48.06,52.34,4.280000000000001,12,48.0,52.64,0.9224137931034484,0.25,0,,1,1,1,1,0.3821428571428574,My assessment is that there is no hormonal cause for the tiredness,found at all Correct My assessment is that there is no hormonal cause for the tiredness No hormonal cause
parakeet_v3,sample_48_yes_q01,sample_48,"The thyroid test gave a normal result, right?",28.34,35.82,7.48,19,28.240000000000002,36.160000000000004,0.9444444444444443,0.4,0,,1,1,1,1,0.5955414012738853,The first was your thyroid stimulating hormone the thyroid I had wondered about that one It came back normal,We tested two things The first was your thyroid stimulating hormone the thyroid I had wondered about that one It came back normal Normal And the
parakeet_v3,sample_50_yes_q04,sample_50,Are further tests needed before the diagnosis can be settled?,60.36,69.66,9.299999999999997,29,60.160000000000004,69.76,0.9687499999999996,0.4,0,,1,1,1,1,0.8088803088803085,Further tests have been arranged to settle it And those will tell us for certain That is why they are being done Nothing changes for you until we have,It is a suspicion Further tests have been arranged to settle it And those will tell us for certain That is why they are being done Nothing changes for you until we have them Okay I understand
parakeet_v3,sample_50_yes_q01,sample_50,"The HbA1c came out at 47 mmol/mol, right?",39.68,43.4,3.719999999999999,10,39.6,43.84,0.8773584905660371,0.25,2,0.5,1,1,1,1,0.3369565217391304,Your long term sugar value was 47 millimoles per mole,millimoles per liter Your long term sugar value was 47 millimoles per mole Is that high I
parakeet_v3,sample_50_yes_q03,sample_50,Was the patient's BMI recorded as 29?,23.86,25.96,2.1000000000000014,6,23.68,26.0,0.905172413793104,0.0,1,0.0,1,1,1,1,0.17979452054794529,Your body mass index is twenty,No symptoms then Your body mass index is twenty nine What does that number mean
parakeet_v3,sample_50_yes_q05,sample_50,Is the patient free of any symptoms at this visit?,20.38,22.78,2.400000000000002,6,20.240000000000002,22.96,0.8823529411764718,0.3333333333333333,0,,1,1,1,1,0.20408163265306142,I feel completely normal No symptoms,No nothing at all I feel completely normal No symptoms then Your body mass
parakeet_v3,sample_50_yes_q02,sample_50,Does the patient have a fasting blood sugar of 7.0 mmol/L?,35.38,39.0,3.6199999999999974,9,35.12,39.36,0.8537735849056594,0.8,1,1.0,1,1,1,1,0.2900641025641024,Your fasting blood sugar was 7.0 millimoles per liter,range Alright Your fasting blood sugar was 7.0 millimoles per liter Your long term sugar value
parakeet_v3,sample_52_yes_q02,sample_52,Did the doctor plan continued follow-up?,83.42,86.4,2.980000000000004,7,83.28,86.8,0.8465909090909112,0.75,0,,1,1,1,1,0.21783625730994172,The plan is continued support and follow-up,explain what happens next The plan is continued support and follow-up Why continued support
parakeet_v3,sample_52_yes_q03,sample_52,Was the patient seen as engaged during the consultation?,59.06,62.7,3.6400000000000006,9,58.96,63.28,0.8425925925925927,0.25,0,,1,1,1,1,0.29738562091503284,From what you describe you seem engaged and motivated,To a degree yes From what you describe you seem engaged and motivated That is an impression
parakeet_v3,sample_52_yes_q01,sample_52,"The patient understands the treatment well, right?",70.22,75.36,5.140000000000001,15,70.16,75.92,0.8923611111111104,0.3333333333333333,0,,8,0,0,0,0.3824404761904763,My assessment is that you have a good understanding of your illness and your treatment,an impression yes My assessment is that you have a good understanding of your illness and your treatment Alright I
parakeet_v3,sample_54_yes_q04,sample_54,Was the foot examination normal?,51.62,54.6,2.980000000000004,8,51.52,54.72,0.9312500000000025,0.6666666666666666,0,,1,1,1,1,0.2738970588235297,Your feet are normal The examination is fine,There you are Thank you Your feet are normal The examination is fine Nothing wrong there either
parakeet_v3,sample_54_yes_q03,sample_54,Has the patient received a flu vaccination?,13.82,15.76,1.9399999999999995,7,13.84,16.0,0.8807339449541285,0.6666666666666666,0,,1,1,1,1,0.21651785714285707,Well I have had my flu vaccination,What would you like to start with Well I have had my flu vaccination Good Thank you for telling
parakeet_v3,sample_54_yes_q02,sample_54,Did the plan include continued monitoring?,80.38,82.2,1.8200000000000074,5,80.24,82.48,0.8125,0.75,0,,1,1,1,1,0.16851851851851923,The plan is continued monitoring,assessment today Good The plan is continued monitoring with your annual check as usual
parakeet_v3,sample_54_yes_q01,sample_54,Does the doctor regard the diabetes as stable?,68.74,70.98,2.240000000000009,5,68.64,71.28,0.8484848484848517,0.5,0,,1,1,1,1,0.2089552238805979,Overall your diabetes looks stable,they are fine Thank you Overall your diabetes looks stable There is nothing here that needs
parakeet_v3,sample_55_yes_q02,sample_55,Does the plan include routine follow-up?,79.42,80.84,1.4200000000000017,4,79.28,81.12,0.7717391304347822,0.5,0,,1,1,1,1,0.10441176470588241,Routine follow-up as usual,new medicine No Routine follow-up as usual Routine Yes
parakeet_v3,sample_55_yes_q03,sample_55,Will the current treatment be continued?,71.12,74.22,3.0999999999999943,8,71.04,74.48,0.9011627906976734,0.6666666666666666,0,,1,1,1,1,0.23343373493975858,Continue your current treatment exactly as it is,Good So nothing changes Continue your current treatment exactly as it is And I do not need anything
parakeet_v3,sample_55_yes_q01,sample_55,Did the HbA1c come out at 43 mmol/mol?,32.56,36.72,4.159999999999997,9,32.56,37.2,0.8965517241379302,0.25,2,0.5,1,1,1,1,0.35616438356164354,Your long-term sugar value is 43 millimoles per mole,all week They were Your long-term sugar value is 43 millimoles per mole Is that a good number
parakeet_v3,sample_56_yes_q01,sample_56,Has the cause of the tiredness remained unexplained?,61.66,64.2,2.5400000000000063,7,61.6,64.4,0.907142857142858,0.25,0,,1,1,1,1,0.23518518518518566,We have not identified a specific cause,That is the honest part We have not identified a specific cause So you do not
parakeet_v3,sample_56_yes_q02,sample_56,Did the COVID-19 test come back negative?,48.84,50.82,1.9799999999999969,5,48.72,51.04,0.8534482758620675,0.4,1,0.0,1,1,1,1,0.15184049079754577,your coronavirus test was negative,Normal right And your coronavirus test was negative Oh that is good
parakeet_v3,sample_56_yes_q04,sample_56,"The patient's thyroid function was checked, wasn't it?",44.92,46.5,1.5799999999999983,5,44.72,46.72,0.7899999999999991,0.2,0,,1,1,1,1,0.13079470198675486,Your thyroid tests are normal,They came back reassuring Your thyroid tests are normal Normal right
parakeet_v3,sample_56_yes_q03,sample_56,Will further measures be held off for the time being?,81.92,85.66,3.739999999999995,12,81.84,85.84,0.9349999999999987,0.2,0,,1,1,1,1,0.33876811594202877,For the moment we observe I am not starting anything further today,So what happens next For the moment we observe I am not starting anything further today Nothing at all Nothing
parakeet_v3,sample_57_yes_q05,sample_57,Will the patient continue on the current medication?,117.6,122.54,4.940000000000012,14,117.36,123.12,0.8576388888888902,1.0,0,,1,1,1,1,0.3632352941176477,You continue your lifestyle exactly as you are and you continue your current medication,Now the plan You continue your lifestyle exactly as you are and you continue your current medication Same medication
parakeet_v3,sample_57_yes_q07,sample_57,Is the diabetes considered stable?,97.54,100.0,2.4599999999999937,8,97.28,100.08,0.8785714285714272,0.6666666666666666,0,,2,0,1,1,0.22947761194029795,My assessment is that your diabetes is stable,reasoning behind it My assessment is that your diabetes is stable and that no changes are needed
parakeet_v3,sample_57_yes_q04,sample_57,Has the patient kept up the lifestyle changes?,59.74,62.1,2.3599999999999994,7,59.6,61.92,0.8719999999999999,0.5,0,,1,1,1,1,0.24789915966386541,I have kept it up I really,things you were working on I have kept it up I really have It is part of my routine
parakeet_v3,sample_57_yes_q03,sample_57,Was it concluded that no changes to treatment are needed?,117.6,122.54,4.940000000000012,14,117.36,123.12,0.8576388888888902,0.0,0,,28,0,0,0,0.3632352941176477,You continue your lifestyle exactly as you are and you continue your current medication,Now the plan You continue your lifestyle exactly as you are and you continue your current medication Same medication
parakeet_v3,sample_57_yes_q06,sample_57,Does the patient feel stable?,30.06,33.8,3.7399999999999984,7,30.0,34.0,0.9349999999999996,0.5,0,,7,0,0,0,0.31375838926174476,how have you been feeling Honestly stable,it in order First how have you been feeling Honestly stable That is the word I keep coming
parakeet_v3,sample_57_yes_q01,sample_57,Should the patient carry on with the same lifestyle?,117.6,120.1,2.5,8,117.36,120.32000000000001,0.8445945945945923,0.3333333333333333,0,,1,1,1,1,0.23148148148148154,You continue your lifestyle exactly as you are,Now the plan You continue your lifestyle exactly as you are and you continue your current
parakeet_v3,sample_57_yes_q02,sample_57,"The patient stays on the medicine already in use, correct?",120.9,122.54,1.6400000000000006,5,120.8,123.12,0.7068965517241359,0.0,0,,30,0,0,0,0.12058823529411761,you continue your current medication,lifestyle exactly as you are and you continue your current medication Same medication
parakeet_v3,sample_63_yes_q01,sample_63,Was the diabetes control judged to be good?,57.2,61.92,4.719999999999999,9,57.2,62.24,0.9365079365079364,0.75,0,,1,1,1,1,0.3259668508287293,My assessment is good diabetes control with no complications,then It is My assessment is good diabetes control with no complications Good
parakeet_v3,sample_63_yes_q02,sample_63,"The lipid profile came back normal, didn't it?",0.0,0.26,0.26,1,0.08,0.4,0.44999999999999996,0.0,0,,4,0,0,1,0.016187050359712227,Good,Good morning Anne Come in and sit
parakeet_v3,sample_63_yes_q03,sample_63,Was the HbA1c measured at 41 mmol/mol?,36.72,41.92,5.200000000000003,8,36.64,42.32,0.9154929577464794,0.25,2,0.5,1,1,1,1,0.4140127388535034,Your hemoglobin A1C is 41 millimoles per mole,all right They are Your hemoglobin A1C is 41 millimoles per mole I think that is a low number
parakeet_v3,sample_63_yes_q05,sample_63,Are annual check-ups planned to continue?,64.76,70.16,5.3999999999999915,16,64.88,70.4,0.9361702127659576,0.25,0,,1,1,1,1,0.41411042944785215,the plan is to continue your current treatment and see you again for the yearly check,Good So the plan is to continue your current treatment and see you again for the yearly check The same as before then
parakeet_v3,sample_63_yes_q04,sample_63,Did the patient report no new symptoms?,24.46,27.46,3.0,11,24.400000000000002,28.0,0.8333333333333338,0.6666666666666666,0,,1,1,1,1,0.2952755905511811,No I am not sure there is anything No new symptoms,up since we last met No I am not sure there is anything No new symptoms That is useful
parakeet_v3,sample_64_yes_q04,sample_64,Is dry skin the reason for this consultation?,39.42,41.64,2.219999999999999,8,39.44,41.92,0.8800000000000011,0.5,0,,3,0,1,1,0.25934579439252337,The skin on them has become very dry,today It is my feet The skin on them has become very dry and it has bothered me enough that
parakeet_v3,sample_64_yes_q01,sample_64,Was the condition assessed as xerosis?,72.26,73.98,1.7199999999999989,5,72.16,74.48,0.7413793103448247,0.3333333333333333,0,,1,1,1,1,0.1747967479674795,The condition is called xerrhosis,hear you say it out loud The condition is called xerrhosis It simply means dry
parakeet_v3,sample_64_yes_q03,sample_64,"A moisturizing cream was prescribed, wasn't it?",88.04,91.22,3.1799999999999926,7,88.24,91.28,0.9197530864197557,0.5,0,,1,1,1,1,0.24843749999999948,I will prescribe a moisturizing cream for,It usually does I will prescribe a moisturizing cream for you That is straightforward
parakeet_v3,sample_64_yes_q02,sample_64,Did the examination rule out any wounds?,0.0,0.16,0.16,1,0.08,0.32,0.25,0.0,0,,1,1,1,1,0.008064516129032258,Good,Good afternoon I am Dr Brun
parakeet_v3,sample_66_yes_q03,sample_66,Was the vaccination given as part of diabetes care?,31.34,35.18,3.84,12,31.04,35.28,0.9056603773584901,0.6,0,,1,1,1,1,0.39866369710467686,I am here for the influenza vaccination as part of my diabetes,what brings you in today I am here for the influenza vaccination as part of my diabetes care That is right
parakeet_v3,sample_66_yes_q04,sample_66,"The diabetes status was described as stable, wasn't it?",113.08,114.86,1.7800000000000011,5,112.96000000000001,115.44,0.7177419354838744,0.6,0,,1,1,1,1,0.15559440559440574,Your diabetes status is stable,itself how would you describe it Your diabetes status is stable Stable
parakeet_v3,sample_66_yes_q02,sample_66,Is the patient free of any reaction after the injection?,93.14,96.36,3.219999999999999,9,92.96000000000001,96.8,0.8385416666666687,0.0,0,,1,1,1,1,0.26307189542483633,Perfectly fine thank you Nothing out of the ordinary,How are you feeling Perfectly fine thank you Nothing out of the ordinary And I can see no
parakeet_v3,sample_66_yes_q01,sample_66,Will the treatment continue without changes?,116.96,122.94,5.980000000000004,20,116.88,123.36,0.9228395061728396,0.25,0,,1,1,1,1,0.5227272727272732,So I take it there is nothing that needs adjusting Nothing at all There are no changes to make today,stable Stable So I take it there is nothing that needs adjusting Nothing at all There are no changes to make today And looking ahead
parakeet_v3,sample_67_yes_q02,sample_67,"The doctor described the diabetes as stable, right?",70.32,72.42,2.1000000000000085,6,70.0,72.64,0.7954545454545485,0.5,0,,1,1,1,1,0.20192307692307762,Taken together your diabetes is stable,It is why we use it Taken together your diabetes is stable with good self-care on your
parakeet_v3,sample_67_yes_q05,sample_67,Will the treatment be continued unchanged?,89.12,90.98,1.8599999999999994,5,88.96000000000001,91.28,0.8017241379310366,0.6666666666666666,0,,1,1,1,1,0.16145833333333315,We continue your treatment unchanged,changes Nothing changes We continue your treatment unchanged and keep to the regular checkups
parakeet_v3,sample_67_yes_q04,sample_67,Is the patient's self-care considered good?,72.78,74.44,1.6599999999999966,5,72.8,74.48,0.9647058823529399,0.5,0,,1,1,1,1,0.1596153846153842,with good self-care on your,together your diabetes is stable with good self-care on your part You are confident about
parakeet_v3,sample_67_yes_q01,sample_67,Does the patient say they are doing well?,21.8,24.62,2.8200000000000003,4,21.92,24.64,0.9507042253521125,0.0,0,,3,0,1,1,0.2611111111111111,Good honestly I feel,How have you been feeling in yourself Good honestly I feel well I have kept to the diet and
parakeet_v3,sample_67_yes_q06,sample_67,Is the patient sticking to the diet and lifestyle advice?,25.36,27.72,2.3599999999999994,12,25.2,28.080000000000002,0.8194444444444435,0.5,0,,1,1,1,1,0.21851851851851845,I have kept to the diet and the lifestyle side of things,honestly I feel well I have kept to the diet and the lifestyle side of things That is not nothing
parakeet_v3,sample_67_yes_q07,sample_67,Has the weight remained stable?,39.48,40.44,0.9600000000000009,4,39.28,40.88,0.6,0.6666666666666666,0,,1,1,1,1,0.09302325581395357,Your weight is stable,and we can see it today Your weight is stable Stable compared with
parakeet_v3,sample_67_yes_q03,sample_67,Was the HbA1c 43 mmol/mol?,51.68,55.5,3.8200000000000003,7,51.52,55.52,0.9550000000000001,0.3333333333333333,2,0.5,1,1,1,1,0.28939393939393937,Your hemoglobin A1C is 43 millimoles per,and the blood test Your hemoglobin A1C is 43 millimoles per mole And what is that based
parakeet_v3,sample_69_yes_q02,sample_69,Does the patient feel well?,30.92,33.08,2.1599999999999966,5,30.88,33.28,0.8999999999999978,1.0,0,,1,1,1,1,0.2142857142857139,Well actually I feel fine,have you been feeling in yourself Well actually I feel fine That is partly why the nerves
parakeet_v3,sample_69_yes_q01,sample_69,Was the blood pressure normal?,42.5,43.68,1.1799999999999997,5,42.4,43.92,0.7763157894736824,1.0,0,,1,1,1,1,0.12938596491228072,Your blood pressure is normal,So what did you find today Your blood pressure is normal and your foot status is normal
parakeet_v3,sample_69_yes_q03,sample_69,Is the foot status normal?,44.22,45.46,1.240000000000002,5,44.160000000000004,45.68,0.815789473684214,1.0,0,,1,1,1,1,0.135964912280702,your foot status is normal,Your blood pressure is normal and your foot status is normal Both normal And you
parakeet_v3,sample_69_yes_q04,sample_69,Will the regular check-ups be continued?,68.26,69.96,1.6999999999999886,7,68.08,70.0,0.88541666666666,0.0,0,,17,0,0,0,0.20238095238095088,The plan is to continue your checkups,relief to hear it said plainly The plan is to continue your checkups and carry on with your lifestyle as
parakeet_v3,sample_69_yes_q06,sample_69,"The diabetes was judged to be stable, right?",57.68,58.9,1.2199999999999989,4,57.6,59.04,0.8472222222222228,0.6666666666666666,0,,1,1,1,1,0.10517241379310334,your diabetes is stable,Understandable Overall your diabetes is stable with no signs of complications
parakeet_v3,sample_69_yes_q05,sample_69,Are there no signs of complications?,59.28,60.52,1.240000000000002,5,59.2,60.96,0.7045454545454565,1.0,0,,1,1,1,1,0.10544217687074849,with no signs of complications,Overall your diabetes is stable with no signs of complications No complications at
parakeet_v3,sample_70_yes_q04,sample_70,"The vaccination went as planned, didn't it?",80.46000000000001,83.34,2.8799999999999955,11,80.64,83.76,0.8181818181818198,0.0,0,,21,0,0,0,0.27480916030534297,Then I can say that there were no side effects today,really Good Then I can say that there were no side effects today That is a relief
parakeet_v3,sample_70_yes_q06,sample_70,Was the vaccine actually given?,54.54,56.32,1.7800000000000011,5,54.72,56.64,0.7619047619047621,0.3333333333333333,0,,3,0,1,1,0.12570621468926566,That is the vaccination given,Okay There That is the vaccination given Exactly as planned for this
parakeet_v3,sample_70_yes_q01,sample_70,Were no further measures decided on?,116.98,118.92,1.9399999999999977,6,116.88,119.04,0.8981481481481426,0.3333333333333333,0,,1,1,1,1,0.16840277777777765,No extra measures from my side,nothing further is needed No extra measures from my side So I just go home
parakeet_v3,sample_70_yes_q05,sample_70,Is this vaccination something the patient receives annually?,19.48,25.54,6.059999999999999,14,19.36,25.6,0.9711538461538456,0.25,0,,5,0,0,1,0.4353448275862068,You are here for your yearly influenza vaccination is that correct Yes the annual,Right on to today You are here for your yearly influenza vaccination is that correct Yes the annual one Good That is
parakeet_v3,sample_70_yes_q02,sample_70,Can the patient leave without any additional treatment?,116.98,124.66,7.679999999999993,18,116.88,125.12,0.9320388349514543,0.0,0,,26,0,0,0,0.5680473372781061,No extra measures from my side So I just go home Exactly Nothing more follows from today's visit,nothing further is needed No extra measures from my side So I just go home Exactly Nothing more follows from today's visit Good Take
parakeet_v3,sample_70_yes_q03,sample_70,Is the patient free of side effects after the vaccine?,80.46000000000001,83.34,2.8799999999999955,11,80.64,83.76,0.8181818181818198,0.5,0,,1,1,1,1,0.27480916030534297,Then I can say that there were no side effects today,really Good Then I can say that there were no side effects today That is a relief
parakeet_v3,sample_71_yes_q03,sample_71,Did the creatinine come back normal?,78.86,80.46,1.5999999999999943,4,78.72,80.8,0.7692307692307672,0.5,0,,2,0,1,1,0.15748031496062942,Your creatinine is normal,one the one you always check for me Your creatinine is normal Well that is all three of them
parakeet_v3,sample_71_yes_q04,sample_71,Was the HbA1c 42 mmol/mol?,53.7,57.78,4.079999999999998,8,53.52,58.0,0.9107142857142859,0.3333333333333333,2,0.5,1,1,1,1,0.4112903225806449,Your hemoglobin A1C is 42 millimoles per mole,been curious about them all week Your hemoglobin A1C is 42 millimoles per mole And that is a good one
parakeet_v3,sample_71_yes_q05,sample_71,Are there no signs of complications?,89.46,91.64,2.180000000000007,7,89.36,92.0,0.8257575757575781,1.0,0,,1,1,1,1,0.21124031007752017,and there are no signs of complications,your diabetes is stable and there are no signs of complications No complications
parakeet_v3,sample_71_yes_q01,sample_71,Is the LDL cholesterol 2.2 mmol/L?,70.34,74.32,3.9799999999999898,8,70.24,74.48,0.9386792452830145,0.75,1,1.0,1,1,1,1,0.35791366906474714,Your LDL cholesterol is 2.2 millimoles per liter,might have drifted since last time Your LDL cholesterol is 2.2 millimoles per liter Right And the kidney
parakeet_v3,sample_71_yes_q02,sample_71,"The diabetes was described as stable, right?",85.68,88.92,3.239999999999995,9,85.76,89.2,0.8977272727272728,0.6666666666666666,0,,1,1,1,1,0.31395348837209275,So my assessment is that your diabetes is stable,themselves I will take that gladly So my assessment is that your diabetes is stable and there are no signs of
parakeet_v3,sample_75_yes_q01,sample_75,Does the patient deny any known exposure to COVID-19?,45.06,46.48,1.4199999999999946,6,44.96,46.64,0.8452380952380921,0.0,1,0.0,1,1,1,1,0.16284403669724712,No none that I know of,Anyone around you who has had it No none that I know of Thank you I will look at your
parakeet_v3,sample_75_yes_q02,sample_75,Is the patient also feeling tired?,31.08,31.94,0.860000000000003,4,31.04,32.08,0.8269230769230804,0.5,0,,1,1,1,1,0.09598214285714318,I have been tired,going on A sore throat and I have been tired A few days now A few
parakeet_v3,sample_75_yes_q04,sample_75,Were rest and fluids recommended?,81.4,83.6,2.1999999999999886,8,81.44,83.92,0.8571428571428571,0.6666666666666666,0,,1,1,1,1,0.2217741935483859,The plan is rest and plenty of fluids,clear so far It is The plan is rest and plenty of fluids No antibiotics are needed
parakeet_v3,sample_75_yes_q03,sample_75,Has the patient had a sore throat for a few days?,29.62,35.9,6.279999999999998,20,29.6,36.08,0.9691358024691359,1.0,0,,1,1,1,1,0.6885964912280701,A sore throat and I have been tired A few days now A few days of sore throat and tiredness,So what has been going on A sore throat and I have been tired A few days now A few days of sore throat and tiredness Is there anything you would connect it
parakeet_v3,sample_77_yes_q02,sample_77,Did the patient receive a tetanus vaccination?,77.72,80.36,2.6400000000000006,9,77.60000000000001,80.48,0.9166666666666683,0.6666666666666666,0,,1,1,1,1,0.272727272727273,I have also given you a tetanus vaccination today,That is the treatment for this I have also given you a tetanus vaccination today Tetanus because of the thorn
parakeet_v3,sample_77_yes_q03,sample_77,Was the infection judged to follow a penetrating trauma?,49.56,52.96,3.3999999999999986,11,49.44,53.120000000000005,0.9239130434782588,0.2,0,,1,1,1,1,0.3269230769230768,The thorn broke the skin and the infection came after that,following the penetrating injury The thorn broke the skin and the infection came after that An infection That
parakeet_v3,sample_77_yes_q07,sample_77,Have about two weeks passed since the injury?,16.5,17.3,0.8000000000000007,4,16.48,17.44,0.8333333333333334,0.4,1,1.0,2,0,1,1,0.10000000000000009,about two weeks ago,toe I pricked it on a thorn about two weeks ago and now I think it has become infected
parakeet_v3,sample_77_yes_q04,sample_77,Did the trouble start after the patient pricked themselves on a thorn?,15.14,19.3,4.16,18,14.96,19.6,0.8965517241379309,0.4,0,,1,1,1,1,0.4999999999999999,I pricked it on a thorn about two weeks ago and now I think it has become infected,you It is my big toe I pricked it on a thorn about two weeks ago and now I think it has become infected Two weeks ago on
parakeet_v3,sample_77_yes_q06,sample_77,"The patient was treated with penicillin, correct?",67.84,69.56,1.7199999999999989,6,67.76,69.60000000000001,0.9347826086956498,0.3333333333333333,0,,1,1,1,1,0.19026548672566346,We are treating it with penicillin,unclear Yes please do We are treating it with penicillin Penicillin And that is
parakeet_v3,sample_77_yes_q05,sample_77,Is a foreign body ruled out?,32.7,34.9,2.1999999999999957,9,32.72,35.2,0.8719999999999999,0.6666666666666666,0,,1,1,1,1,0.2522935779816509,There is no foreign body left in the toe,now and that is what matters There is no foreign body left in the toe So no piece of the thorn
parakeet_v3,sample_77_yes_q01,sample_77,Does the patient have an infection in the big toe?,49.56,52.96,3.3999999999999986,11,49.44,53.120000000000005,0.9239130434782588,0.3333333333333333,0,,4,0,0,1,0.3269230769230768,The thorn broke the skin and the infection came after that,following the penetrating injury The thorn broke the skin and the infection came after that An infection That
parakeet_v3,sample_79_yes_q02,sample_79,Is chondromalacia patellae suspected on clinical grounds?,82.96,87.4,4.440000000000012,7,82.88,86.88,0.86725663716814,0.0,0,,5,0,0,1,0.38013698630137066,I suspect a condition called chondromalasia patelli,there From what you describe I suspect a condition called chondromalasia patelli That is softening or
parakeet_v3,sample_79_yes_q05,sample_79,Do the pains come and go rather than being constant?,24.72,28.16,3.4400000000000013,12,24.64,28.400000000000002,0.9148936170212766,0.0,0,,13,0,0,0,0.40196078431372545,I keep getting pain behind my right kneecap and it keeps coming,today It is my knee I keep getting pain behind my right kneecap and it keeps coming back It is not there all the
parakeet_v3,sample_79_yes_q03,sample_79,Does the patient have pain behind the kneecap?,24.72,26.9,2.1799999999999997,8,24.64,27.04,0.9083333333333338,1.0,0,,1,1,1,1,0.24754901960784298,I keep getting pain behind my right kneecap,today It is my knee I keep getting pain behind my right kneecap and it keeps coming back
parakeet_v3,sample_79_yes_q01,sample_79,Did the patient show up in person for the consultation?,0.0,2.8,2.8,6,0.0,2.8000000000000003,0.9999999999999999,0.0,0,,4,0,0,1,0.2671755725190839,Louise come in Good to see,Louise come in Good to see you Last time you were telling me
parakeet_v3,sample_79_yes_q04,sample_79,Was the suspicion reached without imaging?,80.88,87.4,6.52000000000001,12,80.88,86.88,0.9202453987730047,0.0,0,,28,0,0,0,0.5582191780821923,there From what you describe I suspect a condition called chondromalasia patelli,So what do you think is going on in there From what you describe I suspect a condition called chondromalasia patelli That is softening or
parakeet_v3,sample_81_yes_q02,sample_81,Is a viral cause thought to be the most likely explanation?,63.88,68.32,4.439999999999991,11,63.76,68.48,0.9406779661016917,0.5,0,,1,1,1,1,0.408088235294117,My assessment is that this is most likely a viral gastroenteritis,So what is your conclusion My assessment is that this is most likely a viral gastroenteritis Most likely So you
parakeet_v3,sample_81_yes_q03,sample_81,Did the patient receive advice about fluid intake?,86.58,89.34,2.760000000000005,11,86.48,89.60000000000001,0.8846153846153849,0.75,0,,1,1,1,1,0.3108108108108115,I want to give you instead is advice on fluid intake,That is right What I want to give you instead is advice on fluid intake and on treating the symptoms
parakeet_v3,sample_81_yes_q01,sample_81,Does the patient describe symptoms of gastroenteritis?,12.62,14.64,2.0200000000000014,5,12.56,14.8,0.9017857142857149,0.6666666666666666,0,,2,0,1,1,0.21581196581196596,All the usual gastroenteritis symptoms,looks like a stomach bug honestly All the usual gastroenteritis symptoms Tell me a little more about what
parakeet_v3,sample_81_yes_q04,sample_81,Was gastroenteritis the diagnosis arrived at?,63.88,68.32,4.439999999999991,11,63.76,68.48,0.9406779661016917,0.3333333333333333,0,,1,1,1,1,0.408088235294117,My assessment is that this is most likely a viral gastroenteritis,So what is your conclusion My assessment is that this is most likely a viral gastroenteritis Most likely So you
parakeet_v3,sample_82_yes_q03,sample_82,"The lesions will be treated with freezing, right?",65.96,67.4,1.440000000000012,6,65.84,67.84,0.720000000000006,0.3333333333333333,0,,1,1,1,1,0.12080536912751784,I will treat them with freezing,What happens next I will treat them with freezing What does that involve
parakeet_v3,sample_82_yes_q01,sample_82,Do the elements resemble molluscs?,52.66,55.56,2.9000000000000057,5,52.56,55.92,0.8630952380952399,0.0,0,,13,0,0,0,0.22376543209876584,My suspicion is molluscum contagiosum,thorax What are they My suspicion is molluscum contagiosum It is a common viral skin
parakeet_v3,sample_82_yes_q02,sample_82,Has the patient noticed a wart-like growth?,27.16,28.46,1.3000000000000007,7,27.04,28.72,0.7738095238095244,0.0,0,,1,1,1,1,0.14008620689655182,It looks a bit like a wart,growth in the middle of my chest It looks a bit like a wart Is there anything else
parakeet_v3,sample_82_yes_q04,sample_82,Were three small lesions seen in the same area of the thorax?,40.24,45.36,5.119999999999997,15,40.160000000000004,45.68,0.9275362318840582,0.7142857142857143,1,1.0,1,1,1,1,0.48120300751879674,I can see three small lesions all in the same area on the chest wall,chest Of course I can see three small lesions all in the same area on the chest wall So three as I
parakeet_v3,sample_84_yes_q02,sample_84,Was it the patient's grandfather who died of a heart attack?,20.3,23.42,3.120000000000001,11,20.080000000000002,23.84,0.829787234042554,0.8,0,,1,1,1,1,0.2811918063314711,My grandfather on my father's side died of a heart attack,is my family really My grandfather on my father's side died of a heart attack and he was only 52
parakeet_v3,sample_84_yes_q04,sample_84,Does the patient exercise regularly?,78.28,79.52,1.2399999999999949,3,78.32000000000001,79.84,0.7692307692307608,0.5,0,,1,1,1,1,0.10915492957746434,I train regularly,myself And exercise I train regularly That part I am actually
parakeet_v3,sample_84_yes_q06,sample_84,Will both blood tests and an ECG be carried out?,193.64,201.3,7.660000000000025,20,193.6,201.6,0.9575000000000031,0.25,0,,1,1,1,1,0.5566860465116289,I will take blood samples and I will record an electrocardiogram which is a tracing of the heart's electrical activity,to do Two things I will take blood samples and I will record an electrocardiogram which is a tracing of the heart's electrical activity An electrocardiogram
parakeet_v3,sample_84_yes_q05,sample_84,Was the blood pressure measured at 138 over 83?,119.92,122.96,3.039999999999992,8,119.76,123.44,0.8260869565217386,0.6666666666666666,2,1.0,1,1,1,1,0.2533333333333327,I have measured it at 138 over 83,next Your blood pressure I have measured it at 138 over 83 Is that bad
parakeet_v3,sample_84_yes_q01,sample_84,Does the patient report cardiovascular disease in the family?,27.86,31.68,3.8200000000000003,9,27.84,32.0,0.9182692307692308,0.75,0,,1,1,1,1,0.36450381679389315,So there is cardiovascular disease in your family Yes,Thank you for telling me So there is cardiovascular disease in your family Yes And ever since I
parakeet_v3,sample_84_yes_q03,sample_84,Did that grandfather die at the age of 52?,20.3,25.38,5.079999999999998,16,20.080000000000002,25.76,0.8943661971830983,0.5,1,1.0,1,1,1,1,0.4636871508379886,My grandfather on my father's side died of a heart attack and he was only 52,is my family really My grandfather on my father's side died of a heart attack and he was only 52 Thank you for telling me
parakeet_v3,sample_84_yes_q07,sample_84,Is the patient otherwise healthy and living a healthy life?,69.72,79.52,9.799999999999997,25,69.52,79.84,0.9496124031007742,0.25,0,,1,1,1,1,0.8561403508771918,I am healthy as far as I know No illnesses at all I eat well and I look after myself And exercise I train regularly,tell me about your own health I am healthy as far as I know No illnesses at all I eat well and I look after myself And exercise I train regularly That part I am actually
parakeet_v3,sample_86_yes_q01,sample_86,Is the patient free of fever?,35.14,35.74,0.6000000000000014,2,35.04,36.0,0.6250000000000009,0.5,0,,1,1,1,1,0.06355932203389847,No fever,had any fever with it No fever Nothing like that at all
parakeet_v3,sample_86_yes_q03,sample_86,"Both testicles felt normal at the examination, correct?",66.5,69.94,3.4399999999999977,10,66.32000000000001,70.4,0.8431372549019606,0.4,0,,1,1,1,1,0.2559523809523808,The testicles themselves feel normal to me on both sides,what you describe yes The testicles themselves feel normal to me on both sides Normal on
parakeet_v3,sample_86_yes_q02,sample_86,Was a small swelling found around the epididymis?,50.66,54.7,4.040000000000006,11,50.96,54.88,0.8862559241706154,0.8,0,,1,1,1,1,0.3796992481203013,I can feel a small swelling around the epididymis on the,of course Go ahead I can feel a small swelling around the epididymis on the right and there is slight tenderness
parakeet_v3,sample_90_yes_q04,sample_90,Does the doctor consider the change harmless?,27.84,28.98,1.1400000000000006,4,27.76,29.44,0.678571428571429,0.5,0,,1,1,1,1,0.11680327868852468,the change looks harmless,be honest From the picture the change looks harmless Harmless So
parakeet_v3,sample_90_yes_q03,sample_90,Did the patient notice a new mole?,14.46,16.42,1.9600000000000009,9,14.48,16.64,0.8899082568807346,0.6666666666666666,0,,1,1,1,1,0.22072072072072085,I have got a new mole on my thigh,is that right I did I have got a new mole on my thigh and it is quite large
parakeet_v3,sample_90_yes_q01,sample_90,Was a photo sent in for assessment?,10.46,12.1,1.6399999999999988,7,10.32,12.08,0.9101123595505617,0.3333333333333333,0,,1,1,1,1,0.19902912621359203,You sent a photograph through to us,getting back to me Not at all You sent a photograph through to us is that right I did
parakeet_v3,sample_90_yes_q05,sample_90,Has the doctor reviewed the photograph?,20.08,21.92,1.8400000000000034,7,20.080000000000002,22.400000000000002,0.7931034482758607,0.3333333333333333,0,,3,0,1,1,0.19166666666666698,I have looked at the photograph carefully,large Thank you for sending it I have looked at the photograph carefully And I
parakeet_v3,sample_90_yes_q02,sample_90,Is the mole located on the thigh?,14.46,16.42,1.9600000000000009,9,14.48,16.64,0.8899082568807346,0.6666666666666666,0,,1,1,1,1,0.22072072072072085,I have got a new mole on my thigh,is that right I did I have got a new mole on my thigh and it is quite large
parakeet_v3,sample_92_yes_q03,sample_92,Has a urine sample been sent off for albumin/creatinine ratio analysis?,108.62,110.98,2.3599999999999994,7,108.48,111.36,0.8194444444444455,0.42857142857142855,0,,1,1,1,1,0.22014925373134325,I'm sending a urine sample for analysis,I want it looked at properly I'm sending a urine sample for analysis What are they looking for
parakeet_v3,sample_92_yes_q02,sample_92,Does the patient work as a staff manager in a retail chain?,74.38,78.22,3.8400000000000034,12,74.32000000000001,78.4,0.9411764705882365,1.0,0,,1,1,1,1,0.4067796610169496,work is still the staff manager role in the retail chain Yes,That is a good deal And work is still the staff manager role in the retail chain Yes Still that Let me take
parakeet_v3,sample_92_yes_q01,sample_92,Did the patient ask to have his cholesterol level checked?,23.24,26.38,3.1400000000000006,10,23.12,26.560000000000002,0.9127906976744184,0.75,0,,1,1,1,1,0.32172131147540994,My cholesterol I think I would like the level checked,What did you want us to look at My cholesterol I think I would like the level checked Of course Do
parakeet_v3,sample_92_yes_q04,sample_92,Was the previous LDL value 3.9?,30.92,33.0,2.0799999999999983,4,30.8,33.04,0.9285714285714285,0.5,1,1.0,1,1,1,1,0.18439716312056725,My LDL was 3.9,remember what it was last time My LDL was 3.9 That was back in 2021
parakeet_v3,sample_95_yes_q02,sample_95,Were blood tests taken at this visit?,38.92,40.52,1.6000000000000014,7,38.72,40.72,0.8000000000000007,0.5,0,,3,0,1,1,0.18181818181818205,We have taken your blood test today,What does that mean for today We have taken your blood test today as part of the follow-up Yes
parakeet_v3,sample_95_yes_q03,sample_95,Has the patient been free of side effects?,25.52,27.76,2.240000000000002,6,25.52,27.92,0.9333333333333333,0.6666666666666666,0,,3,0,1,1,0.20895522388059715,any side effects at all None,going fine Good And any side effects at all None Nothing I have noticed
parakeet_v3,sample_95_yes_q01,sample_95,"The treatment is considered well tolerated, right?",32.22,34.26,2.039999999999999,8,32.08,34.480000000000004,0.8499999999999976,0.75,0,,1,1,1,1,0.21982758620689644,we can say the treatment is well tolerated,is what I hope to hear So we can say the treatment is well tolerated That was my impression too
medasr,sample_4_yes_q03,sample_4,Did the patient attend for an annual asthma follow-up?,21.62,26.24,4.619999999999997,11,21.74245472837022,26.249496981891348,0.9714976139356593,0.5,0,,1,1,1,1,0.45324516383734686,so this is your annual followup. It is for the asthma,running on time for once. so this is your annual followup. It is for the asthma exactly that
medasr,sample_4_yes_q07,sample_4,Is the heart examination without abnormal findings?,43.5,44.98,1.4799999999999969,4,43.5251509054326,44.85311871227364,0.89727554516287,0.2,0,,1,1,1,1,0.11863870967741912,Nothing abnormal to report,heart both sound normal. Nothing abnormal to report good. I havelf
medasr,sample_4_yes_q06,sample_4,Was the patient listened to with a stethoscope?,28.520000000000003,42.72,14.199999999999996,32,29.06639839034205,42.76056338028169,0.958782405235703,0.0,0,,4,0,0,1,0.8595233372063372,"let me listen to your chest and your heart and then we will talk go ahead, Breathe normally for me. and again is it alright. Your chest and heart both sound normal.","exactly that let me listen to your chest and your heart and then we will talk go ahead, Breathe normally for me. and again is it alright. Your chest and heart both sound normal. Nothing abnormal to report"
medasr,sample_4_yes_q05,sample_4,Were the lungs found to be normal on auscultation?,40.68,44.98,4.299999999999997,11,40.587525150905435,44.85311871227364,0.9500609236576193,0.25,0,,1,1,1,1,0.3446935483870966,Your chest and heart both sound normal. Nothing abnormal to report,is it alright. Your chest and heart both sound normal. Nothing abnormal to report good. I havelf
medasr,sample_4_yes_q02,sample_4,Are the patient's asthma findings stable at this visit?,51.48,54.4,2.9200000000000017,9,51.61368209255533,54.5513078470825,0.9072089305835787,0.2,0,,1,1,1,1,0.24489368882888987,This is what is stable annual check looks like.,Nothing has. This is what is stable annual check looks like. so what happens with my
medasr,sample_4_yes_q01,sample_4,Will the current treatment continue unchanged?,55.64,61.64,6.0,14,55.60965794768612,60.96177062374245,0.8824989656599085,0.25,0,,1,1,1,1,0.5171696149843914,what happens with my treatment. No changes. you carry on exactly as you are.,check looks like. so what happens with my treatment. No changes. you carry on exactly as you are. Nothing at all I suppose
medasr,sample_4_yes_q04,sample_4,Does the visit concern asthma?,24.88,26.24,1.3599999999999994,5,24.921529175050303,26.249496981891348,0.9627409496944032,0.3333333333333333,0,,1,1,1,1,0.13342281879194628,It is for the asthma,your annual followup. It is for the asthma exactly that
medasr,sample_5_yes_q01,sample_5,Does the patient take pantoprazole for reflux?,47.08,52.84,5.760000000000005,18,47.1066398390342,52.820925553319924,0.9920634920634926,0.6666666666666666,0,,1,1,1,1,0.5718577706751903,"and then the anti-inflamatory gave me reflux on top, which is why you are on pantoprazole for that","that is the frustrating part and then the anti-inflamatory gave me reflux on top, which is why you are on pantoprazole for that exactly yes,"
medasr,sample_5_yes_q05,sample_5,Is the patient still in pain despite regular Ibumetin and Panodil?,36.42,41.58,5.159999999999997,14,36.43058350100604,41.5533199195171,0.9927783756804387,0.3333333333333333,0,,1,1,1,1,0.44322848254407154,the pain has just carried on regardless despite taking the ibumin and the Panidil,2017 and honestly the pain has just carried on regardless despite taking the ibumin and the Panidil regularly despite both
medasr,sample_5_yes_q02,sample_5,Will the NSAID treatment be continued under cover of a proton pump inhibitor?,142.44,147.88,5.439999999999998,12,142.579476861167,147.70221327967806,0.9416794886968878,0.0,0,,36,0,0,0,0.5057388701833144,"For the pain, you continue the with the stomach protection alongside it","then we will not refer you. For the pain, you continue the with the stomach protection alongside it and is there anything I need to come back"
medasr,sample_5_yes_q06,sample_5,Did the patient undergo surgery for a cervical disc prolapse in 2017?,32.06,34.98,2.9199999999999946,7,32.04426559356137,34.94164989939638,0.9815771798281104,0.6666666666666666,1,1.0,1,1,1,1,0.2482449538145736,the cervical disc prolapse operated in 2017,operation. That is right. the cervical disc prolapse operated in 2017 and honestly the pain has just
medasr,sample_5_yes_q03,sample_5,Was muscle tension found in the neck and shoulders?,102.68,105.42,2.739999999999995,10,102.79678068410463,105.61368209255534,0.8941729993690156,0.8,0,,1,1,1,1,0.25377935147223235,I can feel muscle tension in your neck and shoulders.,and standing are normal. I can feel muscle tension in your neck and shoulders. That tension is exactly
medasr,sample_5_yes_q04,sample_5,Are the menopausal symptoms treated with Activelle?,70.44,73.82,3.3799999999999955,10,70.37826961770624,73.93158953722335,0.9512231030577549,0.5,0,,1,1,1,1,0.3382722513089004,"Then the menopausal symptoms which you are taking Activel for,","there. God. Then the menopausal symptoms which you are taking Activel for, yes and my hands have"
medasr,sample_6_yes_q03,sample_6,Was the patient's voice noted to sound congested?,24.4,26.34,1.9400000000000013,4,24.720321931589538,26.2897384305835,0.8089775768010113,0.4,0,,1,1,1,1,0.1967714285714287,"you do sound congested,","first. you do sound congested, that is all you were going by,"
medasr,sample_6_yes_q04,sample_6,Are four daily doses of one million IU of penicillin planned?,62.9,69.68,6.780000000000008,14,63.014084507042256,69.77464788732394,0.9696373693915196,0.5,3,0.6666666666666666,1,1,1,1,0.5542203947368427,"for the sinuses, penicillin 1 million in units four times daily for seven days,","rather hear that than the other way round for the sinuses, penicillin 1 million in units four times daily for seven days, which is what I asked for,"
medasr,sample_6_yes_q05,sample_6,Does the patient also have a fungal infection in the mouth?,72.96,77.6,4.640000000000001,10,73.20863309352518,77.68057553956835,0.9302609119726859,0.3333333333333333,0,,4,0,0,1,0.39020688157445643,"and fluconazole 50 mg for seven days for the mouth,","asked for, it is and fluconazole 50 mg for seven days for the mouth, both for a week"
medasr,sample_6_yes_q07,sample_6,Did the patient ask for penicillin?,17.9,19.18,1.2800000000000011,4,18.06841046277666,19.207243460764587,0.8503309219639811,0.5,0,,2,0,1,1,0.12862110796603327,I want penicillin it.,together noted. I want penicillin it. I know what this is by now.
medasr,sample_6_yes_q01,sample_6,Will the patient take Fluconazole 50 mg?,73.52,77.6,4.079999999999998,9,73.61151079136691,77.68057553956835,0.9586388158804766,0.75,1,1.0,1,1,1,1,0.3431129475913322,"fluconazole 50 mg for seven days for the mouth,","for, it is and fluconazole 50 mg for seven days for the mouth, both for a week"
medasr,sample_6_yes_q02,sample_6,Is the patient complaining of sinus symptoms?,9.06,12.28,3.219999999999999,6,6.559356136820925,12.313883299798793,0.5595594405594404,0.0,0,,3,0,1,1,0.20622938144329891,asinuses blocked aching the whole business,asinuses blocked aching the whole business and I have got thrush in my
medasr,sample_6_yes_q06,sample_6,Has penicillin been prescribed for seven days?,64.18,69.68,5.5,11,64.22132796780684,69.77464788732394,0.9756953685255414,0.75,1,1.0,1,1,1,1,0.44958881578947363,"penicillin 1 million in units four times daily for seven days,","round for the sinuses, penicillin 1 million in units four times daily for seven days, which is what I asked for,"
medasr,sample_10_yes_q01,sample_10,Does the patient need continued treatment?,63.18,64.58,1.3999999999999986,4,62.04828973843058,64.62374245472837,0.5435937499999989,0.3333333333333333,0,,2,0,1,1,0.11069042316258339,situation.Youed continue the treatment,as a stable situation.Youed continue the treatment you on carry on
medasr,sample_10_yes_q02,sample_10,Were the lungs and heart normal on auscultation?,53.76,57.56,3.8000000000000043,12,52.94164989939638,57.501006036217305,0.8100308453723236,0.75,0,,1,1,1,1,0.3004454342984413,alright.You lungs and your heart both sound normal. Noing abnormal on lising,is everything alright.You lungs and your heart both sound normal. Noing abnormal on lising is relie
medasr,sample_10_yes_q03,sample_10,"Are the patient's complaints unchanged, with nothing new reported?",22.2,23.56,1.3599999999999994,3,22.346076458752513,23.67404426559356,0.8235326235326232,0.3333333333333333,0,,1,1,1,1,0.12899236641221368,No nothing new.,"up, any new symptoms? No nothing new. Should there be"
medasr,sample_17_yes_q03,sample_17,Is the medicine to be taken after a meal?,46.1,47.52,1.4200000000000017,6,46.22132796780684,48.59557344064386,0.5203902281706051,0.3333333333333333,0,,1,1,1,1,0.10814281336193703,"you take it after a meal,ter","daily for two weeks, you take it after a meal,ter a meal every"
medasr,sample_17_yes_q02,sample_17,Should the daily dose be 100 mg?,42.84,44.42,1.5799999999999983,3,42.800804828973845,44.41046277665996,0.9699033228123366,0.5,1,0.0,1,1,1,1,0.12032791909285924,10 mg daily,"Sporinox 10 mg daily for two weeks, you"
medasr,sample_17_yes_q01,sample_17,Will the treatment last two weeks?,48.18,50.7,2.520000000000003,8,47.30784708249497,50.688128772635814,0.7393914229788243,0.5,1,1.0,1,1,1,1,0.18732120182828293,"meal,ter a meal every day for two weeks,","you take it after a meal,ter a meal every day for two weeks, exactly right,"
medasr,sample_18_yes_q04,sample_18,Should kidney function be monitored?,41.82,45.58,3.759999999999998,11,41.63380281690141,45.69818913480886,0.9251089108910877,0.6666666666666666,0,,1,1,1,1,0.31249498327759195,means we should monitor your blood pressure and your kidney function.,"that harming me, it means we should monitor your blood pressure and your kidney function. That is the sensible"
medasr,sample_18_yes_q02,sample_18,Did the patient ask for a renewal of the Ibumetin prescription?,17.24,18.5,1.2600000000000016,1,16.338028169014084,18.6317907444668,0.5493157894736846,0.0,0,,4,0,0,1,0.06111848526254156,forined,forined alright
medasr,sample_18_yes_q01,sample_18,Has the Ibumetin prescription been issued?,69.38,72.04,2.660000000000011,5,69.53319919517102,72.18913480885311,0.8923746902173179,0.3333333333333333,0,,1,1,1,1,0.2063721511083368,yes. The prescription is created.,"renew the albuuninible toda, yes. The prescription is created. Does that plan sound"
medasr,sample_18_yes_q07,sample_18,Is the patient also taking Pantoprazole?,20.92,26.3,5.379999999999999,12,20.93762575452716,26.088531187122737,0.9574173666534528,1.0,0,,1,1,1,1,0.260966230724185,and you are still taking pantoprazole alongside it yes every day with,"alright and you are still taking pantoprazole alongside it yes every day with good. Now,"
medasr,sample_18_yes_q06,sample_18,Will the blood tests include cholesterol and blood sugar?,62.5,65.94,3.4399999999999977,7,62.49094567404427,65.95171026156942,0.9940000000000002,0.6,0,,1,1,1,1,0.2677231443783275,"We check kidneys, cholesterol, and blood sugar","book a time for those. We check kidneys, cholesterol, and blood sugar and you will still renew the albuuninible"
medasr,sample_18_yes_q03,sample_18,Does the doctor consider the NSAID use long-standing and high?,33.0,38.66,5.659999999999997,12,33.010060362173036,38.53521126760563,0.9761750716312014,0.0,0,,3,0,1,1,0.45181818181818145,You have used anti-inflamatory pain killers heavily and for a long time.,"with you about. You have used anti-inflamatory pain killers heavily and for a long time. I that harming me,"
medasr,sample_18_yes_q05,sample_18,Was blood pressure to be measured at home over three days?,50.74,55.1,4.359999999999999,14,50.88933601609658,55.074446680080484,0.9598877669687859,0.8571428571428571,1,1.0,1,1,1,1,0.44531853678586114,I would like you to measure your blood pressure at home over three days,"How do we go about that, I would like you to measure your blood pressure at home over three days I can do that and"
medasr,sample_19_yes_q04,sample_19,Is the patient still being treated for asthma?,26.3,28.12,1.8200000000000003,7,26.490945674044266,28.181086519114686,0.8660177559097247,1.0,0,,1,1,1,1,0.1507566666666667,I am still being treated for asthma,"fine anything else. I am still being treated for asthma and for reflux,"
medasr,sample_19_yes_q01,sample_19,Were three prescriptions renewed in total?,68.24,71.64,3.4000000000000057,7,68.24547283702213,71.90744466800805,0.925583742977525,0.5,1,1.0,1,1,1,1,0.27141021522647,"Actonvil, Aromeir, and esomeprazole, all three renewed.","prescriptions will I get, Actonvil, Aromeir, and esomeprazole, all three renewed. The esomeprazole"
medasr,sample_19_yes_q02,sample_19,Has Esomeprazole been renewed as well?,68.24,71.64,3.4000000000000057,7,68.24547283702213,71.90744466800805,0.925583742977525,0.6666666666666666,0,,1,1,1,1,0.27141021522647,"Actonvil, Aromeir, and esomeprazole, all three renewed.","prescriptions will I get, Actonvil, Aromeir, and esomeprazole, all three renewed. The esomeprazole"
medasr,sample_19_yes_q03,sample_19,Is Airomir among the renewed medicines?,68.24,71.64,3.4000000000000057,7,68.24547283702213,71.90744466800805,0.925583742977525,0.25,0,,1,1,1,1,0.27141021522647,"Actonvil, Aromeir, and esomeprazole, all three renewed.","prescriptions will I get, Actonvil, Aromeir, and esomeprazole, all three renewed. The esomeprazole"
medasr,sample_20_yes_q01,sample_20,Was Ibumetin renewed as well?,182.44,186.3,3.8600000000000136,10,182.53521126760563,186.11670020120724,0.9278468739900498,0.3333333333333333,0,,1,1,1,1,0.371786821705428,I am creating prescriptions for both pamel and ibumetin now,"doing, Yes. I am creating prescriptions for both pamel and ibumetin now and they will be waiting for you at"
medasr,sample_20_yes_q05,sample_20,Is Pamol one of the medicines requested?,182.44,184.98,2.539999999999992,7,182.53521126760563,184.8692152917505,0.9188992221042787,0.0,1,0.0,40,0,0,0,0.2446472868217049,I am creating prescriptions for both pamel,"doing, Yes. I am creating prescriptions for both pamel and ibumetin now and they"
medasr,sample_20_yes_q02,sample_20,Has the pain problem been described as stable?,102.3,105.02,2.719999999999999,9,102.51509054325956,105.0503018108652,0.9107762089399328,0.75,0,,2,0,1,1,0.2714538152610442,Then we are looking at a stable pain problem,turned up to alm me Then we are looking at a stable pain problem with a continued need for
medasr,sample_20_yes_q04,sample_20,Does the patient still need pain relief?,105.56,107.46,1.8999999999999915,7,105.53319919517102,107.66599597585514,0.8908490566037643,0.75,0,,2,0,1,1,0.11260434056761212,with a continued need for pain relief.,a stable pain problem with a continued need for pain relief. That is a
medasr,sample_20_yes_q03,sample_20,Were both prescriptions issued?,182.44,184.5,2.0600000000000023,6,182.53521126760563,184.4265593561368,0.9181301400636758,0.5,0,,1,1,1,1,0.19841472868217094,I am creating prescriptions for both,"doing, Yes. I am creating prescriptions for both pamel and ibumetin now"
medasr,sample_23_yes_q03,sample_23,Was a skin wart found under the right breast?,23.12,25.66,2.539999999999999,10,23.11066398390342,25.645875251509054,0.9907973039099617,0.8,0,,1,1,1,1,0.28560633484162884,The one under your right breast is a skin wart,let me look at them. The one under your right breast is a skin wart about 1 cm and
medasr,sample_23_yes_q05,sample_23,Has the patient been informed about the risk of scarring and infection?,75.26,79.54,4.280000000000001,18,75.25955734406439,79.64587525150905,0.9757614678899096,0.5,0,,1,1,1,1,0.49630424638357445,There will be a scar where each one is removed and there is a risk of infection afterwards.,hear the downside now. There will be a scar where each one is removed and there is a risk of infection afterwards. You should know both before we
medasr,sample_23_yes_q02,sample_23,Does the patient want the skin changes removed?,85.28,88.5,3.219999999999999,12,84.95774647887325,88.579476861167,0.889077777777781,0.0,0,,22,0,0,0,0.3094802348246368,"risk, I would still rather have them off than keep catching them,","a scar and an infection risk, I would still rather have them off than keep catching them, understod. Then the"
medasr,sample_23_yes_q04,sample_23,Is an appointment for the removal going to be arranged?,90.2,92.2,2.0,7,90.30985915492957,92.18581673306772,0.9379787890690778,0.5,0,,4,0,0,1,0.20029417218089657,Then the appointment removal is the plan.,"catching them, understod. Then the appointment removal is the plan. Go. Any idea"
medasr,sample_23_yes_q06,sample_23,Do the changes on the abdomen and lower leg resemble seborrheic keratoses?,43.44,45.58,2.1400000000000006,5,43.48490945674044,45.6579476861167,0.9446077364104798,0.2857142857142857,0,,1,1,1,1,0.20773046874999998,"The look like seborrheic keratoses,","What do you think they are. The look like seborrheic keratoses, that is a common harmless"
medasr,sample_23_yes_q01,sample_23,Were the skin changes judged to be benign?,53.3,56.2,2.9000000000000057,9,53.42454728370221,56.25352112676056,0.9397097894951991,0.75,0,,1,1,1,1,0.2811744049941479,My assessment is that these are benign skin changes.,I am describing what I see. My assessment is that these are benign skin changes. Benign all of them
medasr,sample_33_yes_q06,sample_33,"The visit is a follow-up on allergic rhinitis, correct?",13.94,17.42,3.480000000000002,8,14.20523138832998,17.585513078470825,0.8818425671424318,0.4,0,,1,1,1,1,0.34275862068965535,"this is your followup for allergic rhinitis. ye,","right room. You have this is your followup for allergic rhinitis. ye, I have been worrying about"
medasr,sample_33_yes_q02,sample_33,Is the patient free of symptoms at the moment?,27.02,31.5,4.48,15,27.336016096579478,31.52112676056338,0.9250981198537364,0.6666666666666666,0,,1,1,1,1,0.45440000000000025,"I do not have any symptoms right now. No symptoms at all at the moment,","been, it has helped. I do not have any symptoms right now. No symptoms at all at the moment, none and that is"
medasr,sample_33_yes_q04,sample_33,Did the antihistamine work well?,58.82,61.32,2.5,6,59.51307847082495,60.96177062374245,0.5794768611670008,0.0,0,,1,1,1,1,0.13409238074681623,histamine is having a good eff,histamine is having a good eff feel well because
medasr,sample_33_yes_q03,sample_33,Has the medication helped the patient?,55.34,58.28,2.9399999999999977,0,,,0.0,0.0,0,,11,0,0,0,0.15769263975825576,,Al histamine is having
medasr,sample_33_yes_q05,sample_33,Are the findings unremarkable?,44.86,52.62,7.759999999999998,19,44.8933601609658,52.861167002012074,0.9656891097375121,0.0,0,,9,0,0,0,0.4135449281578381,"The examination I have done is normal. Normal in all of it, yees, No abnormal was found on examination.","I understand. The examination I have done is normal. Normal in all of it, yees, No abnormal was found on examination. Al"
medasr,sample_33_yes_q01,sample_33,Should the patient carry on with the treatment as needed?,69.06,71.0,1.9399999999999977,5,69.7344064386318,70.90140845070422,0.6015474289033153,0.0,0,,13,0,0,0,0.0822258229575302,to continue it as need,to continue it as need
medasr,sample_37_yes_q05,sample_37,Is the skin intact?,28.5,30.0,1.5,4,29.0261569416499,30.19315895372233,0.57516339869281,1.0,0,,1,1,1,1,0.11721698113207546,the skin is intact.,"it. Of course, the skin is intact. There is no erythema,"
medasr,sample_37_yes_q03,sample_37,Was erythema migrans absent?,30.68,32.62,1.9399999999999977,5,30.837022132796783,32.80885311871227,0.837529772031302,0.6666666666666666,0,,1,1,1,1,0.1516006289308174,"There is no erythema, migrans.","the skin is intact. There is no erythema, migrans. So no expanding"
medasr,sample_37_yes_q04,sample_37,Are redness and swelling absent?,17.58,22.18,4.600000000000001,9,17.78672032193159,22.26559356136821,0.9376143322139865,0.6666666666666666,0,,1,1,1,1,0.38192449047778154,"No redness at all. any swelling, no swelling either.","Any redness around the site. No redness at all. any swelling, no swelling either. The area looks unchanged to"
medasr,sample_37_yes_q06,sample_37,"The plan involves no treatment, right?",60.02,61.34,1.3200000000000003,4,60.156941649899395,61.44466800804829,0.8304098522724122,0.3333333333333333,0,,1,1,1,1,0.0819435423432426,no treatment is need.,"observation, no treatment is need. So no antibiotics"
medasr,sample_37_yes_q01,sample_37,Did the patient get a tick bite?,13.74,14.52,0.7799999999999994,3,13.883299798792757,14.607645875251508,0.7338249617364679,0.6666666666666666,0,,1,1,1,1,0.07022826086956516,a tick bite.,looked at right a tick bite. Any redness around
medasr,sample_37_yes_q02,sample_37,Has the patient been told simply to keep an eye on the area?,56.02,59.34,3.3200000000000003,6,56.49496981891348,59.43259557344064,0.8336851290638317,0.0,0,,10,0,0,0,0.21808617499339145,"Then what is the plan, observation,","and no rash at site. Then what is the plan, observation, no treatment is need."
medasr,sample_39_yes_q02,sample_39,Does the patient have pain in the lower back?,22.64,23.92,1.2800000000000011,5,22.748490945674043,24.036217303822937,0.8390592575513058,1.0,0,,1,1,1,1,0.12080516521078628,"Pain in my lower back,","what brings you in today. Pain in my lower back, it feels muscular."
medasr,sample_39_yes_q04,sample_39,Was reduced mobility found during the examination?,47.34,53.04,5.699999999999996,14,47.50905432595573,53.183098591549296,0.9465775029097606,0.2,0,,1,1,1,1,0.4506681514476613,"Your movement is also reduced when you bend and turn, yes it feels stiff.","that would explain the tightness. Your movement is also reduced when you bend and turn, yes it feels stiff. Putting it together,"
medasr,sample_39_yes_q03,sample_39,Were painkillers part of the treatment plan?,63.56,65.8,2.239999999999995,6,63.61770623742455,65.8712273641851,0.9442142285057652,0.25,0,,1,1,1,1,0.1556532951090427,"For treatment, I recomend pain relief","Right that make For treatment, I recomend pain relief and an exercise program."
medasr,sample_39_yes_q01,sample_39,"The pain was assessed as nonspecific musculoskeletal pain, right?",55.32,60.68,5.359999999999999,12,55.327967806841045,60.800804828973845,0.9765047944903742,0.5,0,,1,1,1,1,0.36865762524218126,this is nonspecific muscle and joint pain in the back without radiation.,"Putting it together, this is nonspecific muscle and joint pain in the back without radiation. Right that make"
medasr,sample_42_yes_q02,sample_42,Was the blood pressure measured at 135/88?,39.16,42.54,3.3800000000000026,5,39.098591549295776,42.68008048289738,0.9437415730337098,0.5,1,0.0,1,1,1,1,0.2268241965973537,"You blood pressure is 135/8,","so what do you find You blood pressure is 135/8, 135/8."
medasr,sample_42_yes_q07,sample_42,Did the doctor assess the patient as slightly overweight?,62.26,65.16,2.8999999999999986,8,62.24949698189135,65.0261569416499,0.950405110195506,0.25,0,,1,1,1,1,0.22711944531988643,it puts you in the mildly overweight range.,"and what does that tell you, it puts you in the mildly overweight range. Mildly overweight,"
medasr,sample_42_yes_q06,sample_42,Were exercise recommendations also part of the plan?,89.86,93.12,3.260000000000005,9,89.90744466800805,93.17907444668008,0.9679069823833953,0.5,0,,1,1,1,1,0.26191723246039494,The [PLAN] Is advice on diet and on exercise.,something I should be doing. The [PLAN] Is advice on diet and on exercise. Diet and
medasr,sample_42_yes_q05,sample_42,Does the patient have a BMI of 28?,56.18,58.38,2.200000000000003,6,56.1327967806841,58.38631790744467,0.9762499999999995,0.5,1,1.0,1,1,1,1,0.1896288588276104,"You body mas index is 28,","anything else you You body mas index is 28, 28 and"
medasr,sample_42_yes_q03,sample_42,Has the patient been given advice about diet?,89.86,91.76,1.9000000000000057,6,89.90744466800805,91.64989939637827,0.9170814359843233,0.6666666666666666,0,,1,1,1,1,0.15265114775299116,The [PLAN] Is advice on diet,something I should be doing. The [PLAN] Is advice on diet and on exercise.
medasr,sample_42_yes_q01,sample_42,Is the patient feeling well?,17.22,18.48,1.2600000000000016,4,17.263581488933603,18.6317907444668,0.8616138870678086,0.5,0,,1,1,1,1,0.12816618911174799,I feel perfectly well.,"Yes that is right and I have to say I feel perfectly well. No complaints at all, which almost"
medasr,sample_42_yes_q04,sample_42,"The visit was a preventive health check, correct?",11.92,14.14,2.2200000000000006,7,12.032193158953723,14.325955734406438,0.8760788118016996,0.6,0,,1,1,1,1,0.23179411764705893,This is your preventive health check today.,It has its moments. This is your preventive health check today. Yes that is right
medasr,sample_43_yes_q02,sample_43,Does the patient have a sore throat?,4.82,6.24,1.42,6,4.949698189134809,6.358148893360161,0.838866650969312,1.0,0,,1,1,1,1,0.13748215227486144,"My throat has been really sore,","Thanks, My throat has been really sore, a sore throat."
medasr,sample_43_yes_q05,sample_43,Did the examination find no pus in the throat?,31.76,34.28,2.5199999999999996,11,31.80281690140845,34.418511066398395,0.9317934124485351,0.5,0,,1,1,1,1,0.2462524577270939,I also looked at your throat and there was no pus.,in this case yes. I also looked at your throat and there was no pus. No pus.
medasr,sample_43_yes_q04,sample_43,Was the strep test negative?,23.06,23.78,0.7200000000000024,3,23.11066398390342,23.79476861167002,0.9109480256311955,0.3333333333333333,0,,1,1,1,1,0.07362962962962986,it was negative,"and what did it say, it was negative that means that bacterium"
medasr,sample_43_yes_q01,sample_43,Is the infection considered to be viral?,44.22,46.78,2.5600000000000023,9,44.24949698189135,46.905432595573444,0.9423074041328868,0.6666666666666666,0,,1,1,1,1,0.26179423868312784,"my [ASESMENT] Is that this is a viral infection,","what is making it hurt then, my [ASESMENT] Is that this is a viral infection, a virus,"
medasr,sample_43_yes_q03,sample_43,Has the doctor decided against antibiotics?,59.48,63.9,4.420000000000002,13,59.5533199195171,63.93963782696177,0.974671094187074,0.5,0,,1,1,1,1,0.3922750000000002,The plan is no antibiotics because they do not work against the virus.,"antibiotics for it, no. The plan is no antibiotics because they do not work against the virus. Alright,"
medasr,sample_47_yes_q03,sample_47,Has penicillin treatment been started?,71.86,79.4,7.540000000000006,14,71.98792756539235,79.5251509054326,0.9669832369972549,0.6666666666666666,0,,1,1,1,1,0.5273543484379405,"I am starting you on penicillin treatment. Penicillin starting from today, yes from today.","happens about treating it, I am starting you on penicillin treatment. Penicillin starting from today, yes from today. That is reasuring."
medasr,sample_47_yes_q01,sample_47,Were coatings seen on the tonsils?,25.72,28.66,2.9400000000000013,10,25.927565392354126,28.583501006036215,0.9033794604360845,0.3333333333333333,0,,3,0,1,1,0.2519275862068967,your tonsils are red and there is coating on them,Yes please do your tonsils are red and there is coating on them coating
medasr,sample_47_yes_q02,sample_47,Does the patient have a sore throat?,8.32,11.7,3.379999999999999,12,8.450704225352112,11.87122736418511,0.9149782431329891,1.0,0,,1,1,1,1,0.3230499999999999,"My throat, it is really sore and it hurts when I swallow.","what is troubling you. My throat, it is really sore and it hurts when I swallow. A sore throat"
medasr,sample_48_yes_q03,sample_48,Was the TSH normal?,28.34,35.82,7.48,18,28.38229376257545,35.70623742454728,0.9791368532047903,0.5,0,,1,1,1,1,0.5803246955978769,"the first was your thyroid-stimulating hormone, the thyroid. I had wondered about that one. It came back normal","We tested two things, the first was your thyroid-stimulating hormone, the thyroid. I had wondered about that one. It came back normal normal and the"
medasr,sample_48_yes_q06,sample_48,Did the glucose test come back normal too?,38.96,43.04,4.079999999999998,12,38.93762575452716,43.12273641851107,0.9748846153846144,0.3333333333333333,0,,1,1,1,1,0.3630075187969923,"your glucose which is your blood sugar, that was normal as well,","and the other one, your glucose which is your blood sugar, that was normal as well, both normal,"
medasr,sample_48_yes_q05,sample_48,Were both blood tests within normal limits?,41.74,44.36,2.6199999999999974,7,41.754527162977865,44.45070422535211,0.9611793174091847,0.2,0,,1,1,1,1,0.23310776942355863,"that was normal as well, both normal,","which is your blood sugar, that was normal as well, both normal, so nothing was found at all."
medasr,sample_48_yes_q04,sample_48,Has the patient been left without any specific treatment?,77.42,81.2,3.780000000000001,11,77.4728370221328,81.25553319919517,0.9717457219896574,0.5,0,,1,1,1,1,0.37724096385542144,"no specific treatment is need on the basis of these results,","so what is the plan then, no specific treatment is need on the basis of these results, nothing at all"
medasr,sample_48_yes_q02,sample_48,Is the patient's tiredness persistent?,11.18,18.78,7.600000000000001,19,11.146881287726359,19.03420523138833,0.9635714285714287,0.6666666666666666,0,,1,1,1,1,0.6528171448323541,"You came about tiredness, yes. It has been going on and on. It simply does not lift. Persistent fatigue,","and it will make more sense. You came about tiredness, yes. It has been going on and on. It simply does not lift. Persistent fatigue, that is what we were investigating,"
medasr,sample_48_yes_q07,sample_48,Does the doctor rule out an endocrine cause?,48.06,52.34,4.280000000000001,12,48.11267605633803,52.418511066398395,0.9699009315938653,0.25,0,,1,1,1,1,0.3623271953260985,my assessment is that there is no hormonal cause for the tiredness.,"all. Correct, my assessment is that there is no hormonal cause for the tiredness. No hormonal cause."
medasr,sample_48_yes_q01,sample_48,"The thyroid test gave a normal result, right?",28.34,35.82,7.48,18,28.38229376257545,35.70623742454728,0.9791368532047903,0.4,0,,1,1,1,1,0.5803246955978769,"the first was your thyroid-stimulating hormone, the thyroid. I had wondered about that one. It came back normal","We tested two things, the first was your thyroid-stimulating hormone, the thyroid. I had wondered about that one. It came back normal normal and the"
medasr,sample_50_yes_q04,sample_50,Are further tests needed before the diagnosis can be settled?,60.36,69.66,9.299999999999997,23,60.398390342052316,70.90140845070422,0.8785931881169972,0.4,0,,1,1,1,1,0.7220805349652276,Further tests have been arranged to setle itertain that is why they are being done. Nothing changes for you until we have them.kay,it is a suspicion. Further tests have been arranged to setle itertain that is why they are being done. Nothing changes for you until we have them.kay I understand
medasr,sample_50_yes_q01,sample_50,"The HbA1c came out at 47 mmol/mol, right?",39.68,43.4,3.719999999999999,7,39.70221327967807,43.48490945674044,0.9718461798798546,0.25,2,0.5,1,1,1,1,0.2684925936683125,your long-term sugar value was 47 mol/m.,"7.0 mol/L, your long-term sugar value was 47 mol/m. I that high,"
medasr,sample_50_yes_q03,sample_50,Was the patient's BMI recorded as 29?,23.86,25.96,2.1000000000000014,6,23.875251509054326,26.12877263581489,0.9188882385285299,0.25,1,1.0,1,1,1,1,0.16106481481481486,your body mas index is 29.,"no symptoms then, your body mas index is 29. What is that number mean,"
medasr,sample_50_yes_q05,sample_50,Is the patient free of any symptoms at this visit?,20.38,22.78,2.400000000000002,5,20.494969818913482,22.869215291750503,0.9179720969332488,0.3333333333333333,0,,1,1,1,1,0.0797006548175866,"feel completely normal, no symptoms","nothing at all, I feel completely normal, no symptoms then, your body mas index"
medasr,sample_50_yes_q02,sample_50,Does the patient have a fasting blood sugar of 7.0 mmol/L?,35.38,39.0,3.6199999999999974,7,35.42454728370221,39.098591549295776,0.9615072451221238,0.8,1,1.0,1,1,1,1,0.25679988581216084,"your fasting blood sugar was 7.0 mol/L,","Alright, your fasting blood sugar was 7.0 mol/L, your long-term sugar value"
medasr,sample_52_yes_q02,sample_52,Did the doctor plan continued follow-up?,83.42,86.4,2.980000000000004,7,83.42857142857143,86.44668008048289,0.98174517703057,0.5,0,,1,1,1,1,0.2043969086392496,The plan is continued support and followup.,what happens next. The plan is continued support and followup. Why continued support
medasr,sample_52_yes_q03,sample_52,Was the patient seen as engaged during the consultation?,59.06,62.7,3.6400000000000006,9,59.15090543259557,62.81287726358149,0.945699610761429,0.25,0,,1,1,1,1,0.29823277283217947,"From what you describe, you seem engaged and motivated.","To a degree, yes. From what you describe, you seem engaged and motivated. That is an impression"
medasr,sample_52_yes_q01,sample_52,"The patient understands the treatment well, right?",70.22,75.36,5.140000000000001,14,70.33802816901408,75.420523138833,0.9656666640873453,0.3333333333333333,0,,6,0,0,0,0.36567134268537094,My assessment is that you have a good of your illness and your treatment.,"impression, yes. My assessment is that you have a good of your illness and your treatment. Alright I"
medasr,sample_54_yes_q04,sample_54,Was the foot examination normal?,51.62,54.6,2.980000000000004,8,51.57344064386318,54.752515090543255,0.9373797468354456,0.6666666666666666,0,,1,1,1,1,0.2689901925172543,Your feet are normal. The examination is fine.,moment.That you all. thank you. Your feet are normal. The examination is fine. Nothing wrong there either.
medasr,sample_54_yes_q03,sample_54,Has the patient received a flu vaccination?,13.82,15.76,1.9399999999999995,7,13.92354124748491,15.975855130784709,0.8518470124876337,0.3333333333333333,0,,1,1,1,1,0.212374449339207,"Well I have had my flu vacination,","What would you like to start with. Well I have had my flu vacination, good. Thank you for telling"
medasr,sample_54_yes_q02,sample_54,Did the plan include continued monitoring?,80.38,82.2,1.8200000000000074,5,80.41046277665995,82.22132796780684,0.9718731560198446,0.75,0,,1,1,1,1,0.1706679245283027,The plan is continued monitoring,today. God. The plan is continued monitoring with your annual check as usual.
medasr,sample_54_yes_q01,sample_54,Does the doctor regard the diabetes as stable?,68.74,70.98,2.240000000000009,5,68.80885311871228,71.1830985915493,0.8886857406400795,0.5,0,,1,1,1,1,0.21327203065134193,"Overall, your diabetes looks stable.","they are fine. Thank you. Overall, your diabetes looks stable. There is nothing here that needs"
medasr,sample_55_yes_q02,sample_55,Does the plan include routine follow-up?,79.42,80.84,1.4200000000000017,4,79.36418511066398,80.9738430583501,0.8821750000000012,0.25,0,,1,1,1,1,0.11051362355151913,Routine followup is usual.,"new medicine, no. Routine followup is usual. Routine, yes."
medasr,sample_55_yes_q03,sample_55,Will the current treatment be continued?,71.12,74.22,3.0999999999999943,8,71.1830985915493,73.85110663983903,0.8606477575128194,0.6666666666666666,0,,1,1,1,1,0.23519640475210998,Continue your current treatment exactly as it is,so nothing changes. Continue your current treatment exactly as it is and I do not need anything
medasr,sample_55_yes_q01,sample_55,Did the HbA1c come out at 43 mmol/mol?,32.56,36.72,4.159999999999997,7,32.76861167002012,36.83299798792757,0.9247344232652746,0.25,2,0.5,1,1,1,1,0.33749918380672517,your long-term sugar value is 43 mol/m.,week. They were your long-term sugar value is 43 mol/m. Is that a good number.
medasr,sample_56_yes_q01,sample_56,Has the cause of the tiredness remained unexplained?,61.66,64.2,2.5400000000000063,7,61.72635814889336,64.18108651911469,0.9664284922131177,0.25,0,,1,1,1,1,0.23036131386861353,wee have not identified a specific cause.,"that is the honestst part, wee have not identified a specific cause. So you do not now"
medasr,sample_56_yes_q02,sample_56,Did the COVID-19 test come back negative?,48.84,50.82,1.9799999999999969,5,48.87726358148893,50.969818913480886,0.9121603748630182,0.4,1,0.0,1,1,1,1,0.1638461538461535,your coronavirus test was negative.,Normal w right and your coronavirus test was negative. Oh that is good
medasr,sample_56_yes_q04,sample_56,"The patient's thyroid function was checked, wasn't it?",44.92,46.5,1.5799999999999983,5,44.85311871227364,46.583501006036215,0.9130930232558138,0.2,0,,1,1,1,1,0.15200542005420042,Your thyroid tests are normal.,They came back reasuring. Your thyroid tests are normal. Normal w right
medasr,sample_56_yes_q03,sample_56,Will further measures be held off for the time being?,81.92,85.66,3.739999999999995,12,81.93963782696177,85.80281690140845,0.9581606002819003,0.2,0,,1,1,1,1,0.3762712550607282,"for the moment we observe, I am not starting anything further today.","So what happens next for the moment we observe, I am not starting anything further today. Nothing at all, Nothing"
medasr,sample_57_yes_q05,sample_57,Will the patient continue on the current medication?,117.6,122.54,4.940000000000012,14,116.2092555331992,122.72837022132796,0.7577716049382741,1.0,0,,1,1,1,1,0.34874715909090975,[PLAN]You continue your lifestyle exactly as you are and you continue your current medication.,"No the [PLAN]You continue your lifestyle exactly as you are and you continue your current medication. Same medication,"
medasr,sample_57_yes_q07,sample_57,Is the diabetes considered stable?,97.54,100.0,2.4599999999999937,8,97.5251509054326,99.93963782696177,0.9696097560975591,0.6666666666666666,0,,1,1,1,1,0.23851346078813837,myy assessment is that your diabetes is stable,"reasoning behind it, myy assessment is that your diabetes is stable and that no changes are need."
medasr,sample_57_yes_q04,sample_57,Has the patient kept up the lifestyle changes?,59.74,62.1,2.3599999999999994,8,59.87525150905432,61.967806841046276,0.8866759881321837,0.5,0,,1,1,1,1,0.24850000000000003,I have kept it up. I really have,things you were working on. I have kept it up. I really have it is part of my routine
medasr,sample_57_yes_q03,sample_57,Was it concluded that no changes to treatment are needed?,117.6,122.54,4.940000000000012,14,116.2092555331992,122.72837022132796,0.7577716049382741,0.0,0,,25,0,0,0,0.34874715909090975,[PLAN]You continue your lifestyle exactly as you are and you continue your current medication.,"No the [PLAN]You continue your lifestyle exactly as you are and you continue your current medication. Same medication,"
medasr,sample_57_yes_q06,sample_57,Does the patient feel stable?,30.06,33.8,3.7399999999999984,4,30.23340040241449,32.647887323943664,0.645584738376785,0.0,0,,3,0,1,1,0.2125291561856848,how you been feelingHly,in order first how you been feelingHly
medasr,sample_57_yes_q01,sample_57,Should the patient carry on with the same lifestyle?,117.6,120.1,2.5,8,116.2092555331992,119.99195171026157,0.6147799555256801,0.3333333333333333,0,,1,1,1,1,0.20708333333333334,[PLAN]You continue your lifestyle exactly as you are,No the [PLAN]You continue your lifestyle exactly as you are and you continue your current medication.
medasr,sample_57_yes_q02,sample_57,"The patient stays on the medicine already in use, correct?",120.9,122.54,1.6400000000000006,4,120.99798792756539,122.72837022132796,0.8433806536810919,0.0,0,,28,0,0,0,0.11802490587894571,continue your current medication.,"lifestyle exactly as you are and you continue your current medication. Same medication,"
medasr,sample_63_yes_q01,sample_63,Was the diabetes control judged to be good?,57.2,61.92,4.719999999999999,8,57.29979879275654,62.08853118712274,0.9451103062232465,0.75,0,,1,1,1,1,0.29596770123643706,myASsEessment is good diabetes control with no complications.,fine. It is myASsEessment is good diabetes control with no complications. God.
medasr,sample_63_yes_q02,sample_63,"The lipid profile came back normal, didn't it?",0.0,0.26,0.26,1,0.08048289738430583,0.36217303822937624,0.4956666666666667,0.0,0,,4,0,0,1,0.012255494505494506,God,God morning and come in and sit
medasr,sample_63_yes_q03,sample_63,Was the HbA1c measured at 41 mmol/mol?,36.72,41.92,5.200000000000003,6,36.95372233400403,41.99597585513079,0.9413003020410645,0.25,2,0.5,1,1,1,1,0.3764054762598311,your hemoglobin A1c is 41 mol/mle.,they are your hemoglobin A1c is 41 mol/mle. I think that is a low number
medasr,sample_63_yes_q05,sample_63,Are annual check-ups planned to continue?,64.76,70.16,5.3999999999999915,17,64.74446680080483,70.17706237424548,0.9939999999999972,0.25,0,,1,1,1,1,0.42433750991886166,So the plan is to continue your current treatment and see you again for the yearly check.,God. So the plan is to continue your current treatment and see you again for the yearly check. The same as before then
medasr,sample_63_yes_q04,sample_63,Did the patient report no new symptoms?,24.46,27.46,3.0,11,24.63983903420523,27.61770623742455,0.8931042832201253,0.6666666666666666,0,,1,1,1,1,0.28238636363636366,"No, I am not sure there is anything. No new symptoms.","since we last met? No, I am not sure there is anything. No new symptoms. That is useful to"
medasr,sample_64_yes_q04,sample_64,Is dry skin the reason for this consultation?,39.42,41.64,2.219999999999999,8,39.66197183098591,41.59356136820926,0.8700853771276336,0.5,0,,3,0,1,1,0.2717586206896551,The skin on them has become very dry,it is my feet. The skin on them has become very dry and it has bothered me enough
medasr,sample_64_yes_q01,sample_64,Was the condition assessed as xerosis?,72.26,73.98,1.7199999999999989,4,72.43058350100604,74.09255533199195,0.8454950701596482,0.6666666666666666,0,,1,1,1,1,0.18479031560743633,The condition called xerosis.,hear you say it out loud. The condition called xerosis. It simply means dry
medasr,sample_64_yes_q03,sample_64,"A moisturizing cream was prescribed, wasn't it?",88.04,91.22,3.1799999999999926,8,88.579476861167,91.12676056338029,0.8010326107588988,0.5,0,,1,1,1,1,0.26402606080855245,I will prescribe a moisturizing cream for you.,"it usually does, I will prescribe a moisturizing cream for you. That is straightforward"
medasr,sample_64_yes_q02,sample_64,Did the examination rule out any wounds?,0.0,0.16,0.16,1,0.0,0.28169014084507044,0.568,0.0,0,,1,1,1,1,0.01603225806451613,God,"God afternoon, I am Dellig."
medasr,sample_66_yes_q03,sample_66,Was the vaccination given as part of diabetes care?,31.34,35.18,3.84,13,31.36016096579477,36.269617706237426,0.7748753071403495,0.4,0,,3,0,1,1,0.3987630589218555,I am here for the influenza vacination as part of my diabetes care.That,"what brings you in today, I am here for the influenza vacination as part of my diabetes care.That is right,"
medasr,sample_66_yes_q04,sample_66,"The diabetes status was described as stable, wasn't it?",113.08,114.86,1.7800000000000011,4,113.19114688128772,114.96177062374245,0.8868525726016874,0.6,0,,1,1,1,1,0.15911151079136693,"diabetes status is stable,","itself, how would you describe it, your diabetes status is stable, stable,"
medasr,sample_66_yes_q02,sample_66,Is the patient free of any reaction after the injection?,93.14,96.36,3.219999999999999,9,93.09859154929578,96.31790744466801,0.9743972558793778,0.0,0,,1,1,1,1,0.28076140350877166,perfectly fine. Thank you. Nothing out of the ordinary,"how are you feeling, perfectly fine. Thank you. Nothing out of the ordinary and I can see no"
medasr,sample_66_yes_q01,sample_66,Will the treatment continue without changes?,116.96,122.94,5.980000000000004,20,117.13480885311871,123.1307847082495,0.9407541214524199,0.25,0,,1,1,1,1,0.5037389830508475,"so I take it there is nothing that needs adjusting. Nothing at all, there are no changes to make today.","stable, stable, so I take it there is nothing that needs adjusting. Nothing at all, there are no changes to make today. and looking ahead,"
medasr,sample_67_yes_q02,sample_67,"The doctor described the diabetes as stable, right?",70.32,72.42,2.1000000000000085,6,70.37826961770624,72.43058350100604,0.9673772117144556,0.5,0,,1,1,1,1,0.15563674321503188,"taken together, your diabetes is stable","day.unintelligibleh use it taken together, your diabetes is stable with good self-care on your part."
medasr,sample_67_yes_q05,sample_67,Will the treatment be continued unchanged?,89.12,90.98,1.8599999999999994,5,89.2635814889336,91.07444668008048,0.8782119914346957,0.6666666666666666,0,,1,1,1,1,0.14340986658392804,"We continue your treatment, unchanged","nothing changes. We continue your treatment, unchanged and keep to the regular checkups."
medasr,sample_67_yes_q04,sample_67,Is the patient's self-care considered good?,72.78,74.44,1.6599999999999966,6,72.91348088531187,74.45472837022133,0.9115025109931016,0.5,0,,1,1,1,1,0.14984017435524843,with good self-care on your part.,"together, your diabetes is stable with good self-care on your part. You are confident about"
medasr,sample_67_yes_q01,sample_67,Does the patient say they are doing well?,21.8,24.62,2.8200000000000003,2,24.036217303822937,24.277665995975855,0.0856201036003256,0.0,0,,3,0,1,1,0.20490350877192984,I feel,your I feel I have kept the diet and
medasr,sample_67_yes_q06,sample_67,Is the patient sticking to the diet and lifestyle advice?,25.36,27.72,2.3599999999999994,11,25.525150905432596,27.738430583501007,0.9228140227395764,0.5,0,,1,1,1,1,0.17147953216374265,I have kept the diet and the lifestyle side of things,I feel I have kept the diet and the lifestyle side of things that is not nothing.
medasr,sample_67_yes_q07,sample_67,Has the weight remained stable?,39.48,40.44,0.9600000000000009,4,39.38028169014085,40.54728370221328,0.8226206896551762,0.6666666666666666,0,,1,1,1,1,0.08958317686819382,You weight is stable.,and we can see it today. You weight is stable. Stable compared with
medasr,sample_67_yes_q03,sample_67,Was the HbA1c 43 mmol/mol?,51.68,55.5,3.8200000000000003,5,51.85513078470825,54.47082494969819,0.6847366924057433,0.3333333333333333,2,0.5,1,1,1,1,0.24384022604675057,your hemoglobin A1c is 43,"and the blood test, your hemoglobin A1c is 43 and"
medasr,sample_69_yes_q02,sample_69,Does the patient feel well?,30.92,33.08,2.1599999999999966,5,31.038229376257547,33.17102615694165,0.9070399370731871,1.0,0,,1,1,1,1,0.21132283464566892,"well actually I feel fine,","you been feeling in yourself, well actually I feel fine, that is partly why the nerve"
medasr,sample_69_yes_q01,sample_69,Was the blood pressure normal?,42.5,43.68,1.1799999999999997,5,42.559356136820924,43.5251509054326,0.8184701428912483,1.0,0,,1,1,1,1,0.1263922413793103,your blood pressure is normal,"So what did you find toda, your blood pressure is normal and your fot status is normal,"
medasr,sample_69_yes_q03,sample_69,Is the foot status normal?,44.22,45.46,1.240000000000002,5,44.2897384305835,45.57746478873239,0.8620934989476218,0.6666666666666666,0,,1,1,1,1,0.1328189655172416,"your fot status is normal,","your blood pressure is normal and your fot status is normal, both normal and"
medasr,sample_69_yes_q04,sample_69,Will the regular check-ups be continued?,68.26,69.96,1.6999999999999886,7,68.28571428571429,70.01609657947687,0.9534132312839365,0.0,0,,15,0,0,0,0.20810344827586072,The plan is to continue your checkups,relief to hear it said plainly. The plan is to continue your checkups and carry on with your lifestyle as
medasr,sample_69_yes_q06,sample_69,"The diabetes was judged to be stable, right?",57.68,58.9,1.2199999999999989,3,57.82293762575453,58.82897384305835,0.824619850249036,0.6666666666666666,0,,1,1,1,1,0.10028779358253381,diabetes is stable,"Understandable.verall, your diabetes is stable with no signs of complications."
medasr,sample_69_yes_q05,sample_69,Are there no signs of complications?,59.28,60.52,1.240000000000002,4,59.352112676056336,60.72032193158954,0.8108515869468073,1.0,0,,1,1,1,1,0.10193185577241168,no signs of complications.,"Understandable.verall, your diabetes is stable with no signs of complications. No complications at all,"
medasr,sample_70_yes_q04,sample_70,"The vaccination went as planned, didn't it?",80.46000000000001,83.34,2.8799999999999955,11,80.8933601609658,83.50905432595573,0.8024257941902391,0.0,0,,17,0,0,0,0.2773953488372091,then I can say that there were no side effects today.,really good then I can say that there were no side effects today. That is a relief.
medasr,sample_70_yes_q06,sample_70,Was the vaccine actually given?,54.54,56.32,1.7800000000000011,4,55.04627766599597,56.374245472837025,0.6944121454114657,0.3333333333333333,0,,4,0,0,1,0.11881009938221866,is the vacination given.,Okay there is the vacination given. Exactly is planed for this season.unig
medasr,sample_70_yes_q01,sample_70,Were no further measures decided on?,116.98,118.92,1.9399999999999977,6,117.01408450704226,118.94567404426559,0.9695989518291858,0.3333333333333333,0,,1,1,1,1,0.17279211469534037,No extra measures from my side.,nothing further is need. No extra measures from my side. So I just go home
medasr,sample_70_yes_q05,sample_70,Is this vaccination something the patient receives annually?,19.48,25.54,6.059999999999999,15,19.408450704225352,25.6056338028169,0.9778636363636364,0.0,0,,3,0,1,1,0.49325581395348833,"You are here for your yearly influenza vacination? is that correct, yes. The annual one,","on to today. You are here for your yearly influenza vacination? is that correct, yes. The annual one, good. That"
medasr,sample_70_yes_q02,sample_70,Can the patient leave without any additional treatment?,116.98,124.66,7.679999999999993,18,117.01408450704226,124.78068410462777,0.9801596104143987,0.0,0,,26,0,0,0,0.6097380191693286,"No extra measures from my side. So I just go home exactly, nothing more follows from today's visit,","nothing further is need. No extra measures from my side. So I just go home exactly, nothing more follows from today's visit, could"
medasr,sample_70_yes_q03,sample_70,Is the patient free of side effects after the vaccine?,80.46000000000001,83.34,2.8799999999999955,11,80.8933601609658,83.50905432595573,0.8024257941902391,0.5,0,,1,1,1,1,0.2773953488372091,then I can say that there were no side effects today.,really good then I can say that there were no side effects today. That is a relief.
medasr,sample_71_yes_q03,sample_71,Did the creatinine come back normal?,78.86,80.46,1.5999999999999943,4,78.88128772635815,80.2897384305835,0.8802816901408437,0.25,0,,4,0,0,1,0.14891385767790208,your creatine is normal,"when always check for me, your creatine is normal well that is all three of"
medasr,sample_71_yes_q04,sample_71,Was the HbA1c 42 mmol/mol?,53.7,57.78,4.079999999999998,5,53.70623742454728,57.62173038229376,0.9596796465064905,0.3333333333333333,2,0.5,1,1,1,1,0.3880137772675083,Your hemoglobin is 42 mol/m,been curious about them all week. Your hemoglobin is 42 mol/m and that is a good one.
medasr,sample_71_yes_q05,sample_71,Are there no signs of complications?,89.46,91.64,2.180000000000007,6,89.82696177062374,91.77062374245473,0.7846531635869644,1.0,0,,1,1,1,1,0.19326792722083544,there are no signs of complications.,your diabetes is stable and there are no signs of complications. No complications.
medasr,sample_71_yes_q01,sample_71,Is the LDL cholesterol 2.2 mmol/L?,70.34,74.32,3.9799999999999898,6,70.33802816901408,74.09255533199195,0.9423862074541175,0.75,1,1.0,1,1,1,1,0.3418700311095737,Your LDL cholesterol is 2.2 mol/L,might have drifted since last time. Your LDL cholesterol is 2.2 mol/L right and the kidney
medasr,sample_71_yes_q02,sample_71,"The diabetes was described as stable, right?",85.68,88.92,3.239999999999995,9,85.88329979879276,88.90140845070422,0.9315150160220574,0.6666666666666666,0,,1,1,1,1,0.29930233079839297,so my assessment is that your diabetes is stable,I will take that gladly so my assessment is that your diabetes is stable and there are no signs of
medasr,sample_75_yes_q01,sample_75,Does the patient deny any known exposure to COVID-19?,45.06,46.48,1.4199999999999946,6,45.13480885311871,46.46277665995976,0.9351885963669365,0.0,1,0.0,1,1,1,1,0.1507991452991447,"no, none that I know of.","anyone around you who has had it? no, none that I know of. Thank you. I will look at your"
medasr,sample_75_yes_q02,sample_75,Is the patient also feeling tired?,31.08,31.94,0.860000000000003,4,31.158953722334005,31.963782696177063,0.8837537564884789,0.5,0,,1,1,1,1,0.09789738891433838,I have been tired,"on, a sore throat and I have been tired a few days now, a few"
medasr,sample_75_yes_q04,sample_75,Were rest and fluids recommended?,81.4,83.6,2.1999999999999886,8,81.5774647887324,83.75050301810865,0.8604690977572332,0.6666666666666666,0,,1,1,1,1,0.23769565217391148,The [PLAN] Is rest and plenty of fluids.,"so far, it is. The [PLAN] Is rest and plenty of fluids. No antibiotics are need"
medasr,sample_75_yes_q03,sample_75,Has the patient had a sore throat for a few days?,29.62,35.9,6.279999999999998,20,29.790744466800803,35.987927565392354,0.9593789298736756,1.0,0,,1,1,1,1,0.7148786074209799,"a sore throat and I have been tired a few days now, a few days of sore throat and tiredness.","soo what has been going on, a sore throat and I have been tired a few days now, a few days of sore throat and tiredness. Is there anything you would connected to?"
medasr,sample_77_yes_q02,sample_77,Did the patient receive a tetanus vaccination?,77.72,80.36,2.6400000000000006,9,77.79476861167002,80.49094567404427,0.9257602602457204,0.3333333333333333,0,,1,1,1,1,0.2852347826086957,I have also given you a tetanus vacination today.,That is the treatment for this. I have also given you a tetanus vacination today. Tetanus because of the thrn
medasr,sample_77_yes_q03,sample_77,Was the infection judged to follow a penetrating trauma?,49.56,52.96,3.3999999999999986,11,49.64185110663984,53.06237424547284,0.9473998667187534,0.2,0,,1,1,1,1,0.35954546643759744,The thrne broke the skin and the infection came after that.,following the penetrating injury. The thrne broke the skin and the infection came after that. An infection
medasr,sample_77_yes_q07,sample_77,Have about two weeks passed since the injury?,16.5,17.3,0.8000000000000007,4,16.458752515090545,17.344064386317907,0.9036363636363667,0.4,1,1.0,2,0,1,1,0.10091370558375645,about two weeks ago,toe. I pricked it on a thrn about two weeks ago and now I think it has become infected
medasr,sample_77_yes_q04,sample_77,Did the trouble start after the patient pricked themselves on a thorn?,15.14,19.3,4.16,18,15.251509054325956,19.24748490945674,0.9605711190218233,0.2,0,,1,1,1,1,0.5239533705017739,I pricked it on a thrn about two weeks ago and now I think it has become infected,you. It is my big toe. I pricked it on a thrn about two weeks ago and now I think it has become infected two weeks ago on
medasr,sample_77_yes_q06,sample_77,"The patient was treated with penicillin, correct?",67.84,69.56,1.7199999999999989,6,67.9235412474849,69.41247484909456,0.8656590707032908,0.3333333333333333,0,,1,1,1,1,0.1780916666666667,we are treating it with penicillin,yes please do we are treating it with penicillin penicillin and that
medasr,sample_77_yes_q05,sample_77,Is a foreign body ruled out?,32.7,34.9,2.1999999999999957,9,33.05030181086519,35.10261569416499,0.7698685202244367,0.6666666666666666,0,,1,1,1,1,0.2492932056543543,There is no foreign body left in the toe.,and that is what matters? There is no foreign body left in the toe. So no piece of the thrn
medasr,sample_77_yes_q01,sample_77,Does the patient have an infection in the big toe?,49.56,52.96,3.3999999999999986,11,49.64185110663984,53.06237424547284,0.9473998667187534,0.3333333333333333,0,,4,0,0,1,0.35954546643759744,The thrne broke the skin and the infection came after that.,following the penetrating injury. The thrne broke the skin and the infection came after that. An infection
medasr,sample_79_yes_q02,sample_79,Is chondromalacia patellae suspected on clinical grounds?,82.96,87.4,4.440000000000012,7,82.94567404426559,86.80885311871228,0.8640708284397869,0.4,0,,1,1,1,1,0.3749031600407757,I suspect a condition called chondromalacia patellae,"from what you describe, I suspect a condition called chondromalacia patellae that is softening or"
medasr,sample_79_yes_q05,sample_79,Do the pains come and go rather than being constant?,24.72,28.16,3.4400000000000013,14,24.88128772635815,28.301810865191147,0.915378392953442,0.0,0,,13,0,0,0,0.4213226671134193,I keep getting pain behind my right knee cap and it keeps coming back.,"today, it is my knee. I keep getting pain behind my right knee cap and it keeps coming back. It is not there all the"
medasr,sample_79_yes_q03,sample_79,Does the patient have pain behind the kneecap?,24.72,26.9,2.1799999999999997,9,24.88128772635815,26.9738430583501,0.8956756177688898,0.6666666666666666,0,,1,1,1,1,0.25739759591221284,I keep getting pain behind my right knee cap,"today, it is my knee. I keep getting pain behind my right knee cap and it keeps coming back."
medasr,sample_79_yes_q01,sample_79,Did the patient show up in person for the consultation?,0.0,2.8,2.8,7,0.12072434607645875,2.535211267605634,0.8623167576889912,0.0,0,,4,0,0,1,0.2695546558704453,L come in good to see you,L come in good to see you last time you were telling me
medasr,sample_79_yes_q04,sample_79,Was the suspicion reached without imaging?,80.88,87.4,6.52000000000001,11,81.53722334004024,86.80885311871228,0.808532174642949,0.0,0,,28,0,0,0,0.5505334692490663,"from what you describe, I suspect a condition called chondromalacia patellae","so what you think is going on in there from what you describe, I suspect a condition called chondromalacia patellae that is softening or"
medasr,sample_81_yes_q02,sample_81,Is a viral cause thought to be the most likely explanation?,63.88,68.32,4.439999999999991,11,63.899396378269614,68.32595573440643,0.9942977136547136,0.5,0,,1,1,1,1,0.3593941368078168,My assessMment is that this is most likely a viral gastroenteritis.,so what is your conclusion. My assessMment is that this is most likely a viral gastroenteritis. Most likely say you
medasr,sample_81_yes_q03,sample_81,Did the patient receive advice about fluid intake?,86.58,89.34,2.760000000000005,11,86.64788732394366,89.46478873239437,0.9332096474953613,0.5,0,,1,1,1,1,0.34815228426396,I want to give you instead is advis on fluid intake,that is right. What I want to give you instead is advis on fluid intake and on treating the symptoms.
medasr,sample_81_yes_q01,sample_81,Does the patient describe symptoms of gastroenteritis?,12.62,14.64,2.0200000000000014,5,12.756539235412475,14.768611670020121,0.8765943101155578,0.6666666666666666,0,,1,1,1,1,0.21920087336244556,or the usual gastroenteritis symptoms,looks like a stomach bug ho or the usual gastroenteritis symptoms tell me a little more about
medasr,sample_81_yes_q04,sample_81,Was gastroenteritis the diagnosis arrived at?,63.88,68.32,4.439999999999991,11,63.899396378269614,68.32595573440643,0.9942977136547136,0.3333333333333333,0,,2,0,1,1,0.3593941368078168,My assessMment is that this is most likely a viral gastroenteritis.,so what is your conclusion. My assessMment is that this is most likely a viral gastroenteritis. Most likely say you
medasr,sample_82_yes_q03,sample_82,"The lesions will be treated with freezing, right?",65.96,67.4,1.440000000000012,6,66.07243460764587,67.64185110663983,0.7893477532660225,0.3333333333333333,0,,1,1,1,1,0.12326558732345952,I will treat them with freezing.,"What happens next, I will treat them with freezing. What does that involved."
medasr,sample_82_yes_q01,sample_82,Do the elements resemble molluscs?,52.66,55.56,2.9000000000000057,5,52.78068410462777,55.52917505030181,0.9477554985082887,0.0,0,,8,0,0,0,0.2256968368305674,my suspicion is Mlluscum contagiosum.,"thorax, what Id my suspicion is Mlluscum contagiosum. It is a common viral skin"
medasr,sample_82_yes_q02,sample_82,Has the patient noticed a wart-like growth?,27.16,28.46,1.3000000000000007,7,27.25553319919517,28.462776659959758,0.9245382096744319,0.0,0,,1,1,1,1,0.14294247787610623,It looks a bit like a wart,growth in the midle of my chest. It looks a bit like a wart is there anything else
medasr,sample_82_yes_q04,sample_82,Were three small lesions seen in the same area of the thorax?,40.24,45.36,5.119999999999997,15,40.265593561368206,45.456740442655935,0.9765497238421436,0.7142857142857143,1,1.0,1,1,1,1,0.4950661478599219,"I can see three small lesions, all in the same area on the chest wall,","chest. Of course, I can see three small lesions, all in the same area on the chest wall, so three as I"
medasr,sample_84_yes_q02,sample_84,Was it the patient's grandfather who died of a heart attack?,20.3,23.42,3.120000000000001,11,20.293762575452718,23.472837022132797,0.981417721518988,0.8,0,,1,1,1,1,0.3060876431109358,My grandfather on my father's side died of a heart attack,is my family really. My grandfather on my father's side died of a heart attack and he was only 52.
medasr,sample_84_yes_q04,sample_84,Does the patient exercise regularly?,78.28,79.52,1.2399999999999949,3,78.47887323943662,79.64587525150905,0.762241470744206,0.5,0,,1,1,1,1,0.10505966587112131,I train regularly.,and exercise. I train regularly. That part I am actually
medasr,sample_84_yes_q06,sample_84,Will both blood tests and an ECG be carried out?,193.64,201.3,7.660000000000025,19,193.7625754527163,201.3400402414487,0.9788811890502013,0.25,0,,1,1,1,1,0.6402657248570496,"I will take blood samples and I will record an electrocardiogram, which is tracing of the heart's electrical activity.","two things, I will take blood samples and I will record an electrocardiogram, which is tracing of the heart's electrical activity. An electrocardiogram"
medasr,sample_84_yes_q05,sample_84,Was the blood pressure measured at 138 over 83?,119.92,122.96,3.039999999999992,6,119.95171026156942,123.25150905432595,0.902981108373194,0.16666666666666666,2,0.0,1,1,1,1,0.24112352377912513,"I have measured it at 138/83,","your blood pressure, I have measured it at 138/83, is that bad."
medasr,sample_84_yes_q01,sample_84,Does the patient report cardiovascular disease in the family?,27.86,31.68,3.8200000000000003,9,27.97987927565392,31.68209255533199,0.9680876825403516,0.75,0,,1,1,1,1,0.37372834645669284,"So there is cardiovascular disease in your family, yes","Thank you for telling me. So there is cardiovascular disease in your family, yes and ever since I"
medasr,sample_84_yes_q03,sample_84,Did that grandfather die at the age of 52?,20.3,25.38,5.079999999999998,16,20.293762575452718,25.645875251509054,0.9491578947368421,0.5,1,1.0,1,1,1,1,0.45854703959317095,My grandfather on my father's side died of a heart attack and he was only 52.,is my family really. My grandfather on my father's side died of a heart attack and he was only 52. Thank you for telling me.
medasr,sample_84_yes_q07,sample_84,Is the patient otherwise healthy and living a healthy life?,69.72,79.52,9.799999999999997,25,69.77464788732394,79.64587525150905,0.9818128745064018,0.25,0,,1,1,1,1,0.8191389169189368,"I am healthy as far as I know. No illnesses at all, I eat well and I look after myself and exercise. I train regularly.","me about your own health. I am healthy as far as I know. No illnesses at all, I eat well and I look after myself and exercise. I train regularly. That part I am actually"
medasr,sample_86_yes_q01,sample_86,Is the patient free of fever?,35.14,35.74,0.6000000000000014,2,35.34406438631791,35.9476861167002,0.4902097553684436,0.5,0,,1,1,1,1,0.06446173800259417,"no fever,","had any fever with it? no fever, nothing like at all."
medasr,sample_86_yes_q03,sample_86,"Both testicles felt normal at the examination, correct?",66.5,69.94,3.4399999999999977,10,66.59557344064386,69.97585513078471,0.9621881331403762,0.4,0,,1,1,1,1,0.26038379530916816,"The testicles themselves feel normal to me on both sides,","what you describe yes. The testicles themselves feel normal to me on both sides, normal on"
medasr,sample_86_yes_q02,sample_86,Was a small swelling found around the epididymis?,50.66,54.7,4.040000000000006,12,51.2112676056338,54.672032193158955,0.8566248979022647,0.6,0,,1,1,1,1,0.3947856861974052,I can feel a small swelling around the epidymis on the right,"Yes of course, go ahead, I can feel a small swelling around the epidymis on the right and there is slight tenderness"
medasr,sample_90_yes_q04,sample_90,Does the doctor consider the change harmless?,27.84,28.98,1.1400000000000006,4,27.818913480885314,28.945674044265594,0.9522753266558092,0.5,0,,1,1,1,1,0.11706198347107442,the change looks harmless,"honest. From the picture, the change looks harmless harmless,"
medasr,sample_90_yes_q03,sample_90,Did the patient notice a new mole?,14.46,16.42,1.9600000000000009,9,14.808853118712273,16.498993963782695,0.7901675580729854,0.6666666666666666,0,,1,1,1,1,0.22414173953060298,I have got a new mole on my thigh,rightName] I did. I have got a new mole on my thigh and it is quite large.
medasr,sample_90_yes_q01,sample_90,Was a photo sent in for assessment?,10.46,12.1,1.6399999999999988,7,10.382293762575452,11.991951710261569,0.8918589668501807,0.0,0,,2,0,1,1,0.2027562189054725,You send a photograph through to us,back to me. Not at all. You send a photograph through to us as that rightName] I did.
medasr,sample_90_yes_q05,sample_90,Has the doctor reviewed the photograph?,20.08,21.92,1.8400000000000034,7,20.092555331991953,21.86317907444668,0.9622955122036545,0.3333333333333333,0,,1,1,1,1,0.1976826632079554,I have looked at the photograph carefully,Thank you for sending it. I have looked at the photograph carefully and
medasr,sample_90_yes_q02,sample_90,Is the mole located on the thigh?,14.46,16.42,1.9600000000000009,9,14.808853118712273,16.498993963782695,0.7901675580729854,0.6666666666666666,0,,1,1,1,1,0.22414173953060298,I have got a new mole on my thigh,rightName] I did. I have got a new mole on my thigh and it is quite large.
medasr,sample_92_yes_q03,sample_92,Has a urine sample been sent off for albumin/creatinine ratio analysis?,108.62,110.98,2.3599999999999994,8,108.67203219315896,111.14030368763558,0.9157498829064804,0.42857142857142855,0,,1,1,1,1,0.24498726684132807,I am sending a urine sample for analysis.,"I want it looked at properly. I am sending a urine sample for analysis. What we are looking for,"
medasr,sample_92_yes_q02,sample_92,Does the patient work as a staff manager in a retail chain?,74.38,78.22,3.8400000000000034,12,74.41448692152917,78.19718309859155,0.9850771294433264,1.0,0,,1,1,1,1,0.4273354231974926,"work is still the staff manager role in the retail chain, yes","that is a good deal and work is still the staff manager role in the retail chain, yes still that. Let me take"
medasr,sample_92_yes_q01,sample_92,Did the patient ask to have his cholesterol level checked?,23.24,26.38,3.1400000000000006,10,23.311871227364186,26.329979879275655,0.9611810993348624,0.75,0,,1,1,1,1,0.3237717842323652,"my cholesterol I think, I would like the level checked","did you want us to look at my cholesterol I think, I would like the level checked of course. do"
medasr,sample_92_yes_q04,sample_92,Was the previous LDL value 3.9?,30.92,33.0,2.0799999999999983,4,30.99798792756539,33.13078470824949,0.9055662747096761,0.5,1,1.0,1,1,1,1,0.17521355932203372,"my LDL was 3.9,","remember what it was last time? my LDL was 3.9, that was back in 2021"
medasr,sample_95_yes_q02,sample_95,Were blood tests taken at this visit?,38.92,40.52,1.6000000000000014,7,38.89738430583501,40.54728370221328,0.9697560975609782,0.5,0,,2,0,1,1,0.1939512195121953,We have taken your blood test today,"tooWhat does not mean for today? We have taken your blood test today as part of the followup,"
medasr,sample_95_yes_q03,sample_95,Has the patient been free of side effects?,25.52,27.76,2.240000000000002,6,25.565392354124747,27.899396378269618,0.9223379786226504,0.6666666666666666,0,,1,1,1,1,0.21914960629921282,"any side effects at all, none,","fine, good and any side effects at all, none, No I have noticed.That"
medasr,sample_95_yes_q01,sample_95,"The treatment is considered well tolerated, right?",32.22,34.26,2.039999999999999,8,32.245472837022135,34.29778672032193,0.9695543547731084,0.75,0,,1,1,1,1,0.21096129837702865,"we can say the treatment is well tolerated,","is what I hoped to hear. so we can say the treatment is well tolerated, that was my impression tooWhat"
whisper_large_v3,sample_4_yes_q03,sample_4,Did the patient attend for an annual asthma follow-up?,21.62,26.24,4.619999999999997,12,20.98,26.44,0.8461538461538456,0.5,0,,1,1,1,1,0.41249999999999964,"So, this is your annual follow -up. It is, for the asthma.","running on time for once. So, this is your annual follow -up. It is, for the asthma. Exactly that. Let"
whisper_large_v3,sample_4_yes_q07,sample_4,Is the heart examination without abnormal findings?,43.5,44.98,1.4799999999999969,4,42.84,45.5,0.5563909774436085,0.2,0,,1,1,1,1,0.12416107382550308,Nothing abnormal to report.,heart both sound normal. Nothing abnormal to report. Good. I had half convinced
whisper_large_v3,sample_4_yes_q06,sample_4,Was the patient listened to with a stethoscope?,28.520000000000003,42.72,14.199999999999996,32,28.04,42.84,0.9594594594594589,0.0,0,,6,0,0,0,0.7387606318347508,"Let me listen to your chest and your heart, and then we will talk. Go ahead. Breathe normally for me. And again. Is it alright? Your chest and heart both sound normal.","Exactly that. Let me listen to your chest and your heart, and then we will talk. Go ahead. Breathe normally for me. And again. Is it alright? Your chest and heart both sound normal. Nothing abnormal to report."
whisper_large_v3,sample_4_yes_q05,sample_4,Were the lungs found to be normal on auscultation?,40.68,44.98,4.299999999999997,10,40.68,45.5,0.8921161825726135,0.25,0,,1,1,1,1,0.31159420289855044,chest and heart both sound normal. Nothing abnormal to report.,Is it alright? Your chest and heart both sound normal. Nothing abnormal to report. Good. I had half convinced
whisper_large_v3,sample_4_yes_q02,sample_4,Are the patient's asthma findings stable at this visit?,51.48,54.4,2.9200000000000017,9,50.84,54.58,0.7807486631016058,0.2,0,,1,1,1,1,0.2616487455197135,This is what a stable annual check looks like.,Nothing has. This is what a stable annual check looks like. So what happens with my
whisper_large_v3,sample_4_yes_q01,sample_4,Will the current treatment continue unchanged?,55.64,61.64,6.0,14,55.42,60.98,0.8585209003215429,0.25,0,,1,1,1,1,0.4784688995215314,what happens with my treatment? No changes. You carry on exactly as you are.,looks like. So what happens with my treatment? No changes. You carry on exactly as you are. Nothing at all. I suppose I
whisper_large_v3,sample_4_yes_q04,sample_4,Does the visit concern asthma?,24.88,26.24,1.3599999999999994,5,24.64,26.44,0.755555555555555,0.3333333333333333,0,,1,1,1,1,0.12142857142857134,"It is, for the asthma.","your annual follow -up. It is, for the asthma. Exactly that. Let"
whisper_large_v3,sample_5_yes_q01,sample_5,Does the patient take pantoprazole for reflux?,47.08,52.84,5.760000000000005,19,46.62,52.92,0.9142857142857145,0.6666666666666666,0,,1,1,1,1,0.5549132947976883,And then the anti -inflammatory gave me reflux on top. Which is why you are on pantoprazole for that.,"That is the frustrating part. And then the anti -inflammatory gave me reflux on top. Which is why you are on pantoprazole for that. Exactly, yes."
whisper_large_v3,sample_5_yes_q05,sample_5,Is the patient still in pain despite regular Ibumetin and Panodil?,36.42,41.58,5.159999999999997,14,36.38,42.3,0.8716216216216218,0.5,0,,1,1,1,1,0.4395229982964224,pain has just carried on regardless. Despite taking the ibumetin and the panadil regularly?,"2017. And honestly, the pain has just carried on regardless. Despite taking the ibumetin and the panadil regularly? Despite both, and"
whisper_large_v3,sample_5_yes_q02,sample_5,Will the NSAID treatment be continued under cover of a proton pump inhibitor?,142.44,147.88,5.439999999999998,14,142.44,147.92,0.9927007299270088,0.0,0,,38,0,0,0,0.5596707818930039,"For the pain, you continue the anti -inflammatory with the stomach protection alongside it.","Then we will not refer you. For the pain, you continue the anti -inflammatory with the stomach protection alongside it. And is there anything I need to come back"
whisper_large_v3,sample_5_yes_q06,sample_5,Did the patient undergo surgery for a cervical disc prolapse in 2017?,32.06,34.98,2.9199999999999946,6,32.04,35.24,0.9124999999999975,0.6666666666666666,1,1.0,1,1,1,1,0.2539130434782605,"cervical disc prolapse, operated in 2017.","operation. That is right, the cervical disc prolapse, operated in 2017. And honestly, the pain has just carried"
whisper_large_v3,sample_5_yes_q03,sample_5,Was muscle tension found in the neck and shoulders?,102.68,105.42,2.739999999999995,11,101.86,106.52,0.5879828326180251,0.8,0,,1,1,1,1,0.23784722222222185,i can feel muscle tension in your neck and shoulders that,standing are normal i can feel muscle tension in your neck and shoulders that tension is exactly where
whisper_large_v3,sample_5_yes_q04,sample_5,Are the menopausal symptoms treated with Activelle?,70.44,73.82,3.3799999999999955,9,70.32,73.94,0.9337016574585612,0.5,0,,1,1,1,1,0.3580508474576267,"the menopausal symptoms, which you are taking Activel for.","there. Good. Then the menopausal symptoms, which you are taking Activel for. Yes, and my hands have started"
whisper_large_v3,sample_6_yes_q03,sample_6,Was the patient's voice noted to sound congested?,24.4,26.34,1.9400000000000013,4,24.2,26.32,0.8971962616822435,0.4,0,,1,1,1,1,0.1738351254480288,You do sound congested.,first. You do sound congested. That is all you are going by? Just
whisper_large_v3,sample_6_yes_q04,sample_6,Are four daily doses of one million IU of penicillin planned?,62.9,69.68,6.780000000000008,14,62.96,69.78,0.9767441860465121,0.625,3,1.0,1,1,1,1,0.6208791208791216,"For the sinuses, penicillin. One million international units, four times daily, for seven days.","hear that than the other way around. For the sinuses, penicillin. One million international units, four times daily, for seven days. Which is what I asked for."
whisper_large_v3,sample_6_yes_q05,sample_6,Does the patient also have a fungal infection in the mouth?,72.96,77.6,4.640000000000001,10,73.04,78.04,0.897637795275586,0.3333333333333333,0,,4,0,0,1,0.39123102866779097,"And fluconazole, 50 milligrams, for seven days, for the mouth.","asked for. It is. And fluconazole, 50 milligrams, for seven days, for the mouth. Both for a week. That"
whisper_large_v3,sample_6_yes_q07,sample_6,Did the patient ask for penicillin?,17.9,19.18,1.2800000000000011,5,17.72,19.22,0.853333333333334,0.5,0,,1,1,1,1,0.13882863340564006,I want penicillin for it.,together. Noted. I want penicillin for it. I know what this is by now. Let
whisper_large_v3,sample_6_yes_q01,sample_6,Will the patient take Fluconazole 50 mg?,73.52,77.6,4.079999999999998,9,73.34,78.04,0.8680851063829779,0.5,1,1.0,1,1,1,1,0.3440134907251263,"fluconazole, 50 milligrams, for seven days, for the mouth.","It is. And fluconazole, 50 milligrams, for seven days, for the mouth. Both for a week. That"
whisper_large_v3,sample_6_yes_q02,sample_6,Is the patient complaining of sinus symptoms?,9.06,12.28,3.219999999999999,7,9.0,12.46,0.9306358381502885,0.0,0,,4,0,0,1,0.2747440273037542,"My sinuses. Blocked, aching, the whole business.","What brings you in? My sinuses. Blocked, aching, the whole business. And I have got thrush in my mouth"
whisper_large_v3,sample_6_yes_q06,sample_6,Has penicillin been prescribed for seven days?,64.18,69.68,5.5,11,63.88,69.78,0.9322033898305087,0.75,1,1.0,1,1,1,1,0.5036630036630035,"penicillin. One million international units, four times daily, for seven days.","around. For the sinuses, penicillin. One million international units, four times daily, for seven days. Which is what I asked for."
whisper_large_v3,sample_10_yes_q01,sample_10,Does the patient need continued treatment?,63.18,64.58,1.3999999999999986,8,63.06,64.74,0.8333333333333361,0.6666666666666666,0,,1,1,1,1,0.17156862745098014,You do need to continue the treatment you,as a stable situation. You do need to continue the treatment you are on. So I carry on
whisper_large_v3,sample_10_yes_q02,sample_10,Were the lungs and heart normal on auscultation?,53.76,57.56,3.8000000000000043,12,53.6,57.52,0.9494949494949506,0.75,0,,1,1,1,1,0.3838383838383843,Your lungs and your heart both sound normal. Nothing abnormal on listening.,more. Is everything all right? Your lungs and your heart both sound normal. Nothing abnormal on listening. That is a relief to hear.
whisper_large_v3,sample_10_yes_q03,sample_10,"Are the patient's complaints unchanged, with nothing new reported?",22.2,23.56,1.3599999999999994,3,22.16,23.72,0.8717948717948721,0.3333333333333333,0,,1,1,1,1,0.1292775665399239,No. Nothing new.,up? Any new symptoms? No. Nothing new. Should there be? I
whisper_large_v3,sample_17_yes_q03,sample_17,Is the medicine to be taken after a meal?,46.1,47.52,1.4200000000000017,6,45.58,47.76,0.6513761467889917,0.3333333333333333,0,,1,1,1,1,0.10906298003072207,You take it after a meal.,daily for 2 weeks. You take it after a meal. After a meal every day
whisper_large_v3,sample_17_yes_q02,sample_17,Should the daily dose be 100 mg?,42.84,44.42,1.5799999999999983,4,42.26,44.78,0.6269841269841255,0.75,1,1.0,1,1,1,1,0.12135176651305668,100 mg daily for,Sporanox. 100 mg daily for 2 weeks. You take
whisper_large_v3,sample_17_yes_q01,sample_17,Will the treatment last two weeks?,48.18,50.7,2.520000000000003,8,48.08,50.88,0.8999999999999998,0.25,1,0.0,1,1,1,1,0.19119878603945395,After a meal every day for 2 weeks.,You take it after a meal. After a meal every day for 2 weeks. Exactly right. Always
whisper_large_v3,sample_18_yes_q04,sample_18,Should kidney function be monitored?,41.82,45.58,3.759999999999998,10,41.8,45.72,0.9591836734693868,0.6666666666666666,0,,1,1,1,1,0.33156966490299794,we should monitor your blood pressure and your kidney function.,that harming me? It means we should monitor your blood pressure and your kidney function. That is the sensible
whisper_large_v3,sample_18_yes_q02,sample_18,Did the patient ask for a renewal of the Ibumetin prescription?,17.24,18.5,1.2600000000000016,5,17.08,18.64,0.8076923076923075,0.25,0,,4,0,0,1,0.09905660377358501,I need my ibumetin renewed.,what can I do for you? I need my ibumetin renewed. All right. And
whisper_large_v3,sample_18_yes_q01,sample_18,Has the Ibumetin prescription been issued?,69.38,72.04,2.660000000000011,5,69.12,72.62,0.7600000000000031,0.3333333333333333,0,,1,1,1,1,0.21246006389776426,Yes. The prescription is created.,renew the ibumetin today? Yes. The prescription is created. Does that plan sound workable
whisper_large_v3,sample_18_yes_q07,sample_18,Is the patient also taking Pantoprazole?,20.92,26.3,5.379999999999999,13,20.08,26.38,0.8539682539682537,1.0,0,,1,1,1,1,0.3909883720930231,"And you are still taking pantoprazole alongside it? Yes, every day with it.","All right. And you are still taking pantoprazole alongside it? Yes, every day with it. Good. Now,"
whisper_large_v3,sample_18_yes_q06,sample_18,Will the blood tests include cholesterol and blood sugar?,62.5,65.94,3.4399999999999977,6,62.5,66.12,0.9502762430939208,0.6,0,,1,1,1,1,0.27564102564102555,"check kidneys, cholesterol, and blood sugar.","a time for those. We check kidneys, cholesterol, and blood sugar. And you will still renew the ibumetin"
whisper_large_v3,sample_18_yes_q03,sample_18,Does the doctor consider the NSAID use long-standing and high?,33.0,38.66,5.659999999999997,11,33.0,38.34,0.9434628975265029,0.0,0,,7,0,0,0,0.44357366771159845,have used anti -inflammatory painkillers heavily and for a long time.,with you about. You have used anti -inflammatory painkillers heavily and for a long time. Is that harming me?
whisper_large_v3,sample_18_yes_q05,sample_18,Was blood pressure to be measured at home over three days?,50.74,55.1,4.359999999999999,14,50.5,55.0,0.9260869565217384,0.8571428571428571,1,1.0,1,1,1,1,0.45511482254697255,I would like you to measure your blood pressure at home over three days.,How do we go about that? I would like you to measure your blood pressure at home over three days. I can do that. And
whisper_large_v3,sample_19_yes_q04,sample_19,Is the patient still being treated for asthma?,26.3,28.12,1.8200000000000003,8,26.12,28.76,0.6893939393939393,1.0,0,,1,1,1,1,0.17041198501872662,I am still being treated for asthma and,fine. Anything else? I am still being treated for asthma and for reflux. Noted.
whisper_large_v3,sample_19_yes_q01,sample_19,Were three prescriptions renewed in total?,68.24,71.64,3.4000000000000057,7,68.18,72.04,0.880829015544043,0.5,1,1.0,1,1,1,1,0.2397743300423134,"Activel, Aromir, and Isomeprazole. All three renewed.","prescriptions will I get? Activel, Aromir, and Isomeprazole. All three renewed. The Isomeprazole"
whisper_large_v3,sample_19_yes_q02,sample_19,Has Esomeprazole been renewed as well?,68.24,71.64,3.4000000000000057,7,68.18,72.04,0.880829015544043,0.3333333333333333,0,,1,1,1,1,0.2397743300423134,"Activel, Aromir, and Isomeprazole. All three renewed.","prescriptions will I get? Activel, Aromir, and Isomeprazole. All three renewed. The Isomeprazole"
whisper_large_v3,sample_19_yes_q03,sample_19,Is Airomir among the renewed medicines?,68.24,71.64,3.4000000000000057,7,68.18,72.04,0.880829015544043,0.25,0,,1,1,1,1,0.2397743300423134,"Activel, Aromir, and Isomeprazole. All three renewed.","prescriptions will I get? Activel, Aromir, and Isomeprazole. All three renewed. The Isomeprazole"
whisper_large_v3,sample_20_yes_q01,sample_20,Was Ibumetin renewed as well?,182.44,186.3,3.8600000000000136,10,181.88,186.3,0.8733031674208144,0.0,0,,48,0,0,0,0.35412844036697355,"I am creating prescriptions for both PAMEL and ibumedin now,","doing? Yes. I am creating prescriptions for both PAMEL and ibumedin now, and they will be waiting for you at the"
whisper_large_v3,sample_20_yes_q05,sample_20,Is Pamol one of the medicines requested?,182.44,184.98,2.539999999999992,8,181.88,185.16,0.7743902439024364,0.0,1,0.0,47,0,0,0,0.23302752293577897,I am creating prescriptions for both PAMEL and,"doing? Yes. I am creating prescriptions for both PAMEL and ibumedin now, and they"
whisper_large_v3,sample_20_yes_q02,sample_20,Has the pain problem been described as stable?,102.3,105.02,2.719999999999999,9,101.86,105.06,0.8499999999999989,0.75,0,,2,0,1,1,0.2693069306930693,"Then we are looking at a stable pain problem,","turned up to alarm me. Good. Then we are looking at a stable pain problem, with a continued need for pain"
whisper_large_v3,sample_20_yes_q04,sample_20,Does the patient still need pain relief?,105.56,107.46,1.8999999999999915,6,105.54,107.6,0.9223300970873799,0.75,0,,1,1,1,1,0.18811881188118737,a continued need for pain relief.,"stable pain problem, with a continued need for pain relief. That is a relief to"
whisper_large_v3,sample_20_yes_q03,sample_20,Were both prescriptions issued?,182.44,184.5,2.0600000000000023,7,181.88,184.9,0.6821192052980117,0.5,0,,1,1,1,1,0.18899082568807352,I am creating prescriptions for both PAMEL,"doing? Yes. I am creating prescriptions for both PAMEL and ibumedin now,"
whisper_large_v3,sample_23_yes_q03,sample_23,Was a skin wart found under the right breast?,23.12,25.66,2.539999999999999,10,22.3,25.7,0.7470588235294118,0.8,0,,1,1,1,1,0.2778993435448577,"The one under your right breast is a skin wart,","gone. Let me look at them. The one under your right breast is a skin wart, about one centimeter. And"
whisper_large_v3,sample_23_yes_q05,sample_23,Has the patient been informed about the risk of scarring and infection?,75.26,79.54,4.280000000000001,18,75.0,79.68,0.9145299145299134,0.5,0,,1,1,1,1,0.49422632794457305,"There will be a scar where each one is removed, and there is a risk of infection afterwards.","hear the downside now. There will be a scar where each one is removed, and there is a risk of infection afterwards. You should know both before we"
whisper_large_v3,sample_23_yes_q02,sample_23,Does the patient want the skin changes removed?,85.28,88.5,3.219999999999999,12,84.62,88.54,0.8214285714285707,0.0,0,,23,0,0,0,0.31322957198443563,risk. I would still rather have them off than keep catching them.,A scar and an infection risk. I would still rather have them off than keep catching them. Understood. Then the appointment
whisper_large_v3,sample_23_yes_q04,sample_23,Is an appointment for the removal going to be arranged?,90.2,92.2,2.0,8,89.76,92.26,0.8,0.5,0,,4,0,0,1,0.1897533206831121,Then the appointment for removal is the plan.,them. Understood. Then the appointment for removal is the plan. Good. Any idea whether
whisper_large_v3,sample_23_yes_q06,sample_23,Do the changes on the abdomen and lower leg resemble seborrheic keratoses?,43.44,45.58,2.1400000000000006,5,43.42,45.7,0.93859649122807,0.2857142857142857,0,,2,0,1,1,0.20616570327552988,They look like seborrheic keratoses.,ground. What do you think they are? They look like seborrheic keratoses. That is a common harmless growth.
whisper_large_v3,sample_23_yes_q01,sample_23,Were the skin changes judged to be benign?,53.3,56.2,2.9000000000000057,9,52.86,56.34,0.833333333333334,0.75,0,,1,1,1,1,0.2772466539196946,My assessment is that these are benign skin changes.,"I am describing what I see. My assessment is that these are benign skin changes. Benign, all of them? Including"
whisper_large_v3,sample_33_yes_q06,sample_33,"The visit is a follow-up on allergic rhinitis, correct?",13.94,17.42,3.480000000000002,9,13.64,17.6,0.8787878787878791,0.4,0,,1,1,1,1,0.3252336448598133,This is your follow -up for allergic rhinitis. Yes.,right room. You have. This is your follow -up for allergic rhinitis. Yes. I have been worrying about
whisper_large_v3,sample_33_yes_q02,sample_33,Is the patient free of symptoms at the moment?,27.02,31.5,4.48,15,26.72,31.6,0.9180327868852455,0.6666666666666666,0,,1,1,1,1,0.43949044585987274,I do not have any symptoms right now. No symptoms at all at the moment?,been? It has helped. I do not have any symptoms right now. No symptoms at all at the moment? None. And that is partly
whisper_large_v3,sample_33_yes_q04,sample_33,Did the antihistamine work well?,58.82,61.32,2.5,7,58.32,61.36,0.8223684210526319,0.3333333333333333,0,,1,1,1,1,0.20559210526315783,The antihistamine is having a good effect.,working? Yes. The antihistamine is having a good effect. So I feel well because of
whisper_large_v3,sample_33_yes_q03,sample_33,Has the medication helped the patient?,55.34,58.28,2.9399999999999977,7,54.62,58.32,0.7945945945945934,0.0,0,,12,0,0,0,0.21713441654357443,So the medicine is genuinely working? Yes.,examination. All right. So the medicine is genuinely working? Yes. The antihistamine is having
whisper_large_v3,sample_33_yes_q05,sample_33,Are the findings unremarkable?,44.86,52.62,7.759999999999998,19,44.28,53.46,0.8453159041394334,0.0,0,,10,0,0,0,0.5550786838340486,The examination I have done is normal. Normal in all of it? Yes. Nothing abnormal was found on examination.,missed. I understand. The examination I have done is normal. Normal in all of it? Yes. Nothing abnormal was found on examination. All right.
whisper_large_v3,sample_33_yes_q01,sample_33,Should the patient carry on with the treatment as needed?,69.06,71.0,1.9399999999999977,8,68.82,71.18,0.822033898305079,0.3333333333333333,0,,1,1,1,1,0.18406072106261828,The plan is to continue it as needed.,Do I stop taking it now? The plan is to continue it as needed. As needed. So
whisper_large_v3,sample_37_yes_q05,sample_37,Is the skin intact?,28.5,30.0,1.5,4,27.82,30.22,0.6250000000000003,1.0,0,,2,0,1,1,0.11682242990654206,The skin is intact.,it. Of course. The skin is intact. There is no erythema migrans.
whisper_large_v3,sample_37_yes_q03,sample_37,Was erythema migrans absent?,30.68,32.62,1.9399999999999977,5,30.22,32.62,0.8083333333333329,0.6666666666666666,0,,1,1,1,1,0.15109034267912755,There is no erythema migrans.,The skin is intact. There is no erythema migrans. So no expanding
whisper_large_v3,sample_37_yes_q04,sample_37,Are redness and swelling absent?,17.58,22.18,4.600000000000001,9,17.52,22.28,0.9663865546218487,0.6666666666666666,0,,1,1,1,1,0.3533026113671276,No redness at all. Any swelling? No swelling either.,redness around the site? No redness at all. Any swelling? No swelling either. The area looks unchanged to
whisper_large_v3,sample_37_yes_q06,sample_37,"The plan involves no treatment, right?",60.02,61.34,1.3200000000000003,4,59.42,61.7,0.5789473684210524,0.3333333333333333,0,,1,1,1,1,0.08343868520859674,No treatment is needed.,Observation. No treatment is needed. So no antibiotics today?
whisper_large_v3,sample_37_yes_q01,sample_37,Did the patient get a tick bite?,13.74,14.52,0.7799999999999994,3,13.32,14.6,0.6093749999999998,0.6666666666666666,0,,1,1,1,1,0.0758754863813229,A tick bite.,looked at. Right. A tick bite. Any redness around the site?
whisper_large_v3,sample_37_yes_q02,sample_37,Has the patient been told simply to keep an eye on the area?,56.02,59.34,3.3200000000000003,6,56.36,59.42,0.8764705882352957,0.0,0,,11,0,0,0,0.20986093552465235,Then what is the plan? Observation.,no rash at the site. Then what is the plan? Observation. No treatment is needed.
whisper_large_v3,sample_39_yes_q02,sample_39,Does the patient have pain in the lower back?,22.64,23.92,1.2800000000000011,5,22.5,24.12,0.7901234567901236,1.0,0,,1,1,1,1,0.12307692307692317,Pain in my lower back.,what brings you in today. Pain in my lower back. It feels muscular. Does
whisper_large_v3,sample_39_yes_q04,sample_39,Was reduced mobility found during the examination?,47.34,53.04,5.699999999999996,14,47.32,53.28,0.9563758389261736,0.2,0,,1,1,1,1,0.41605839416058354,"Your movement is also reduced when you bend and turn. Yes, it feels stiff.","That would explain the tightness. Your movement is also reduced when you bend and turn. Yes, it feels stiff. Putting it together, this"
whisper_large_v3,sample_39_yes_q03,sample_39,Were painkillers part of the treatment plan?,63.56,65.8,2.239999999999995,7,63.36,66.2,0.7887323943661945,0.25,0,,1,1,1,1,0.16045845272206266,"For treatment, I recommend pain relief and","Right. That makes sense. For treatment, I recommend pain relief and an exercise program."
whisper_large_v3,sample_39_yes_q01,sample_39,"The pain was assessed as nonspecific musculoskeletal pain, right?",55.32,60.68,5.359999999999999,12,54.94,61.1,0.8701298701298695,0.5,0,,1,1,1,1,0.39067055393586003,"this is nonspecific muscle and joint pain in the back, without radiation.","Putting it together, this is nonspecific muscle and joint pain in the back, without radiation. Right. That makes sense."
whisper_large_v3,sample_42_yes_q02,sample_42,Was the blood pressure measured at 135/88?,39.16,42.54,3.3800000000000026,7,39.04,42.74,0.9135135135135135,0.5,1,0.0,2,0,1,1,0.2864406779661019,Your blood pressure is 135 over 88.,So what did you find? Your blood pressure is 135 over 88. 135 over
whisper_large_v3,sample_42_yes_q07,sample_42,Did the doctor assess the patient as slightly overweight?,62.26,65.16,2.8999999999999986,8,61.88,65.16,0.8841463414634159,0.25,0,,1,1,1,1,0.2213740458015266,It puts you in the mildly overweight range.,what does that tell you? It puts you in the mildly overweight range. Mildly overweight.
whisper_large_v3,sample_42_yes_q06,sample_42,Were exercise recommendations also part of the plan?,89.86,93.12,3.260000000000005,8,89.86,92.9,0.9325153374233134,0.5,0,,1,1,1,1,0.25832012678288463,plan is advice on diet and on exercise.,something I should be doing? The plan is advice on diet and on exercise. Diet and exercise.
whisper_large_v3,sample_42_yes_q05,sample_42,Does the patient have a BMI of 28?,56.18,58.38,2.200000000000003,6,56.2,58.44,0.9646017699115051,0.5,1,1.0,1,1,1,1,0.18998272884283263,Your body mass index is 28.,anything else you measured? Your body mass index is 28. 28. And what
whisper_large_v3,sample_42_yes_q03,sample_42,Has the patient been given advice about diet?,89.86,91.76,1.9000000000000057,6,89.86,92.08,0.8558558558558589,0.6666666666666666,0,,1,1,1,1,0.17527675276752813,plan is advice on diet and,something I should be doing? The plan is advice on diet and on exercise.
whisper_large_v3,sample_42_yes_q01,sample_42,Is the patient feeling well?,17.22,18.48,1.2600000000000016,3,17.22,18.54,0.9545454545454555,0.5,0,,1,1,1,1,0.12045889101338446,feel perfectly well.,"Yes, that is right. And I have to say, I feel perfectly well. No complaints at all, which almost"
whisper_large_v3,sample_42_yes_q04,sample_42,"The visit was a preventive health check, correct?",11.92,14.14,2.2200000000000006,7,11.46,14.96,0.6342857142857145,0.6,0,,1,1,1,1,0.2269938650306749,This is your preventive health check today.,"It has its moments. This is your preventive health check today. Yes, that is right. And"
whisper_large_v3,sample_43_yes_q02,sample_43,Does the patient have a sore throat?,4.82,6.24,1.42,6,4.22,6.36,0.6635514018691586,1.0,0,,1,1,1,1,0.142,My throat has been really sore.,seat. Thanks. My throat has been really sore. A sore throat. Let
whisper_large_v3,sample_43_yes_q05,sample_43,Did the examination find no pus in the throat?,31.76,34.28,2.5199999999999996,11,31.04,34.2,0.7530864197530863,0.5,0,,1,1,1,1,0.24091778202676867,"I also looked at your throat, and there was no pus.","In this case, yes. I also looked at your throat, and there was no pus. No pus. That"
whisper_large_v3,sample_43_yes_q04,sample_43,Was the strep test negative?,23.06,23.78,0.7200000000000024,3,22.84,23.94,0.6545454545454559,0.3333333333333333,0,,1,1,1,1,0.07185628742514995,It was negative.,And what did it say? It was negative. That means that bacterium was
whisper_large_v3,sample_43_yes_q01,sample_43,Is the infection considered to be viral?,44.22,46.78,2.5600000000000023,9,44.2,47.18,0.8590604026845654,0.6666666666666666,0,,1,1,1,1,0.2596348884381341,My assessment is that this is a viral infection.,"what is making it hurt, then? My assessment is that this is a viral infection. A virus. Not"
whisper_large_v3,sample_43_yes_q03,sample_43,Has the doctor decided against antibiotics?,59.48,63.9,4.420000000000002,13,59.06,64.04,0.8875502008032125,0.5,0,,1,1,1,1,0.38368055555555536,"The plan is no antibiotics, because they do not work against a virus.","for it? No. The plan is no antibiotics, because they do not work against a virus. All right. So"
whisper_large_v3,sample_47_yes_q03,sample_47,Has penicillin treatment been started?,71.86,79.4,7.540000000000006,14,71.66,79.5,0.9617346938775514,0.6666666666666666,0,,1,1,1,1,0.5582089552238807,"I am starting you on penicillin treatment. Penicillin. Starting from today? Yes, from today.","happens about treating it? I am starting you on penicillin treatment. Penicillin. Starting from today? Yes, from today. That is reassuring. I"
whisper_large_v3,sample_47_yes_q01,sample_47,Were coatings seen on the tonsils?,25.72,28.66,2.9400000000000013,10,25.86,28.82,0.9032258064516128,0.3333333333333333,0,,2,0,1,1,0.26441351888667997,Your tonsils are red and there is coating on them.,"Yes, please do. Your tonsils are red and there is coating on them. Coating. That"
whisper_large_v3,sample_47_yes_q02,sample_47,Does the patient have a sore throat?,8.32,11.7,3.379999999999999,12,8.22,11.84,0.9337016574585635,1.0,0,,1,1,1,1,0.3313725490196077,My throat. It is really sore and it hurts when I swallow.,What is troubling you? My throat. It is really sore and it hurts when I swallow. A sore throat and
whisper_large_v3,sample_48_yes_q03,sample_48,Was the TSH normal?,28.34,35.82,7.48,19,27.88,35.96,0.9257425742574256,0.5,0,,1,1,1,1,0.58712715855573,"The first was your thyroid -stimulating hormone, the thyroid. I had wondered about that one. It came back normal.","tested two things. The first was your thyroid -stimulating hormone, the thyroid. I had wondered about that one. It came back normal. Normal. And the other"
whisper_large_v3,sample_48_yes_q06,sample_48,Did the glucose test come back normal too?,38.96,43.04,4.079999999999998,11,38.96,43.1,0.9855072463768111,0.3333333333333333,0,,1,1,1,1,0.35978835978835977,"glucose, which is your blood sugar. That was normal as well.","And the other one? Your glucose, which is your blood sugar. That was normal as well. Both normal. So"
whisper_large_v3,sample_48_yes_q05,sample_48,Were both blood tests within normal limits?,41.74,44.36,2.6199999999999974,7,41.56,44.42,0.9160839160839154,0.2,0,,1,1,1,1,0.23104056437389756,That was normal as well. Both normal.,which is your blood sugar. That was normal as well. Both normal. So nothing was found at all.
whisper_large_v3,sample_48_yes_q04,sample_48,Has the patient been left without any specific treatment?,77.42,81.2,3.780000000000001,11,77.22,81.32,0.9219512195121967,0.5,0,,1,1,1,1,0.3810483870967748,No specific treatment is needed on the basis of these results.,So what is the plan then? No specific treatment is needed on the basis of these results. Nothing at all? That
whisper_large_v3,sample_48_yes_q02,sample_48,Is the patient's tiredness persistent?,11.18,18.78,7.600000000000001,19,11.02,19.0,0.9523809523809526,0.6666666666666666,0,,1,1,1,1,0.6354515050167225,"You came about tiredness. Yes, it has been going on and on. It simply does not lift. Persistent fatigue.","and it will make more sense. You came about tiredness. Yes, it has been going on and on. It simply does not lift. Persistent fatigue. That is what we were investigating."
whisper_large_v3,sample_48_yes_q07,sample_48,Does the doctor rule out an endocrine cause?,48.06,52.34,4.280000000000001,12,47.82,52.28,0.9336283185840699,0.25,0,,1,1,1,1,0.38558558558558587,My assessment is that there is no hormonal cause for the tiredness.,all. Correct. My assessment is that there is no hormonal cause for the tiredness. No hormonal cause.
whisper_large_v3,sample_48_yes_q01,sample_48,"The thyroid test gave a normal result, right?",28.34,35.82,7.48,19,27.88,35.96,0.9257425742574256,0.4,0,,1,1,1,1,0.58712715855573,"The first was your thyroid -stimulating hormone, the thyroid. I had wondered about that one. It came back normal.","tested two things. The first was your thyroid -stimulating hormone, the thyroid. I had wondered about that one. It came back normal. Normal. And the other"
whisper_large_v3,sample_50_yes_q04,sample_50,Are further tests needed before the diagnosis can be settled?,60.36,69.66,9.299999999999997,30,59.7,70.48,0.8627087198515766,0.4,0,,1,1,1,1,0.8675889328063231,Further tests have been arranged to settle it. And those will tell us for certain? That is why they are being done. Nothing changes for you until we have them.,"It is a suspicion. Further tests have been arranged to settle it. And those will tell us for certain? That is why they are being done. Nothing changes for you until we have them. Okay, I understand."
whisper_large_v3,sample_50_yes_q01,sample_50,"The HbA1c came out at 47 mmol/mol, right?",39.68,43.4,3.719999999999999,10,39.72,43.7,0.9154228855721385,0.25,2,0.5,1,1,1,1,0.31958762886597925,Your long -term sugar value was 47 millimoles per mole.,.0 millimoles per liter. Your long -term sugar value was 47 millimoles per mole. Is that high? I
whisper_large_v3,sample_50_yes_q03,sample_50,Was the patient's BMI recorded as 29?,23.86,25.96,2.1000000000000014,6,23.32,25.92,0.7803030303030309,0.25,1,1.0,1,1,1,1,0.1747088186356075,Your body mass index is 29.,"No symptoms, then. Your body mass index is 29. What does that number mean? It"
whisper_large_v3,sample_50_yes_q05,sample_50,Is the patient free of any symptoms at this visit?,20.38,22.78,2.400000000000002,6,20.02,22.88,0.83916083916084,0.3333333333333333,0,,1,1,1,1,0.20654044750430312,"I feel completely normal. No symptoms,","lately? No, nothing at all. I feel completely normal. No symptoms, then. Your body mass index"
whisper_large_v3,sample_50_yes_q02,sample_50,Does the patient have a fasting blood sugar of 7.0 mmol/L?,35.38,39.0,3.6199999999999974,9,35.38,39.08,0.9783783783783788,0.6,1,0.0,1,1,1,1,0.303691275167785,fasting blood sugar was 7 .0 millimoles per liter.,All right. Your fasting blood sugar was 7 .0 millimoles per liter. Your long -term sugar value was
whisper_large_v3,sample_52_yes_q02,sample_52,Did the doctor plan continued follow-up?,83.42,86.4,2.980000000000004,8,83.4,87.5,0.7268292682926849,0.5,0,,1,1,1,1,0.22074074074074104,plan is continued support and follow -up. Why,what happens next. The plan is continued support and follow -up. Why continued support
whisper_large_v3,sample_52_yes_q03,sample_52,Was the patient seen as engaged during the consultation?,59.06,62.7,3.6400000000000006,9,58.38,62.84,0.8161434977578476,0.25,0,,1,1,1,1,0.29545454545454547,"From what you describe, you seem engaged and motivated.","a degree, yes. From what you describe, you seem engaged and motivated. That is an impression,"
whisper_large_v3,sample_52_yes_q01,sample_52,"The patient understands the treatment well, right?",70.22,75.36,5.140000000000001,15,70.1,76.34,0.8237179487179476,0.3333333333333333,0,,5,0,0,1,0.40483870967741886,My assessment is that you have a good understanding of your illness and your treatment.,"impression, yes. My assessment is that you have a good understanding of your illness and your treatment. All right. I can"
whisper_large_v3,sample_54_yes_q04,sample_54,Was the foot examination normal?,51.62,54.6,2.980000000000004,8,51.3,54.86,0.8370786516853939,0.6666666666666666,0,,1,1,1,1,0.30040322580645196,Your feet are normal. The examination is fine.,There you are. Thank you. Your feet are normal. The examination is fine. Nothing wrong there either? Nothing.
whisper_large_v3,sample_54_yes_q03,sample_54,Has the patient received a flu vaccination?,13.82,15.76,1.9399999999999995,7,13.78,16.14,0.8220338983050841,0.6666666666666666,0,,1,1,1,1,0.21651785714285707,"Well, I have had my flu vaccination.","What would you like to start with? Well, I have had my flu vaccination. Good. Thank you for telling me."
whisper_large_v3,sample_54_yes_q02,sample_54,Did the plan include continued monitoring?,80.38,82.2,1.8200000000000074,5,80.2,82.32,0.8584905660377432,0.75,0,,1,1,1,1,0.2004405286343621,"The plan is continued monitoring,","today. Good. The plan is continued monitoring, with your annual check as usual."
whisper_large_v3,sample_54_yes_q01,sample_54,Does the doctor regard the diabetes as stable?,68.74,70.98,2.240000000000009,5,68.64,71.12,0.9032258064516151,0.5,0,,1,1,1,1,0.21132075471698197,"Overall, your diabetes looks stable.","they are fine. Thank you. Overall, your diabetes looks stable. There is nothing here that needs changing."
whisper_large_v3,sample_55_yes_q02,sample_55,Does the plan include routine follow-up?,79.42,80.84,1.4200000000000017,5,79.12,80.96,0.771739130434788,0.25,0,,1,1,1,1,0.10597014925373142,routine follow -up as usual.,"medicine? No, routine follow -up as usual. Routine, yes. I"
whisper_large_v3,sample_55_yes_q03,sample_55,Will the current treatment be continued?,71.12,74.22,3.0999999999999943,8,70.76,74.26,0.8857142857142841,0.6666666666666666,0,,1,1,1,1,0.23736600306278666,Continue your current treatment exactly as it is.,"Good, so nothing changes. Continue your current treatment exactly as it is. And I do not need anything extra?"
whisper_large_v3,sample_55_yes_q01,sample_55,Did the HbA1c come out at 43 mmol/mol?,32.56,36.72,4.159999999999997,10,32.26,37.08,0.8630705394190864,0.25,2,0.5,1,1,1,1,0.3668430335096999,Your long -term sugar value is 43 millimoles per mole.,week. They were. Your long -term sugar value is 43 millimoles per mole. Is that a good number? It
whisper_large_v3,sample_56_yes_q01,sample_56,Has the cause of the tiredness remained unexplained?,61.66,64.2,2.5400000000000063,7,61.28,64.3,0.8410596026490098,0.25,0,,1,1,1,1,0.23605947955390383,We have not identified a specific cause.,"That is the honest part. We have not identified a specific cause. So, you do not know?"
whisper_large_v3,sample_56_yes_q02,sample_56,Did the COVID-19 test come back negative?,48.84,50.82,1.9799999999999969,5,48.72,51.2,0.798387096774191,0.4,1,0.0,1,1,1,1,0.15184049079754577,your coronavirus test was negative.,"Normal, right. And your coronavirus test was negative. Oh, that is good,"
whisper_large_v3,sample_56_yes_q04,sample_56,"The patient's thyroid function was checked, wasn't it?",44.92,46.5,1.5799999999999983,5,44.44,46.6,0.7314814814814794,0.2,0,,1,1,1,1,0.1343537414965985,Your thyroid tests are normal.,"They came back reassuring. Your thyroid tests are normal. Normal, right."
whisper_large_v3,sample_56_yes_q03,sample_56,Will further measures be held off for the time being?,81.92,85.66,3.739999999999995,11,81.9,85.88,0.9396984924623127,0.2,0,,1,1,1,1,0.3596153846153844,"the moment we observe, I am not starting anything further today.","So, what happens next? For the moment we observe, I am not starting anything further today. Nothing at all? Nothing further"
whisper_large_v3,sample_57_yes_q05,sample_57,Will the patient continue on the current medication?,117.6,122.54,4.940000000000012,14,117.26,122.74,0.9014598540146024,1.0,0,,1,1,1,1,0.36270190895741633,"You continue your lifestyle exactly as you are, and you continue your current medication.","Now, the plan. You continue your lifestyle exactly as you are, and you continue your current medication. Same medication,"
whisper_large_v3,sample_57_yes_q07,sample_57,Is the diabetes considered stable?,97.54,100.0,2.4599999999999937,8,97.54,100.28,0.8978102189781015,0.6666666666666666,0,,2,0,1,1,0.23163841807909566,assessment is that your diabetes is stable and,reasoning behind it. My assessment is that your diabetes is stable and that no changes are needed.
whisper_large_v3,sample_57_yes_q04,sample_57,Has the patient kept up the lifestyle changes?,59.74,62.1,2.3599999999999994,8,59.54,62.26,0.8676470588235295,0.5,0,,1,1,1,1,0.24789915966386541,I have kept it up. I really have.,things you were working on? I have kept it up. I really have. It is part of my routine
whisper_large_v3,sample_57_yes_q03,sample_57,Was it concluded that no changes to treatment are needed?,117.6,122.54,4.940000000000012,14,117.26,122.74,0.9014598540146024,0.0,0,,28,0,0,0,0.36270190895741633,"You continue your lifestyle exactly as you are, and you continue your current medication.","Now, the plan. You continue your lifestyle exactly as you are, and you continue your current medication. Same medication,"
whisper_large_v3,sample_57_yes_q06,sample_57,Does the patient feel stable?,30.06,33.8,3.7399999999999984,7,29.76,33.88,0.9077669902912615,0.5,0,,7,0,0,0,0.31911262798634804,how have you been feeling? Honestly? Stable.,"in order. First, how have you been feeling? Honestly? Stable. That is the word I keep coming back"
whisper_large_v3,sample_57_yes_q01,sample_57,Should the patient carry on with the same lifestyle?,117.6,120.1,2.5,8,117.26,120.16,0.8620689655172439,0.3333333333333333,0,,1,1,1,1,0.23320895522388063,"You continue your lifestyle exactly as you are,","Now, the plan. You continue your lifestyle exactly as you are, and you continue your current medication."
whisper_large_v3,sample_57_yes_q02,sample_57,"The patient stays on the medicine already in use, correct?",120.9,122.54,1.6400000000000006,4,120.82,122.74,0.8541666666666662,0.0,0,,31,0,0,0,0.12041116005873716,continue your current medication.,"exactly as you are, and you continue your current medication. Same medication,"
whisper_large_v3,sample_63_yes_q01,sample_63,Was the diabetes control judged to be good?,57.2,61.92,4.719999999999999,9,56.6,61.88,0.8796992481203006,0.75,0,,1,1,1,1,0.3282336578581362,My assessment is good diabetes control with no complications.,It is. My assessment is good diabetes control with no complications. Good.
whisper_large_v3,sample_63_yes_q02,sample_63,"The lipid profile came back normal, didn't it?",0.0,0.26,0.26,2,0.0,0.64,0.40625,0.0,0,,4,0,0,1,0.023593466424682397,"Good morning,","Good morning, Anne. Come in and sit"
whisper_large_v3,sample_63_yes_q03,sample_63,Was the HbA1c measured at 41 mmol/mol?,36.72,41.92,5.200000000000003,8,36.16,42.16,0.8666666666666671,0.25,2,0.5,1,1,1,1,0.40944881889763807,Your hemoglobin A1c is 41 millimoles per mole.,"right? They are. Your hemoglobin A1c is 41 millimoles per mole. I think that is a low number,"
whisper_large_v3,sample_63_yes_q05,sample_63,Are annual check-ups planned to continue?,64.76,70.16,5.3999999999999915,16,64.72,70.18,0.989010989010986,0.25,0,,1,1,1,1,0.4248608534322818,the plan is to continue your current treatment and see you again for the yearly check.,Good. So the plan is to continue your current treatment and see you again for the yearly check. The same as before then. That
whisper_large_v3,sample_63_yes_q04,sample_63,Did the patient report no new symptoms?,24.46,27.46,3.0,11,24.34,27.92,0.837988826815642,0.6666666666666666,0,,1,1,1,1,0.2988047808764939,"No, I am not sure there is anything. No new symptoms.","since we last met? No, I am not sure there is anything. No new symptoms. That is useful to know."
whisper_large_v3,sample_64_yes_q04,sample_64,Is dry skin the reason for this consultation?,39.42,41.64,2.219999999999999,8,38.96,41.7,0.8102189781021888,0.5,0,,3,0,1,1,0.25934579439252337,"The skin on them has become very dry,","It is my feet. The skin on them has become very dry, and it has bothered me enough that"
whisper_large_v3,sample_64_yes_q01,sample_64,Was the condition assessed as xerosis?,72.26,73.98,1.7199999999999989,5,72.16,74.24,0.8269230769230771,0.6666666666666666,0,,1,1,1,1,0.17879417879417858,The condition is called xerosis.,hear you say it out loud. The condition is called xerosis. It simply means dry
whisper_large_v3,sample_64_yes_q03,sample_64,"A moisturizing cream was prescribed, wasn't it?",88.04,91.22,3.1799999999999926,8,87.92,91.12,0.9333333333333336,0.5,0,,1,1,1,1,0.24386503067484594,I will prescribe a moisturizing cream for you.,It usually does. I will prescribe a moisturizing cream for you. That is straightforward.
whisper_large_v3,sample_64_yes_q02,sample_64,Did the examination rule out any wounds?,0.0,0.16,0.16,2,0.0,0.74,0.21621621621621623,0.0,0,,1,1,1,1,0.016597510373443983,Good afternoon.,Good afternoon. I am Dr. Brune.
whisper_large_v3,sample_66_yes_q03,sample_66,Was the vaccination given as part of diabetes care?,31.34,35.18,3.84,12,31.32,35.26,0.974619289340102,0.8,0,,1,1,1,1,0.4423963133640555,am here for the influenza vaccination as part of my diabetes care.,brings you in today. I am here for the influenza vaccination as part of my diabetes care. That is right.
whisper_large_v3,sample_66_yes_q04,sample_66,"The diabetes status was described as stable, wasn't it?",113.08,114.86,1.7800000000000011,4,112.98,114.98,0.8900000000000006,0.6,0,,1,1,1,1,0.1682419659735351,diabetes status is stable.,"itself, how would you describe it? Your diabetes status is stable. Stable. So"
whisper_large_v3,sample_66_yes_q02,sample_66,Is the patient free of any reaction after the injection?,93.14,96.36,3.219999999999999,9,92.92,96.48,0.904494382022471,0.0,0,,1,1,1,1,0.2652388797364085,"Perfectly fine, thank you. Nothing out of the ordinary.","How are you feeling? Perfectly fine, thank you. Nothing out of the ordinary. And I can see no reaction"
whisper_large_v3,sample_66_yes_q01,sample_66,Will the treatment continue without changes?,116.96,122.94,5.980000000000004,20,116.36,123.14,0.8820058997050152,0.25,0,,1,1,1,1,0.5702970297029689,So I take it there is nothing that needs adjusting? Nothing at all. There are no changes to make today.,stable. Stable. So I take it there is nothing that needs adjusting? Nothing at all. There are no changes to make today. And looking ahead?
whisper_large_v3,sample_67_yes_q02,sample_67,"The doctor described the diabetes as stable, right?",70.32,72.42,2.1000000000000085,6,69.98,72.5,0.833333333333338,0.5,0,,1,1,1,1,0.2046783625731003,"Taken together, your diabetes is stable,","It is why we use it. Taken together, your diabetes is stable, with good self -care on your part."
whisper_large_v3,sample_67_yes_q05,sample_67,Will the treatment be continued unchanged?,89.12,90.98,1.8599999999999994,6,89.14,91.34,0.8288288288288308,0.6666666666666666,0,,1,1,1,1,0.15525876460767937,We continue your treatment unchanged and,Nothing changes. We continue your treatment unchanged and keep to the regular check -ups.
whisper_large_v3,sample_67_yes_q04,sample_67,Is the patient's self-care considered good?,72.78,74.44,1.6599999999999966,7,72.5,74.78,0.7280701754385946,0.25,0,,2,0,1,1,0.15689981096408287,with good self -care on your part.,"together, your diabetes is stable, with good self -care on your part. You are confident about that,"
whisper_large_v3,sample_67_yes_q01,sample_67,Does the patient say they are doing well?,21.8,24.62,2.8200000000000003,5,21.86,24.68,0.9583333333333343,0.3333333333333333,0,,3,0,1,1,0.26159554730983303,"Good, honestly. I feel well.","How have you been feeling in yourself? Good, honestly. I feel well. I have kept to the diet and the"
whisper_large_v3,sample_67_yes_q06,sample_67,Is the patient sticking to the diet and lifestyle advice?,25.36,27.72,2.3599999999999994,12,25.34,27.88,0.9291338582677167,0.5,0,,1,1,1,1,0.21892393320964743,I have kept to the diet and the lifestyle side of things.,I feel well. I have kept to the diet and the lifestyle side of things. That is not nothing.
whisper_large_v3,sample_67_yes_q07,sample_67,Has the weight remained stable?,39.48,40.44,0.9600000000000009,4,39.42,40.58,0.8275862068965549,0.6666666666666666,0,,1,1,1,1,0.09230769230769237,Your weight is stable.,"and we can see it today. Your weight is stable. Stable compared with when,"
whisper_large_v3,sample_67_yes_q03,sample_67,Was the HbA1c 43 mmol/mol?,51.68,55.5,3.8200000000000003,8,51.32,55.62,0.8883720930232565,0.3333333333333333,2,0.5,1,1,1,1,0.3291366906474818,Your hemoglobin A1c is 43 millimoles per mole.,and the blood test? Your hemoglobin A1c is 43 millimoles per mole. And what is that based on?
whisper_large_v3,sample_69_yes_q02,sample_69,Does the patient feel well?,30.92,33.08,2.1599999999999966,5,30.94,33.14,0.9639639639639631,1.0,0,,1,1,1,1,0.21556886227544877,"Well, actually, I feel fine.","have you been feeling in yourself? Well, actually, I feel fine. That is partly why the nerves seem"
whisper_large_v3,sample_69_yes_q01,sample_69,Was the blood pressure normal?,42.5,43.68,1.1799999999999997,5,42.48,43.74,0.9365079365079325,1.0,0,,1,1,1,1,0.12688172043010754,"Your blood pressure is normal,","So what did you find today? Your blood pressure is normal, and your foot status is normal."
whisper_large_v3,sample_69_yes_q03,sample_69,Is the foot status normal?,44.22,45.46,1.240000000000002,5,44.1,45.58,0.8378378378378409,1.0,0,,1,1,1,1,0.13333333333333358,your foot status is normal.,"Your blood pressure is normal, and your foot status is normal. Both normal. And you"
whisper_large_v3,sample_69_yes_q04,sample_69,Will the regular check-ups be continued?,68.26,69.96,1.6999999999999886,7,68.26,70.14,0.9042553191489323,0.0,0,,17,0,0,0,0.20531400966183436,plan is to continue your checkups and,relief to hear it said plainly. The plan is to continue your checkups and carry on with your lifestyle as you
whisper_large_v3,sample_69_yes_q06,sample_69,"The diabetes was judged to be stable, right?",57.68,58.9,1.2199999999999989,4,57.68,59.22,0.7922077922077919,0.6666666666666666,0,,1,1,1,1,0.10132890365448502,diabetes is stable with,"Understandable. Overall, your diabetes is stable with no signs of complications."
whisper_large_v3,sample_69_yes_q05,sample_69,Are there no signs of complications?,59.28,60.52,1.240000000000002,4,59.22,60.94,0.7209302325581411,1.0,0,,1,1,1,1,0.10869565217391314,no signs of complications.,"Overall, your diabetes is stable with no signs of complications. No complications at all?"
whisper_large_v3,sample_70_yes_q04,sample_70,"The vaccination went as planned, didn't it?",80.46000000000001,83.34,2.8799999999999955,11,80.2,83.66,0.8323699421965319,0.0,0,,22,0,0,0,0.2637362637362633,Then I can say that there were no side effects today.,really. Good. Then I can say that there were no side effects today. That is a relief.
whisper_large_v3,sample_70_yes_q06,sample_70,Was the vaccine actually given?,54.54,56.32,1.7800000000000011,5,54.1,56.42,0.7672413793103452,0.3333333333333333,0,,2,0,1,1,0.12606232294617575,"That is the vaccination given,","Okay. There. That is the vaccination given, exactly as planned for this season."
whisper_large_v3,sample_70_yes_q01,sample_70,Were no further measures decided on?,116.98,118.92,1.9399999999999977,6,116.86,119.08,0.8738738738738733,0.3333333333333333,0,,1,1,1,1,0.17321428571428546,No extra measures from my side.,nothing further is needed. No extra measures from my side. So I just go home?
whisper_large_v3,sample_70_yes_q05,sample_70,Is this vaccination something the patient receives annually?,19.48,25.54,6.059999999999999,15,18.78,25.76,0.8681948424068765,0.25,0,,5,0,0,1,0.4455882352941175,"You are here for your yearly influenza vaccination, is that correct? Yes, the annual one.","Right, on to today. You are here for your yearly influenza vaccination, is that correct? Yes, the annual one. Good. That is"
whisper_large_v3,sample_70_yes_q02,sample_70,Can the patient leave without any additional treatment?,116.98,124.66,7.679999999999993,18,116.86,124.72,0.9770992366412206,0.0,0,,27,0,0,0,0.5655375552282764,No extra measures from my side. So I just go home? Exactly. Nothing more follows from today's visit.,nothing further is needed. No extra measures from my side. So I just go home? Exactly. Nothing more follows from today's visit. Good. Take
whisper_large_v3,sample_70_yes_q03,sample_70,Is the patient free of side effects after the vaccine?,80.46000000000001,83.34,2.8799999999999955,11,80.2,83.66,0.8323699421965319,0.5,0,,1,1,1,1,0.2637362637362633,Then I can say that there were no side effects today.,really. Good. Then I can say that there were no side effects today. That is a relief.
whisper_large_v3,sample_71_yes_q03,sample_71,Did the creatinine come back normal?,78.86,80.46,1.5999999999999943,4,78.6,80.58,0.8080808080808036,0.5,0,,1,1,1,1,0.15936254980079637,Your creatinine is normal.,"The one you always check for me? Your creatinine is normal. Well, that is all three of them"
whisper_large_v3,sample_71_yes_q04,sample_71,Was the HbA1c 42 mmol/mol?,53.7,57.78,4.079999999999998,8,53.56,57.9,0.9400921658986179,0.3333333333333333,2,0.5,1,1,1,1,0.40718562874251496,Your hemoglobin A1c is 42 millimoles per mole.,been curious about them all week. Your hemoglobin A1c is 42 millimoles per mole. And that is a good one? I
whisper_large_v3,sample_71_yes_q05,sample_71,Are there no signs of complications?,89.46,91.64,2.180000000000007,6,89.38,92.14,0.7898550724637691,1.0,0,,1,1,1,1,0.19429590017825374,there are no signs of complications.,"your diabetes is stable, and there are no signs of complications. No complications. That"
whisper_large_v3,sample_71_yes_q01,sample_71,Is the LDL cholesterol 2.2 mmol/L?,70.34,74.32,3.9799999999999898,9,70.18,74.56,0.9086757990867566,0.5,1,0.0,1,1,1,1,0.3733583489681042,Your LDL cholesterol is 2 .2 millimoles per liter.,might have drifted since last time. Your LDL cholesterol is 2 .2 millimoles per liter. Right. And the kidney
whisper_large_v3,sample_71_yes_q02,sample_71,"The diabetes was described as stable, right?",85.68,88.92,3.239999999999995,9,85.14,88.98,0.8437499999999979,0.6666666666666666,0,,1,1,1,1,0.342494714587737,"So, my assessment is that your diabetes is stable,","I will take that gladly. So, my assessment is that your diabetes is stable, and there are no signs of"
whisper_large_v3,sample_75_yes_q01,sample_75,Does the patient deny any known exposure to COVID-19?,45.06,46.48,1.4199999999999946,1,46.08,47.2,0.1869158878504666,0.0,1,0.0,1,1,1,1,0.1230502599653375,Thank,Anyone around you who has had it? Thank you. I will look at your throat
whisper_large_v3,sample_75_yes_q02,sample_75,Is the patient also feeling tired?,31.08,31.94,0.860000000000003,2,29.84,32.68,0.30281690140845174,0.0,0,,8,0,0,0,0.06398809523809547,few days,on? A few days of
whisper_large_v3,sample_75_yes_q04,sample_75,Were rest and fluids recommended?,81.4,83.6,2.1999999999999886,8,81.32,83.82,0.8799999999999955,0.6666666666666666,0,,1,1,1,1,0.22132796780683994,The plan is rest and plenty of fluids.,so far? It is. The plan is rest and plenty of fluids. No antibiotics are needed because
whisper_large_v3,sample_75_yes_q03,sample_75,Has the patient had a sore throat for a few days?,29.62,35.9,6.279999999999998,8,29.26,35.96,0.9373134328358206,1.0,0,,1,1,1,1,0.46726190476190466,A few days of sore throat and tiredness.,"So, what has been going on? A few days of sore throat and tiredness. Is there anything you would connect it to?"
whisper_large_v3,sample_77_yes_q02,sample_77,Did the patient receive a tetanus vaccination?,77.72,80.36,2.6400000000000006,9,77.22,80.58,0.785714285714286,0.6666666666666666,0,,1,1,1,1,0.26883910386965365,I have also given you a tetanus vaccination today.,That is the treatment for this. I have also given you a tetanus vaccination today. Tetanus. Because of the thorn.
whisper_large_v3,sample_77_yes_q03,sample_77,Was the infection judged to follow a penetrating trauma?,49.56,52.96,3.3999999999999986,11,49.2,53.02,0.890052356020942,0.2,0,,1,1,1,1,0.3393213572854289,"The thorn broke the skin, and the infection came after that.","following the penetrating injury. The thorn broke the skin, and the infection came after that. An infection? That"
whisper_large_v3,sample_77_yes_q07,sample_77,Have about two weeks passed since the injury?,16.5,17.3,0.8000000000000007,3,16.42,17.32,0.8888888888888911,0.4,1,1.0,2,0,1,1,0.09876543209876555,"two weeks ago,","toe. I pricked it on a thorn about two weeks ago, and now I think it has become infected."
whisper_large_v3,sample_77_yes_q04,sample_77,Did the trouble start after the patient pricked themselves on a thorn?,15.14,19.3,4.16,18,14.6,19.46,0.8559670781893002,0.4,0,,1,1,1,1,0.5110565110565111,"I pricked it on a thorn about two weeks ago, and now I think it has become infected.","It is my big toe. I pricked it on a thorn about two weeks ago, and now I think it has become infected. Two weeks ago? On"
whisper_large_v3,sample_77_yes_q06,sample_77,"The patient was treated with penicillin, correct?",67.84,69.56,1.7199999999999989,6,67.86,69.54,0.9767441860465162,0.3333333333333333,0,,1,1,1,1,0.1762295081967211,We are treating it with penicillin.,"unclear. Yes, please do. We are treating it with penicillin. Penicillin. And that is"
whisper_large_v3,sample_77_yes_q05,sample_77,Is a foreign body ruled out?,32.7,34.9,2.1999999999999957,9,32.12,35.04,0.7534246575342447,0.6666666666666666,0,,1,1,1,1,0.2534562211981561,There is no foreign body left in the toe.,and that is what matters. There is no foreign body left in the toe. So no piece of the thorn is
whisper_large_v3,sample_77_yes_q01,sample_77,Does the patient have an infection in the big toe?,49.56,52.96,3.3999999999999986,11,49.2,53.02,0.890052356020942,0.3333333333333333,0,,4,0,0,1,0.3393213572854289,"The thorn broke the skin, and the infection came after that.","following the penetrating injury. The thorn broke the skin, and the infection came after that. An infection? That"
whisper_large_v3,sample_79_yes_q02,sample_79,Is chondromalacia patellae suspected on clinical grounds?,82.96,87.4,4.440000000000012,6,82.96,86.82,0.8693693693693669,0.2,0,,1,1,1,1,0.3769100169779297,suspect a condition called chondromalacia patelli.,"there? From what you describe, I suspect a condition called chondromalacia patelli. That is, softening or wear"
whisper_large_v3,sample_79_yes_q05,sample_79,Do the pains come and go rather than being constant?,24.72,28.16,3.4400000000000013,13,24.76,28.34,0.939226519337016,0.0,0,,13,0,0,0,0.3990267639902678,"I keep getting pain behind my right kneecap, and it keeps coming back.","today? It is my knee. I keep getting pain behind my right kneecap, and it keeps coming back. It is not there all the time,"
whisper_large_v3,sample_79_yes_q03,sample_79,Does the patient have pain behind the kneecap?,24.72,26.9,2.1799999999999997,8,24.76,26.92,0.9727272727272701,1.0,0,,1,1,1,1,0.24942791762013722,"I keep getting pain behind my right kneecap,","today? It is my knee. I keep getting pain behind my right kneecap, and it keeps coming back. It"
whisper_large_v3,sample_79_yes_q01,sample_79,Did the patient show up in person for the consultation?,0.0,2.8,2.8,7,0.0,2.8,1.0,0.0,0,,4,0,0,1,0.2661596958174905,"Louise, come in. Good to see you.","Louise, come in. Good to see you. Last time, you were telling me about"
whisper_large_v3,sample_79_yes_q04,sample_79,Was the suspicion reached without imaging?,80.88,87.4,6.52000000000001,12,80.66,86.82,0.8813056379821943,0.0,0,,28,0,0,0,0.5534804753820042,"there? From what you describe, I suspect a condition called chondromalacia patelli.","So, what do you think is going on in there? From what you describe, I suspect a condition called chondromalacia patelli. That is, softening or wear"
whisper_large_v3,sample_81_yes_q02,sample_81,Is a viral cause thought to be the most likely explanation?,63.88,68.32,4.439999999999991,11,63.68,68.44,0.9327731092436959,0.5,0,,1,1,1,1,0.4095940959409587,My assessment is that this is most likely a viral gastroenteritis.,"so what is your conclusion? My assessment is that this is most likely a viral gastroenteritis. Most likely, so you are not"
whisper_large_v3,sample_81_yes_q03,sample_81,Did the patient receive advice about fluid intake?,86.58,89.34,2.760000000000005,12,86.5,89.64,0.8789808917197467,0.75,0,,1,1,1,1,0.3115124153498877,I want to give you instead is advice on fluid intake and,prescribe? That is right. What I want to give you instead is advice on fluid intake and on treating the symptoms.
whisper_large_v3,sample_81_yes_q01,sample_81,Does the patient describe symptoms of gastroenteritis?,12.62,14.64,2.0200000000000014,5,12.14,14.98,0.7112676056338033,0.6666666666666666,0,,1,1,1,1,0.2167381974248928,All the usual gastroenteritis symptoms.,"looks like a stomach bug, honestly. All the usual gastroenteritis symptoms. Tell me a little more about what"
whisper_large_v3,sample_81_yes_q04,sample_81,Was gastroenteritis the diagnosis arrived at?,63.88,68.32,4.439999999999991,11,63.68,68.44,0.9327731092436959,0.3333333333333333,0,,1,1,1,1,0.4095940959409587,My assessment is that this is most likely a viral gastroenteritis.,"so what is your conclusion? My assessment is that this is most likely a viral gastroenteritis. Most likely, so you are not"
whisper_large_v3,sample_82_yes_q03,sample_82,"The lesions will be treated with freezing, right?",65.96,67.4,1.440000000000012,6,65.74,67.58,0.7826086956521789,0.3333333333333333,0,,1,1,1,1,0.12080536912751776,I will treat them with freezing.,What happens next? I will treat them with freezing. What does that involve?
whisper_large_v3,sample_82_yes_q01,sample_82,Do the elements resemble molluscs?,52.66,55.56,2.9000000000000057,6,52.46,56.16,0.7837837837837862,0.0,0,,13,0,0,0,0.22906793048973195,My suspicion is molluscum contagiosum. It,thorax. What are they? My suspicion is molluscum contagiosum. It is a common viral skin
whisper_large_v3,sample_82_yes_q02,sample_82,Has the patient noticed a wart-like growth?,27.16,28.46,1.3000000000000007,7,27.1,28.58,0.8783783783783807,0.0,0,,1,1,1,1,0.13655462184873954,It looks a bit like a wart.,growth in the middle of my chest. It looks a bit like a wart. Is there anything else in
whisper_large_v3,sample_82_yes_q04,sample_82,Were three small lesions seen in the same area of the thorax?,40.24,45.36,5.119999999999997,15,40.16,45.78,0.9110320284697497,0.7142857142857143,1,1.0,1,1,1,1,0.4776119402985073,"I can see three small lesions, all in the same area on the chest wall.","chest. Of course. I can see three small lesions, all in the same area on the chest wall. So three, as I thought."
whisper_large_v3,sample_84_yes_q02,sample_84,Was it the patient's grandfather who died of a heart attack?,20.3,23.42,3.120000000000001,11,19.56,23.58,0.776119402985075,0.8,0,,1,1,1,1,0.29056603773584927,"My grandfather on my father's side died of a heart attack,","my family, really. My grandfather on my father's side died of a heart attack, and he was only 52. Thank"
whisper_large_v3,sample_84_yes_q04,sample_84,Does the patient exercise regularly?,78.28,79.52,1.2399999999999949,2,78.46,79.6,0.8030303030303089,0.5,0,,1,1,1,1,0.11012433392539914,train regularly.,And exercise? train regularly. That part I am actually consistent
whisper_large_v3,sample_84_yes_q06,sample_84,Will both blood tests and an ECG be carried out?,193.64,201.3,7.660000000000025,20,193.16,201.24,0.9336609336609347,0.25,0,,1,1,1,1,0.5424929178470271,"I will take blood samples, and I will record an electrocardiogram, which is a tracing of the heart's electrical activity.","do? Two things. I will take blood samples, and I will record an electrocardiogram, which is a tracing of the heart's electrical activity. An electrocardiogram."
whisper_large_v3,sample_84_yes_q05,sample_84,Was the blood pressure measured at 138 over 83?,119.92,122.96,3.039999999999992,8,119.28,123.2,0.7755102040816303,0.6666666666666666,2,1.0,1,1,1,1,0.2487725040916524,I have measured it at 138 over 83.,Your blood pressure. I have measured it at 138 over 83. Is that bad?
whisper_large_v3,sample_84_yes_q01,sample_84,Does the patient report cardiovascular disease in the family?,27.86,31.68,3.8200000000000003,9,27.32,31.88,0.8377192982456143,0.75,0,,1,1,1,1,0.34917733089579533,"So, there is cardiovascular disease in your family? Yes.","Thank you for telling me. So, there is cardiovascular disease in your family? Yes. And ever since I worked"
whisper_large_v3,sample_84_yes_q03,sample_84,Did that grandfather die at the age of 52?,20.3,25.38,5.079999999999998,16,19.56,25.78,0.8167202572347261,0.5,1,1.0,1,1,1,1,0.47547169811320755,"My grandfather on my father's side died of a heart attack, and he was only 52.","my family, really. My grandfather on my father's side died of a heart attack, and he was only 52. Thank you for telling me. So,"
whisper_large_v3,sample_84_yes_q07,sample_84,Is the patient otherwise healthy and living a healthy life?,69.72,79.52,9.799999999999997,24,69.62,79.6,0.9819639278557122,0.25,0,,1,1,1,1,0.8670212765957447,"I am healthy, as far as I know. No illnesses at all. I eat well and I look after myself. And exercise? train regularly.","me about your own health. I am healthy, as far as I know. No illnesses at all. I eat well and I look after myself. And exercise? train regularly. That part I am actually consistent"
whisper_large_v3,sample_86_yes_q01,sample_86,Is the patient free of fever?,35.14,35.74,0.6000000000000014,2,34.54,35.82,0.46875000000000067,0.5,0,,1,1,1,1,0.06410256410256428,No fever.,any fever with it? No fever. Nothing like that at all. I
whisper_large_v3,sample_86_yes_q03,sample_86,"Both testicles felt normal at the examination, correct?",66.5,69.94,3.4399999999999977,10,65.92,70.2,0.8037383177570085,0.4,0,,1,1,1,1,0.25825825825825793,The testicles themselves feel normal to me on both sides.,"you describe, yes. The testicles themselves feel normal to me on both sides. Normal on both"
whisper_large_v3,sample_86_yes_q02,sample_86,Was a small swelling found around the epididymis?,50.66,54.7,4.040000000000006,12,50.08,54.82,0.8523206751054861,0.8,0,,1,1,1,1,0.39147286821705485,I can feel a small swelling around the epididymis on the right.,of course. Go ahead. I can feel a small swelling around the epididymis on the right. And there is slight tenderness
whisper_large_v3,sample_90_yes_q04,sample_90,Does the doctor consider the change harmless?,27.84,28.98,1.1400000000000006,3,27.84,28.94,0.9649122807017552,0.5,0,,1,1,1,1,0.11656441717791416,change looks harmless.,"honest. From the picture, the change looks harmless. Harmless. So"
whisper_large_v3,sample_90_yes_q03,sample_90,Did the patient notice a new mole?,14.46,16.42,1.9600000000000009,9,13.98,16.54,0.7656250000000007,0.6666666666666666,0,,1,1,1,1,0.2212189616252823,"I have got a new mole on my thigh,","right? I did. I have got a new mole on my thigh, and it is quite large."
whisper_large_v3,sample_90_yes_q01,sample_90,Was a photo sent in for assessment?,10.46,12.1,1.6399999999999988,7,10.18,12.1,0.8541666666666661,0.3333333333333333,0,,1,1,1,1,0.20246913580246903,"You sent a photograph through to us,","back to me. Not at all. You sent a photograph through to us, is that right? I did. I"
whisper_large_v3,sample_90_yes_q05,sample_90,Has the doctor reviewed the photograph?,20.08,21.92,1.8400000000000034,7,19.88,22.22,0.7863247863247879,0.3333333333333333,0,,3,0,1,1,0.19450317124735764,I have looked at the photograph carefully.,Thank you for sending it. I have looked at the photograph carefully. And? I
whisper_large_v3,sample_90_yes_q02,sample_90,Is the mole located on the thigh?,14.46,16.42,1.9600000000000009,9,13.98,16.54,0.7656250000000007,0.6666666666666666,0,,1,1,1,1,0.2212189616252823,"I have got a new mole on my thigh,","right? I did. I have got a new mole on my thigh, and it is quite large."
whisper_large_v3,sample_92_yes_q03,sample_92,Has a urine sample been sent off for albumin/creatinine ratio analysis?,108.62,110.98,2.3599999999999994,7,108.06,111.28,0.7329192546583851,0.42857142857142855,0,,1,1,1,1,0.22014925373134325,I'm sending a urine sample for analysis.,I want it looked at properly. I'm sending a urine sample for analysis. What are they looking for?
whisper_large_v3,sample_92_yes_q02,sample_92,Does the patient work as a staff manager in a retail chain?,74.38,78.22,3.8400000000000034,12,74.32,78.38,0.9458128078817737,1.0,0,,1,1,1,1,0.39103869653767825,work is still the staff manager role in the retail chain? Yes.,That is a good deal. And work is still the staff manager role in the retail chain? Yes. Still that. Let me take
whisper_large_v3,sample_92_yes_q01,sample_92,Did the patient ask to have his cholesterol level checked?,23.24,26.38,3.1400000000000006,11,23.1,26.92,0.8219895287958116,0.75,0,,1,1,1,1,0.32172131147540983,"My cholesterol, I think. I would like the level checked. Of","What did you want us to look at? My cholesterol, I think. I would like the level checked. Of course. Do you"
whisper_large_v3,sample_92_yes_q04,sample_92,Was the previous LDL value 3.9?,30.92,33.0,2.0799999999999983,5,30.9,33.12,0.9369369369369367,0.25,1,0.0,1,1,1,1,0.1793103448275861,My LDL was 3 .9.,"what it was last time? My LDL was 3 .9. That was back in 2021,"
whisper_large_v3,sample_95_yes_q02,sample_95,Were blood tests taken at this visit?,38.92,40.52,1.6000000000000014,8,38.88,40.72,0.8695652173913069,0.5,0,,1,1,1,1,0.18518518518518534,We have taken your blood test today as,does that mean for today? We have taken your blood test today as part of the follow -up.
whisper_large_v3,sample_95_yes_q03,sample_95,Has the patient been free of side effects?,25.52,27.76,2.240000000000002,6,25.46,27.88,0.9256198347107454,0.6666666666666666,0,,2,0,1,1,0.21255060728744957,any side effects at all? None.,fine. Good. And any side effects at all? None. Nothing I have noticed. That
whisper_large_v3,sample_95_yes_q01,sample_95,"The treatment is considered well tolerated, right?",32.22,34.26,2.039999999999999,7,32.2,34.3,0.9714285714285736,0.75,0,,1,1,1,1,0.22466960352422893,can say the treatment is well tolerated.,what I hope to hear. So we can say the treatment is well tolerated. That was my impression too.
