--procs-- -----------------------memory---------------------- ---swap-- -----io---- -system-- --------cpu--------
   r    b         swpd         free         buff        cache   si   so    bi    bo   in   cs  us  sy  id  wa  st
   9    0            0     41575768       220508      3936220    0    0     0     1    3    1  10   0  90   0   0
   9    0            0     41576560       220508      3936320    0    0     0     0 3001  636  30   0  70   0   0
   9    0            0     41575304       220508      3936320    0    0     0     0 3190  924  30   0  69   0   0
   9    0            0     41575304       220508      3936320    0    0     0    68 2788  399  30   0  70   0   0
   9    0            0     41574956       220508      3936340    0    0     0    76 3628 1476  30   1  69   0   0
   9    0            0     41575212       220508      3936340    0    0     0     0 2779  394  30   0  70   0   0
  10    0            0     41574864       220508      3936340    0    0     0     0 2832  454  30   0  70   0   0
   9    0            0     41574764       220508      3936340    0    0     0     0 2829  581  30   0  70   0   0
   9    0            0     41574968       220508      3936340    0    0     0    44 2823  433  30   0  70   0   0
   9    0            0     41575988       220508      3936340    0    0     0     4 2912  513  30   0  70   0   0
   8    0            0     41575988       220508      3936340    0    0     0     0 2583  441  29   0  71   0   0
   8    0            0     41574788       220508      3936340    0    0     0     0 2880  709  27   0  73   0   0
   8    0            0     41574272       220508      3936388    0    0     0     0 2735  553  27   0  73   0   0
   8    0            0     41574060       220508      3936388    0    0     0   124 3289 1071  27   1  72   0   0
   7    0            0     41574312       220508      3936388    0    0     0     0 2491  511  26   0  74   0   0
   7    0            0     41574216       220508      3936388    0    0     0     0 2465  690  23   0  76   0   0
   5    0            0     41573812       220508      3936484    0    0     0     8 2493  768  21   0  79   0   0
   5    0            0     41573812       220508      3936484    0    0     0     0 1776  475  17   0  83   0   0
   4    0            0     41574524       220508      3936484    0    0     0    72 1896  567  16   0  84   0   0
   4    0            0     41574020       220508      3936484    0    0     0   228 1370  288  13   0  87   0   0
   4    0            0     41572552       220508      3936580    0    0     0     0 1656  524  13   0  86   0   0
--procs-- -----------------------memory---------------------- ---swap-- -----io---- -system-- --------cpu--------
   r    b         swpd         free         buff        cache   si   so    bi    bo   in   cs  us  sy  id  wa  st
   5    0            0     41572552       220508      3936580    0    0     0     0 1239  201  13   0  87   0   0
   4    0            0     41571812       220508      3936580    0    0     0     0 1519  421  13   0  86   0   0
   4    0            0     41571812       220508      3936580    0    0     0    40 1317  316  13   0  87   0   0
   4    0            0     41571340       220508      3936580    0    0     0     0 1517  474  13   0  86   0   0
   4    0            0     41572556       220508      3936588    0    0     0     0 2730 1928  14   0  86   0   0
   4    0            0     41572556       220508      3936588    0    0     0     0 1261  243  13   0  87   0   0
   4    0            0     41572564       220508      3936588    0    0     0     0 1568  593  13   0  86   0   0
   4    0            0     41572196       220508      3936628    0    0     0   136 1340  314  13   0  86   0   0
   4    0            0     41572952       220508      3936628    0    0     0     0 1489  406  13   0  86   0   0
   4    0            0     41572952       220508      3936628    0    0     0     0 1269  253  13   0  87   0   0
   2    0            0     41571492       220512      3936624    0    0     0     0 1283  588   9   0  91   0   0
   2    0            0     41570988       220512      3936732    0    0     0     0  829  317   7   0  93   0   0
   2    0            0     41571240       220512      3936732    0    0     0    72  973  400   7   0  93   0   0
   2    0            0     41571548       220512      3936732    0    0     0     0 1063  587   7   0  93   0   0
   1    0            0     41571548       220512      3936732    0    0     0     0  699  293   5   0  95   0   0
   1    0            0     41571744       220512      3936784    0    0     0   164  785  463   3   0  96   0   0
   1    0            0     41571744       220512      3936784    0    0     0     0  562  335   3   0  97   0   0
   1    0            0     41571996       220512      3936784    0    0     0    52  744  425   3   0  96   0   0
   1    0            0     41571744       220512      3936784    0    0     0     0  490  212   3   0  97   0   0
   1    0            0     41571500       220512      3936784    0    0     0     0  818  497   3   0  96   0   0
   1    0            0     41571500       220512      3936784    0    0     0     0  528  258   3   0  97   0   0
--procs-- -----------------------memory---------------------- ---swap-- -----io---- -system-- --------cpu--------
   r    b         swpd         free         buff        cache   si   so    bi    bo   in   cs  us  sy  id  wa  st
   2    0            0     41571248       220512      3936784    0    0     0     0  730  438   3   0  96   0   0
   1    0            0     41571752       220512      3936784    0    0     0    52  870  580   4   0  96   0   0
   2    0            0     41572004       220512      3936784    0    0     0     0  537  272   3   0  97   0   0
   1    0            0     41572256       220512      3936784    0    0     0     0  753  428   3   0  96   0   0
   1    0            0     41570900       220512      3936784    0    0     0     0  796  508   3   0  96   0   0
   1    0            0     41571432       220512      3936784    0    0     0     0  923  772   4   0  96   0   0
   1    0            0     41571032       220512      3936784    0    0     0    20  600  337   3   0  96   0   0
   1    0            0     41570276       220512      3936784    0    0     0     0  745  372   3   0  96   0   0
   1    0            0     41570276       220512      3936784    0    0     0     0  585  378   3   0  97   0   0
   3    0            0     41568256       220512      3936784    0    0     0     0 1183 1161   4   0  96   0   0
   1    0            0     41569204       220512      3936784    0    0     0     0 1227 1016   4   0  96   0   0
   1    0            0     41569204       220512      3936784    0    0     0     0  547  305   3   0  97   0   0
   1    0            0     41569204       220512      3936784    0    0     0    20  800  547   3   0  96   0   0
   1    0            0     41568740       220512      3936788    0    0     0     0 2124 2591   4   0  96   0   0
   1    0            0     41568488       220512      3936784    0    0     0     0  928  657   4   0  96   0   0
   1    0            0     41567984       220512      3936784    0    0     0     0 1193 1047   4   0  96   0   0
   1    0            0     41567788       220512      3936784    0    0     0     0  978  577   3   0  96   0   0
   1    0            0     41567316       220512      3936784    0    0     0    48  879  602   3   0  96   0   0
   1    0            0     41567068       220512      3936784    0    0     0     0  887  641   3   0  96   0   0
   1    0            0     41565016       220512      3936784    0    0     0     0  975  718   3   0  96   0   0
   1    0            0     41565268       220512      3936784    0    0     0     4  975  773   4   0  96   0   0
--procs-- -----------------------memory---------------------- ---swap-- -----io---- -system-- --------cpu--------
   r    b         swpd         free         buff        cache   si   so    bi    bo   in   cs  us  sy  id  wa  st
   2    0            0     41564276       220512      3936784    0    0     0     0 1227  890   4   0  96   0   0
   1    0            0     41564024       220512      3936788    0    0     0    64  965  719   4   0  96   0   0
   1    0            0     41563520       220512      3936788    0    0     0     0  994  749   3   0  96   0   0
   1    0            0     41563520       220512      3936788    0    0     0     0  816  795   3   0  96   0   0
   1    0            0     41564080       220512      3936788    0    0     0     0 1424 1346   4   0  96   0   0
   1    0            0     41564788       220512      3936788    0    0     0     0  769  620   3   0  97   0   0
   1    0            0     41564032       220512      3936788    0    0     0    28  939  519   3   0  96   0   0
   1    0            0     41563868       220512      3936788    0    0     0     0  939  529   3   0  96   0   0
   1    0            0     41563772       220512      3936788    0    0     0     0  712  335   3   0  96   0   0
   1    0            0     41563076       220512      3936792    0    0     0     0 1444 1067   4   0  96   0   0
   1    0            0     41563328       220512      3936792    0    0     0     0  587  362   3   0  97   0   0
   1    0            0     41563836       220512      3936792    0    0     0    36  990  566   3   0  96   0   0
   1    0            0     41563344       220512      3936808    0    0     0     0  786  451   3   0  97   0   0
   1    0            0     41562852       220512      3936808    0    0     0     0 1187  771   4   0  96   0   0
   1    0            0     41562604       220512      3936808    0    0     0     0 1300 1079   4   0  96   0   0
   1    0            0     41561864       220512      3936808    0    0     0     0  898  677   3   0  96   0   0
   1    0            0     41561768       220512      3936808    0    0     0    20  965  768   3   0  96   0   0
   1    0            0     41561864       220512      3936808    0    0     0     8  638  389   3   0  97   0   0
   1    0            0     41560860       220512      3936808    0    0     0     0 1018  558   3   0  96   0   0
   1    0            0     41560164       220512      3936808    0    0     0     0 1206  965   4   0  96   0   0
   1    0            0     41560372       220512      3936808    0    0     0     0  871  653   3   0  96   0   0
--procs-- -----------------------memory---------------------- ---swap-- -----io---- -system-- --------cpu--------
   r    b         swpd         free         buff        cache   si   so    bi    bo   in   cs  us  sy  id  wa  st
   2    0            0     41562128       220512      3936812    0    0     0    68  827  480   3   0  96   0   0
   1    0            0     41559936       220512      3936812    0    0     0     0 2177 2309   4   0  96   0   0
   1    0            0     41559440       220512      3936812    0    0     0     0  720  380   3   0  96   0   0
   1    0            0     41559700       220512      3936812    0    0     0     0 1091  635   3   0  96   0   0
   1    0            0     41557520       220512      3936812    0    0     0     0 1208  858   4   0  96   0   0
   1    0            0     41557520       220512      3936812    0    0     0    44  610  407   3   0  96   0   0
   1    0            0     41556600       220512      3936812    0    0     0    32 1309  814   3   0  96   0   0
   1    0            0     41556096       220512      3936812    0    0     0     0  805  481   3   0  96   0   0
   1    0            0     41556936       220512      3936812    0    0     0     0 1276  709   3   0  96   0   0
   1    0            0     41556184       220512      3936812    0    0     0     0  814  613   3   0  96   0   0
   1    0            0     41556188       220512      3936812    0    0     0    20  903  668   4   0  96   0   0
   1    0            0     41556440       220512      3936812    0    0     0   160  731  533   3   0  96   0   0
   1    0            0     41557196       220512      3936812    0    0     0     0  982  639   4   0  96   0   0
   1    0            0     41557512       220512      3936812    0    0     0     0 1017  617   3   0  96   0   0
   1    0            0     41557512       220512      3936816    0    0     0     0  527  252   3   0  97   0   0
   1    0            0     41556756       220512      3936816    0    0     0     0  782  403   3   0  96   0   0
   1    0            0     41557200       220512      3936816    0    0     0     0  606  335   3   0  97   0   0
   1    0            0     41556952       220512      3936824    0    0     0    68  980  537   4   0  96   0   0
   1    0            0     41555968       220512      3936824    0    0     0     0  695  322   3   0  97   0   0
   1    0            0     41556688       220512      3936824    0    0     0     0  739  429   3   0  97   0   0
   1    0            0     41556688       220512      3936824    0    0     0     0  544  275   3   0  97   0   0
--procs-- -----------------------memory---------------------- ---swap-- -----io---- -system-- --------cpu--------
   r    b         swpd         free         buff        cache   si   so    bi    bo   in   cs  us  sy  id  wa  st
   2    0            0     41555684       220512      3936824    0    0     0     0  725  412   3   0  96   0   0
   1    0            0     41555896       220512      3936824    0    0     0    16  770  399   3   0  96   0   0
   1    0            0     41555896       220512      3936824    0    0     0     0  583  333   3   0  97   0   0
   1    0            0     41556440       220512      3936824    0    0     0     0  831  493   3   0  96   0   0
   1    0            0     41556692       220512      3936824    0    0     0     0  488  207   3   0  97   0   0
   1    0            0     41556444       220512      3936824    0    0     0     8  741  449   3   0  96   0   0
   1    0            0     41556444       220512      3936824    0    0     0    52  556  228   3   0  97   0   0
   1    0            0     41556696       220512      3936824    0    0     0     0  834  473   3   0  96   0   0
   1    0            0     41556696       220512      3936824    0    0     0     0  509  231   3   0  97   0   0
   1    0            0     41555944       220512      3936824    0    0     0     0  713  391   3   0  96   0   0
   1    0            0     41555788       220512      3936844    0    0     0     4 2115 2271   4   0  96   0   0
   1    0            0     41556040       220512      3936840    0    0     0    40  588  322   3   0  97   0   0
   2    0            0     41555844       220512      3936840    0    0     0     0  852  537   3   0  96   0   0
   1    0            0     41556044       220512      3936840    0    0     0     0  483  206   3   0  97   0   0
   1    0            0     41555796       220512      3936840    0    0     0     0  711  401   3   0  96   0   0
   1    0            0     41556048       220512      3936840    0    0     0     0  558  292   3   0  97   0   0
   1    0            0     41555196       220512      3936840    0    0     0    44  820  529   3   0  96   0   0
   1    0            0     41555196       220512      3936840    0    0     0     0  499  222   3   0  97   0   0
   1    0            0     41556304       220512      3936840    0    0     0     0  886  520   4   0  96   0   0
   1    0            0     41555700       220512      3936840    0    0     0     0  887  603   3   0  96   0   0
   1    0            0     41555700       220512      3936840    0    0     0     0  541  242   3   0  97   0   0
--procs-- -----------------------memory---------------------- ---swap-- -----io---- -system-- --------cpu--------
   r    b         swpd         free         buff        cache   si   so    bi    bo   in   cs  us  sy  id  wa  st
   2    0            0     41555600       220512      3936840    0    0     0    32  772  383   3   0  96   0   0
   1    0            0     41555600       220512      3936840    0    0     0     0  584  357   3   0  97   0   0
   1    0            0     41555808       220512      3936840    0    0     0     0  809  460   3   0  96   0   0
   1    0            0     41555808       220512      3936840    0    0     0     0  755  465   4   0  96   0   0
   1    0            0     41555980       220512      3936844    0    0     0     0  957  571   4   0  96   0   0
   2    0            0     41555980       220512      3936844    0    0     0    36  778  399   4   0  96   0   0
   1    0            0     41555744       220512      3936916    0    0     0     0 1079  637   4   0  96   0   0
   2    0            0     41556696       220512      3936948    0    0     0     0 1156  661   4   0  96   0   0
   1    0            0     41556696       220512      3936948    0    0     0     0  750  371   4   0  96   0   0
   1    0            0     41555900       220512      3936948    0    0     0     0 1029  537   4   0  96   0   0
   2    0            0     41556280       220512      3937032    0    0     0    20  895  455   4   0  95   0   0
   1    0            0     41557028       220512      3937056    0    0     0     0 1026  595   4   0  96   0   0
   2    0            0     41557028       220512      3937056    0    0     0     0  765  396   4   0  96   0   0
   1    0            0     41556652       220512      3937056    0    0     0     0 1019  554   4   0  96   0   0
   2    0            0     41556484       220512      3937144    0    0     0     4  844  511   4   0  96   0   0
   1    0            0     41556892       220512      3937164    0    0     0   108 1047  623   4   0  96   0   0
   1    0            0     41556536       220512      3937188    0    0     0     0  994  549   4   0  96   0   0
   1    0            0     41554896       220512      3937188    0    0     0     0  754  360   4   0  96   0   0
   1    0            0     41555288       220512      3937236    0    0     0     0 1048  606   4   0  96   0   0
   1    0            0     41556424       220512      3937264    0    0     0     0 2118 2264   4   0  95   0   0
   1    0            0     41556212       220512      3937264    0    0     0    44 1095  704   4   0  95   0   0
--procs-- -----------------------memory---------------------- ---swap-- -----io---- -system-- --------cpu--------
   r    b         swpd         free         buff        cache   si   so    bi    bo   in   cs  us  sy  id  wa  st
   2    0            0     41555764       220512      3937264    0    0     0     0  757  399   4   0  96   0   0
   1    0            0     41556524       220512      3937336    0    0     0     0 1036  635   4   0  96   0   0
   2    0            0     41556228       220512      3937368    0    0     0     0  717  342   4   0  96   0   0
   1    0            0     41556076       220512      3937368    0    0     0     0  939  549   4   0  96   0   0
   2    0            0     41555300       220512      3937368    0    0     0    44 1030  652   4   0  95   0   0
   1    0            0     45415060       220516      3937488    0    0     0   592 10118 9202  20   2  77   1   0
   0    1            0     45413328       220516      3937488    0    0     0   964 1521 1415   1   0  96   3   0
 292    0            0     44962512       220524      3937508    0    0     0   832 5049 4984  41   2  55   2   0
  86    0            0     43869796       220524      3937560    0    0     0     0 22943 6220  95   5   0   0   0
  30    0            0     38247688       220668      3937932    0    0     0    52 14927 1342  66  34   0   0   0
  30    0            0     41745828       220668      3938176    0    0     0   340 7965  829  93   7   0   0   0
  31    0            0     41720708       220668      3938224    0    0     0     0 7821  498 100   0   0   0   0
  31    1            0     41711204       220668      3938268    0    0     0   336 7790  607 100   0   0   0   0
  30    0            0     41706424       220668      3938300    0    0     0     0 7836  694 100   0   0   0   0
  30    0            0     41699900       220668      3938328    0    0     0   864 7757  423 100   0   0   0   0
  30    0            0     41693100       220668      3938360    0    0     0     0 7898  660 100   0   0   0   0
  30    0            0     41688564       220668      3938400    0    0     0     0 7845  518 100   0   0   0   0
  30    0            0     41683024       220668      3938404    0    0     0     0 7857  716 100   0   0   0   0
  30    0            0     41678992       220668      3938444    0    0     0   364 7896  510 100   0   0   0   0
  30    0            0     41675192       220668      3938492    0    0     0     0 7956  718 100   0   0   0   0
  31    0            0     41672420       220668      3938528    0    0     0     4 7822  562 100   0   0   0   0
--procs-- -----------------------memory---------------------- ---swap-- -----io---- -system-- --------cpu--------
   r    b         swpd         free         buff        cache   si   so    bi    bo   in   cs  us  sy  id  wa  st
  31    0            0     41670736       220668      3938568    0    0     0     0 7905  714 100   0   0   0   0
  30    0            0     41668468       220668      3938612    0    0     0     0 7865  638 100   0   0   0   0
  30    0            0     41667208       220668      3938656    0    0     0    56 7789  472 100   0   0   0   0
  30    0            0     41665696       220668      3938696    0    0     0     0 7831  632 100   0   0   0   0
  30    0            0     41664212       220668      3938732    0    0     0     0 7831  550 100   0   0   0   0
  30    0            0     41662452       220668      3938776    0    0     0     0 7866  708 100   0   0   0   0
  30    0            0     41661948       220668      3938820    0    0     0     0 7805  424 100   0   0   0   0
  30    0            0     41658992       220668      3938860    0    0     0    64 8642 2012 100   0   0   0   0
  31    0            0     41656256       220668      3938916    0    0     0     0 7928  639 100   0   0   0   0
  30    0            0     41653520       220668      3938960    0    0     0     0 7900  711 100   0   0   0   0
  30    0            0     41651760       220668      3939004    0    0     0     4 7888  690 100   0   0   0   0
  30    0            0     41650812       220668      3939044    0    0     0     0 7851  507 100   0   0   0   0
  30    0            0     41649808       220668      3939080    0    0     0    72 7918  674 100   0   0   0   0
  31    0            0     41649304       220668      3939120    0    0     0     0 7881  557 100   0   0   0   0
  30    0            0     41647824       220668      3939160    0    0     0     0 7871  596 100   0   0   0   0
  30    0            0     41647572       220668      3939192    0    0     0     0 7854  527 100   0   0   0   0
  31    0            0     41645308       220668      3939228    0    0     0     0 7969  828 100   0   0   0   0
  32    0            0     41644804       220668      3939260    0    0     0    80 7864  536 100   0   0   0   0
  31    0            0     41643068       220668      3939296    0    0     0     0 7962  763 100   0   0   0   0
  30    0            0     41642348       220668      3939324    0    0     0     0 7894  729 100   0   0   0   0
  30    0            0     41641844       220668      3939356    0    0     0     0 7924  598 100   0   0   0   0
--procs-- -----------------------memory---------------------- ---swap-- -----io---- -system-- --------cpu--------
   r    b         swpd         free         buff        cache   si   so    bi    bo   in   cs  us  sy  id  wa  st
  31    0            0     41639984       220668      3939388    0    0     0     0 7851  582 100   0   0   0   0
  30    0            0     41640108       220668      3939416    0    0     0    20 7821  436 100   0   0   0   0
  30    0            0     41639604       220668      3939448    0    0     0     0 7883  643 100   0   0   0   0
  31    0            0     41639100       220672      3939476    0    0     0  1116 7909  643 100   0   0   0   0
  31    0            0     41636584       220672      3939508    0    0     0     0 7883  641 100   0   0   0   0
  32    0            0     41636360       220672      3939540    0    0     0     0 7784  409 100   0   0   0   0
  30    0            0     41634372       220672      3939572    0    0     0   148 7852  596 100   0   0   0   0
  30    0            0     41633116       220672      3939608    0    0     0     0 7878  692 100   0   0   0   0
  30    0            0     41632612       220672      3939640    0    0     0     0 7883  538 100   0   0   0   0
  30    0            0     41631352       220672      3939672    0    0     0     0 7871  683 100   0   0   0   0
  30    0            0     41631100       220672      3939708    0    0     0     0 7770  392 100   0   0   0   0
  30    0            0     41630344       220672      3939736    0    0     0    20 7859  680 100   0   0   0   0
  31    0            0     41629840       220672      3939772    0    0     0     0 7798  395 100   0   0   0   0
  30    0            0     41628076       220672      3939796    0    0     0     0 8142  657 100   0   0   0   0
  32    0            0     41626816       220672      3939868    0    0     0     0 7905  457 100   0   0   0   0
  30    0            0     41626068       220672      3939916    0    0     0     0 7870  615 100   0   0   0   0
  32    0            0     41622544       220672      3939960    0    0     0    28 8104 1217 100   0   0   0   0
  30    0            0     41624772       220672      3940000    0    0     0     4 8228 1125 100   0   0   0   0
  30    0            0     41626080       220672      3940000    0    0     0     0 8001  874 100   0   0   0   0
  31    0            0     41625100       220672      3940032    0    0     0     0 7817  523 100   0   0   0   0
  30    0            0     41623600       220672      3940068    0    0     0     0 7828  614 100   0   0   0   0
--procs-- -----------------------memory---------------------- ---swap-- -----io---- -system-- --------cpu--------
   r    b         swpd         free         buff        cache   si   so    bi    bo   in   cs  us  sy  id  wa  st
  32    0            0     41623600       220672      3940100    0    0     0    72 7837  441 100   0   0   0   0
  30    0            0     41622092       220672      3940136    0    0     0     0 7856  621 100   0   0   0   0
  32    0            0     41621336       220672      3940168    0    0     0     0 7808  518 100   0   0   0   0
  30    0            0     41620832       220672      3940196    0    0     0     0 7863  728 100   0   0   0   0
  31    0            0     41619348       220672      3940228    0    0     0     0 8051  763 100   0   0   0   0
  30    0            0     41619352       220672      3940256    0    0     0    80 7868  532 100   0   0   0   0
  31    0            0     41617088       220672      3940308    0    0     0     0 7924  697 100   0   0   0   0
  31    0            0     41616244       220672      3940348    0    0     0     0 7964  627 100   0   0   0   0
  30    0            0     41617860       220672      3940388    0    0     0     0 7907  717 100   0   0   0   0
  31    0            0     41617208       220672      3940428    0    0     0     4 7836  490 100   0   0   0   0
  30    0            0     41616200       220672      3940460    0    0     0    52 7998  803 100   0   0   0   0
  31    0            0     41615448       220672      3940496    0    0     0     0 7842  506 100   0   0   0   0
  30    0            0     41614440       220672      3940528    0    0     0     0 7863  595 100   0   0   0   0
  30    0            0     41612232       220672      3940564    0    0     0  1056 7879  643 100   0   0   0   0
  30    0            0     41611784       220672      3940600    0    0     0     0 7884  537 100   0   0   0   0
  31    0            0     41611180       220672      3940632    0    0     0    72 7920  752 100   0   0   0   0
  31    0            0     41611032       220672      3940664    0    0     0     0 7822  438 100   0   0   0   0
  30    0            0     41610792       220672      3940696    0    0     0     0 7966  735 100   0   0   0   0
  30    0            0     41609812       220672      3940744    0    0     0     0 7845  525 100   0   0   0   0
  31    0            0     41608104       220672      3940776    0    0     0     0 7834  615 100   0   0   0   0
  32    0            0     41608104       220672      3940812    0    0     0    48 7829  479 100   0   0   0   0
--procs-- -----------------------memory---------------------- ---swap-- -----io---- -system-- --------cpu--------
   r    b         swpd         free         buff        cache   si   so    bi    bo   in   cs  us  sy  id  wa  st
  31    0            0     41607852       220672      3940836    0    0     0     0 7873  619 100   0   0   0   0
  30    0            0     41607912       220672      3940864    0    0     0     4 7879  705 100   0   0   0   0
  31    0            0     41607856       220672      3940892    0    0     0     0 7815  456 100   0   0   0   0
  30    0            0     41606596       220672      3940924    0    0     0     0 7773  553 100   0   0   0   0
  30    0            0     41606128       220672      3940948    0    0     0    52 7834  493 100   0   0   0   0
  30    0            0     41606512       220672      3941004    0    0     0     0 8580 1950 100   0   0   0   0
  31    0            0     41605248       220672      3941044    0    0     0     0 7945  555 100   0   0   0   0
  30    0            0     41603988       220672      3941088    0    0     0     0 7850  643 100   0   0   0   0
  31    0            0     41604364       220672      3941128    0    0     0     0 7798  512 100   0   0   0   0
  30    0            0     41603132       220672      3941164    0    0     0   104 8016  706 100   0   0   0   0
  30    0            0     41604384       220672      3941212    0    0     0     0 7899  690 100   0   0   0   0
  31    0            0     41604636       220672      3941256    0    0     0     0 7865  575 100   0   0   0   0
  30    0            0     41603780       220672      3941292    0    0     0     0 7868  653 100   0   0   0   0
  30    0            0     41603376       220672      3941328    0    0     0     0 7906  620 100   0   0   0   0
  30    0            0     41602116       220672      3941368    0    0     0    56 7903  736 100   0   0   0   0
  30    0            0     41601864       220672      3941408    0    0     0     0 7788  428 100   0   0   0   0
  30    0            0     41600384       220672      3941444    0    0     0     0 7920  708 100   0   0   0   0
  31    0            0     41598416       220672      3941492    0    0     0     0 7879  604 100   0   0   0   0
  30    0            0     41598196       220672      3941528    0    0     0     0 7858  627 100   0   0   0   0
  30    0            0     41598096       220672      3941564    0    0     0    60 7818  645 100   0   0   0   0
  31    0            0     41597948       220672      3941564    0    0     0     0 7856  519 100   0   0   0   0
--procs-- -----------------------memory---------------------- ---swap-- -----io---- -system-- --------cpu--------
   r    b         swpd         free         buff        cache   si   so    bi    bo   in   cs  us  sy  id  wa  st
  31    0            0     41596688       220672      3941600    0    0     0     0 7932  727 100   0   0   0   0
  30    0            0     41596444       220672      3941632    0    0     0     0 7789  448 100   0   0   0   0
  30    0            0     41595772       220672      3941668    0    0     0  1032 7878  623 100   0   0   0   0
  30    0            0     41595972       220672      3941700    0    0     0    40 7806  442 100   0   0   0   0
  30    0            0     41595228       220672      3941736    0    0     0     0 7893  706 100   0   0   0   0
  31    0            0     41595384       220672      3941772    0    0     0     0 7826  508 100   0   0   0   0
  30    0            0     41594008       220672      3941800    0    0     0     4 7959  762 100   0   0   0   0
  31    0            0     41593504       220672      3941832    0    0     0     0 7870  657 100   0   0   0   0
  30    0            0     41593000       220672      3941864    0    0     0   108 7873  546 100   0   0   0   0
  30    0            0     41591924       220672      3941896    0    0     0     0 7858  635 100   0   0   0   0
  30    0            0     41592276       220672      3941940    0    0     0     0 7813  444 100   0   0   0   0
  30    0            0     41591020       220672      3941972    0    0     0     0 7827  628 100   0   0   0   0
  30    0            0     41591020       220672      3942000    0    0     0     0 7819  464 100   0   0   0   0
  30    0            0     41590264       220672      3942028    0    0     0    20 7900  649 100   0   0   0   0
  32    0            0     41589256       220672      3942060    0    0     0     0 8164 1190 100   0   0   0   0
  30    0            0     41590056       220672      3942100    0    0     0     0 8234 1211 100   0   0   0   0
  30    0            0     41588828       220672      3942132    0    0     0     0 7977  891 100   0   0   0   0
  30    0            0     41588576       220672      3942160    0    0     0     0 7821  515 100   0   0   0   0
  30    0            0     41587572       220672      3942188    0    0     0    76 7910  745 100   0   0   0   0
  30    0            0     41587576       220672      3942212    0    0     0     4 7835  547 100   0   0   0   0
  30    0            0     41587832       220672      3942248    0    0     0     0 7937  757 100   0   0   0   0
--procs-- -----------------------memory---------------------- ---swap-- -----io---- -system-- --------cpu--------
   r    b         swpd         free         buff        cache   si   so    bi    bo   in   cs  us  sy  id  wa  st
  30    0            0     41587832       220672      3942276    0    0     0     0 7858  554 100   0   0   0   0
  31    0            0     41587328       220672      3942304    0    0     0     0 7924  763 100   0   0   0   0
  31    0            0     41586824       220672      3942332    0    0     0    52 7862  526 100   0   0   0   0
  32    0            0     41586612       220672      3942360    0    0     0     0 7935  675 100   0   0   0   0
  30    0            0     41585744       220672      3942400    0    0     0     0 7867  618 100   0   0   0   0
  30    0            0     41586172       220672      3942432    0    0     0     0 7903  473 100   0   0   0   0
  31    0            0     41585236       220672      3942460    0    0     0     0 7851  643 100   0   0   0   0
  30    0            0     41584988       220672      3942492    0    0     0    60 7807  504 100   0   0   0   0
  29    0            0     41584388       220672      3942560    0    0     0     0 7846  738  99   0   1   0   0
  29    0            0     41584488       220672      3942584    0    0     0     0 7639  409  98   0   2   0   0
  31    0            0     41584100       220672      3942612    0    0     0     0 7731  594  98   0   2   0   0
  29    0            0     41583928       220676      3942632    0    0     0   892 7664  526  98   0   2   0   0
  29    0            0     41583480       220676      3942660    0    0     0    64 7708  511  98   0   2   0   0
  29    0            0     41583228       220676      3942684    0    0     0    36 7568  490  97   0   3   0   0
  29    0            0     41583236       220676      3942696    0    0     0     0 7523  398  97   0   3   0   0
  29    0            0     41582392       220676      3942704    0    0     0     0 7738  680  96   0   4   0   0
  28    0            0     41580908       220676      3942764    0    0     0     8 7483  435  94   0   5   0   0
  28    0            0     41580460       220676      3942792    0    0     0   140 7502  578  94   0   6   0   0
  30    0            0     41579256       220676      3942820    0    0     0     0 7430  340  94   0   6   0   0
  28    0            0     41578808       220676      3942852    0    0     0     0 7489  569  94   0   6   0   0
  28    0            0     41578008       220676      3942852    0    0     0    28 7482  555  94   0   6   0   0
--procs-- -----------------------memory---------------------- ---swap-- -----io---- -system-- --------cpu--------
   r    b         swpd         free         buff        cache   si   so    bi    bo   in   cs  us  sy  id  wa  st
  30    0            0     41578116       220676      3942876    0    0     0     0 7438  434  94   0   6   0   0
  30    0            0     41578724       220676      3942904    0    0     0    32 7539  573  94   0   6   0   0
  28    0            0     41578564       220676      3942924    0    0     0     0 7498  480  95   0   5   0   0
  27    0            0     41578880       220676      3943012    0    0     0     0 8966 4800  94   0   5   0   0
  27    0            0     41578208       220676      3943032    0    0     0     0 7281  452  92   0   8   0   0
  28    0            0     41577984       220676      3943052    0    0     0     0 7488  651  92   0   8   0   0
  28    0            0     41577300       220676      3943080    0    0     0   120 7341  476  92   0   8   0   0
  27    0            0     41576376       220676      3943108    0    0     0     0 7374  584  91   0   9   0   0
  28    0            0     41575984       220676      3943132    0    0     0    32 7320  484  92   0   8   0   0
  28    0            0     41575228       220676      3943156    0    0     0     0 7381  507  92   0   8   0   0
  27    0            0     41575804       220676      3943180    0    0     0     0 7531  718  92   0   8   0   0
  28    0            0     41574412       220680      3943200    0    0     0    36 7384  516  92   0   8   0   0
  28    0            0     41574044       220680      3943220    0    0     0     0 7411  582  92   0   8   0   0
  27    0            0     41573308       220680      3943240    0    0     0     0 7360  598  91   0   9   0   0
  26    0            0     41573636       220680      3943296    0    0     0     0 7253  650  88   0  12   0   0
  27    0            0     41574440       220680      3943316    0    0     0     0 7179  456  88   0  12   0   0
  26    0            0     41572640       220680      3943332    0    0     0   116 7249  647  88   0  12   0   0
  26    0            0     41572316       220680      3943356    0    0     0     0 7150  639  88   0  12   0   0
  26    0            0     41571992       220680      3943372    0    0     0    36 7160  492  88   0  12   0   0
  25    0            0     41571300       220680      3943432    0    0     0     0 7065  698  85   0  14   0   0
  26    0            0     41570796       220680      3943448    0    0     0     0 6690  335  85   0  15   0   0
--procs-- -----------------------memory---------------------- ---swap-- -----io---- -system-- --------cpu--------
   r    b         swpd         free         buff        cache   si   so    bi    bo   in   cs  us  sy  id  wa  st
  26    0            0     41570888       220684      3943460    0    0     0   708 6918  598  85   0  15   0   0
  25    0            0     41570896       220684      3943480    0    0     0     0 6770  404  84   0  15   0   0
  25    0            0     41569948       220684      3943496    0    0     0     0 6966  606  85   0  15   0   0
  26    0            0     41569548       220684      3943520    0    0     0    40 6797  384  85   0  15   0   0
  25    0            0     41570308       220684      3943540    0    0     0     0 6950  570  85   0  15   0   0
  25    0            0     41568628       220684      3943564    0    0     0   116 6928  637  85   0  15   0   0
  25    0            0     41568648       220684      3943580    0    0     0     0 7026  789  85   0  15   0   0
  26    0            0     41568588       220684      3943592    0    0     0     0 6897  561  84   0  15   0   0
  25    0            0     41568764       220684      3943604    0    0     0     0 6756  421  85   0  15   0   0
  26    0            0     41567620       220684      3943628    0    0     0     0 6986  628  85   0  15   0   0
  25    0            0     41567192       220684      3943648    0    0     0    44 6802  431  85   0  15   0   0
  26    0            0     41566280       220684      3943672    0    0     0     0 7178  862  85   0  14   0   0
  25    0            0     41570948       220684      3943696    0    0     0     4 7902 2139  85   0  15   0   0
  26    0            0     41568536       220684      3943728    0    0     0    88 7054  737  85   0  15   0   0
  25    0            0     41567248       220684      3943748    0    0     0     0 6824  529  85   0  15   0   0
  25    0            0     41567412       220684      3943772    0    0     0    68 6922  503  85   0  15   0   0
  25    0            0     41565252       220684      3943796    0    0     0     0 6969  617  85   0  15   0   0
  26    0            0     41564332       220684      3943820    0    0     0     0 6837  514  85   0  15   0   0
  26    0            0     41563152       220684      3943844    0    0     0   180 7003  690  85   0  15   0   0
  25    0            0     41563424       220684      3943868    0    0     0     0 6780  520  85   0  15   0   0
  25    0            0     41562008       220684      3943868    0    0     0     0 6958  560  85   0  15   0   0
--procs-- -----------------------memory---------------------- ---swap-- -----io---- -system-- --------cpu--------
   r    b         swpd         free         buff        cache   si   so    bi    bo   in   cs  us  sy  id  wa  st
  27    0            0     41562300       220684      3943892    0    0     0     0 6775  412  85   0  15   0   0
  23    0            0     41560868       220684      3943972    0    0     0     0 6743  864  80   0  20   0   0
  23    0            0     41559484       220684      3944040    0    0     0     0 6362  552  78   0  22   0   0
  22    0            0     41559492       220684      3944140    0    0     0   116 5945  486  72   0  28   0   0
  22    0            0     41559812       220684      3944156    0    0     0     0 6119  686  71   0  28   0   0
  20    0            0     41559140       220684      3944208    0    0     0   172 5799  501  71   0  29   0   0
  20    0            0     41556680       220684      3944272    0    0     0     0 5616  665  65   0  34   0   0
  18    0            0     41556680       220688      3944292    0    0     0     0 5061  432  62   0  38   0   0
  18    0            0     41555768       220688      3944364    0    0     0    72 5329  632  61   0  38   1   0
  19    0            0     41555940       220688      3944396    0    0     0     0 5013  413  61   0  39   0   0
  18    0            0     41555944       220692      3944436    0    0     0   760 5261  565  61   0  39   0   0
  17    0            0     41553948       220692      3944536    0    0     0     0 5079  771  60   0  40   0   0
  19    0            0     41555244       220692      3944568    0    0     0     0 4882  425  58   0  42   0   0
  16    0            0     41554572       220692      3944640    0    0     0   124 4930  717  56   0  44   0   0
  16    0            0     41553592       220692      3944672    0    0     0     0 4592  423  55   0  45   0   0
  16    0            0     41552376       220692      3944704    0    0     0    12 4715  566  54   0  45   0   0
  16    0            0     41551928       220692      3944728    0    0     0    76 4487  401  55   0  45   0   0
  16    0            0     41551552       220692      3944756    0    0     0     0 4715  591  54   0  45   0   0
  16    0            0     41551104       220692      3944784    0    0     0    80 4427  339  54   0  45   0   0
  17    0            0     41551844       220692      3944784    0    0     0     0 4735  606  55   0  45   0   0
  16    0            0     41553140       220692      3944840    0    0     0     0 4679  612  55   0  45   0   0
--procs-- -----------------------memory---------------------- ---swap-- -----io---- -system-- --------cpu--------
   r    b         swpd         free         buff        cache   si   so    bi    bo   in   cs  us  sy  id  wa  st
  17    0            0     41555960       220692      3944872    0    0     0     0 7090 5145  55   0  45   0   0
  17    0            0     41554000       220692      3944872    0    0     0     0 4587  678  53   0  47   0   0
  14    0            0     41553776       220692      3944872    0    0     0   160 4250  438  51   0  49   0   0
  15    0            0     41549368       220692      3945056    0    0     0     0 4274  697  47   0  53   0   0
  13    0            0     41548920       220692      3945080    0    0     0     0 3688  341  45   0  55   0   0
  14    0            0     41548708       220692      3945200    0    0     0     0 4032  630  45   0  55   0   0
  13    0            0     41548036       220692      3945264    0    0     0   148 3770  549  44   0  56   0   0
  11    0            0     41548948       220692      3945264    0    0     0    60 3875  786  41   0  59   0   0
  11    0            0     41546132       220696      3945412    0    0     0     0 3289  654  35   0  64   0   0
  10    0            0     41545236       220696      3945444    0    0     0     0 3017  337  35   0  65   0   0
  10    0            0     41543808       220696      3945476    0    0     0     4 3288  743  35   0  65   0   0
  10    0            0     41543080       220696      3945500    0    0     0   120 3011  431  34   0  66   0   0
  12    0            0     41542636       220696      3945528    0    0     0   156 3216  598  35   0  65   0   0
  11    0            0     41543476       220696      3945556    0    0     0     0 2943  388  34   0  66   0   0
  11    0            0     41542560       220696      3945576    0    0     0     0 3224  635  35   0  65   0   0
   9    0            0     41542336       220696      3945656    0    0     0     0 2874  470  32   0  68   0   0
   9    0            0     41543036       220696      3945768    0    0     0     0 2690  686  26   0  74   0   0
   7    0            0     41542836       220696      3945788    0    0     0    60 2317  528  24   0  75   0   0
   7    0            0     41542516       220696      3945816    0    0     0     0 2295  426  25   0  75   0   0
   7    0            0     41541912       220700      3945812    0    0     0   824 2511  639  25   0  75   0   0
   7    0            0     41541464       220700      3945812    0    0     0   136 2292  496  25   0  75   0   0
--procs-- -----------------------memory---------------------- ---swap-- -----io---- -system-- --------cpu--------
   r    b         swpd         free         buff        cache   si   so    bi    bo   in   cs  us  sy  id  wa  st
  10    0            0     41541592       220700      3945868    0    0     0     0 2463  526  25   0  75   0   0
   7    0            0     41540640       220700      3945900    0    0     0   128 2229  374  25   0  75   0   0
   7    0            0     41543220       220700      3945928    0    0     0     0 2470  590  24   0  75   0   0
   7    0            0     41542024       220700      3945952    0    0     0     0 2321  393  25   0  75   0   0
   9    0            0     41540276       220700      3945980    0    0     0     8 2427  526  24   0  76   0   0
   7    0            0     41539980       220700      3945992    0    0     0     0 2395  540  25   0  75   0   0
   7    0            0     41539864       220700      3946020    0    0     0    32 2335  455  24   0  75   0   0
   7    0            0     41539640       220700      3946020    0    0     0     0 2386  536  24   0  76   0   0
   9    0            0     41539416       220700      3946020    0    0     0     0 2181  324  24   0  76   0   0
   7    0            0     41538620       220700      3946096    0    0     0     4 3972 2421  25   0  75   0   0
   7    0            0     41538788       220700      3946124    0    0     0     0 2238  394  24   0  76   0   0
   8    0            0     41538820       220700      3946140    0    0     0   144 2475  581  24   0  75   0   0
   7    0            0     41538372       220700      3946156    0    0     0    36 2255  427  24   0  76   0   0
   7    0            0     41537180       220700      3946156    0    0     0     0 2491  636  24   0  76   0   0
   5    0            0     41535432       220700      3946288    0    0     0     0 2141  657  20   0  80   0   0
   5    0            0     41535428       220700      3946308    0    0     0     0 1713  333  17   0  83   0   0
   5    0            0     41535820       220700      3946328    0    0     0     0 2065  696  18   0  82   0   0
   5    0            0     41535628       220700      3946356    0    0     0   100 1792  368  18   0  82   0   0
   7    0            0     41535792       220700      3946356    0    0     0    56 2047  598  18   0  82   0   0
   7    0            0     41535792       220700      3946356    0    0     0     0 1753  436  18   0  82   0   0
   5    0            0     41536272       220700      3946424    0    0     0     0 1950  550  18   0  82   0   0
--procs-- -----------------------memory---------------------- ---swap-- -----io---- -system-- --------cpu--------
   r    b         swpd         free         buff        cache   si   so    bi    bo   in   cs  us  sy  id  wa  st
   5    0            0     41537096       220700      3946452    0    0     0     0 1721  320  18   0  82   0   0
   5    0            0     41536888       220700      3946452    0    0     0     0 2020  579  18   0  82   0   0
   6    0            0     41535660       220700      3946508    0    0     0    64 1987  602  18   0  81   0   0
   6    0            0     41537512       220700      3946536    0    0     0     0 1830  350  18   0  82   0   0
   5    0            0     41537100       220700      3946536    0    0     0     0 2007  552  18   0  82   0   0
   4    0            0     41536652       220700      3946592    0    0     0     0 1778  456  17   0  83   0   0
   4    0            0     41536708       220700      3946668    0    0     0     0 1752  564  15   0  85   0   0
   4    0            0     41536260       220700      3946668    0    0     0    40 1489  353  15   0  85   0   0
   4    0            0     41535948       220700      3946724    0    0     0   704 1857  729  15   0  85   0   0
   6    0            0     41536072       220700      3946748    0    0     0     0 1534  430  15   0  85   0   0
   4    0            0     41535908       220700      3946748    0    0     0    52 1752  554  15   0  85   0   0
   5    0            0     41536980       220700      3946804    0    0     0     0 1644  519  15   0  85   0   0
   4    0            0     41534804       220700      3946836    0    0     0    80 1568  400  15   0  85   0   0
   4    0            0     41533344       220700      3946836    0    0     0     0 1632  567  14   0  86   0   0
   4    0            0     41532896       220700      3946836    0    0     0     0 1441  336  14   0  86   0   0
   3    0            0     41533148       220700      3946944    0    0     0     0 1545  515  13   0  87   0   0
   3    0            0     41532732       220700      3946956    0    0     0     0 1180  347  11   0  89   0   0
   4    0            0     41532764       220700      3946988    0    0     0   164 1502  602  11   0  88   0   0
   3    0            0     41531728       220700      3947032    0    0     0     8 2572 2146  12   0  88   0   0
   3    0            0     41530560       220704      3947028    0    0     0     0 1410  606  10   0  90   0   0
   4    0            0     41530368       220704      3947028    0    0     0     0 1122  535   8   0  92   0   0
--procs-- -----------------------memory---------------------- ---swap-- -----io---- -system-- --------cpu--------
   r    b         swpd         free         buff        cache   si   so    bi    bo   in   cs  us  sy  id  wa  st
   3    0            0     41531896       220704      3947188    0    0     0     0 1095  451   8   0  92   0   0
   4    0            0     41531240       220704      3947188    0    0     0    80 1276  546   8   0  92   0   0
   3    0            0     41531732       220704      3947188    0    0     0     0 1068  346   8   0  92   0   0
   3    0            0     41531456       220704      3947256    0    0     0   100 1239  563   8   0  92   0   0
   3    0            0     41531260       220704      3947284    0    0     0     0 1045  455   8   0  92   0   0
   2    0            0     41532284       220704      3947284    0    0     0     0 1243  563   8   0  92   0   0
   4    0            0     41531836       220704      3947284    0    0     0    32  981  354   8   0  92   0   0
   2    0            0     41531808       220704      3947380    0    0     0     0 1256  591   8   0  92   0   0
   3    0            0     41530760       220704      3947420    0    0     0     4 1265  717   8   0  92   0   0
   3    0            0     41531364       220704      3947452    0    0     0     0  945  336   8   0  92   0   0
   2    0            0     41531712       220704      3947476    0    0     0     0 1176  574   8   0  92   0   0
   2    0            0     41531264       220704      3947504    0    0     0   100 1045  475   8   0  92   0   0
   2    0            0     41531796       220704      3947504    0    0     0     0 1310  641   8   0  92   0   0
   2    0            0     41531916       220704      3947556    0    0     0     0  981  377   8   0  92   0   0
   2    0            0     41531720       220704      3947588    0    0     0     0 1154  507   8   0  92   0   0
   2    0            0     41531048       220704      3947588    0    0     0     0 1000  344   8   0  92   0   0
   2    0            0     41530632       220704      3947644    0    0     0    20 1261  579   8   0  92   0   0
   2    0            0     41529212       220704      3947676    0    0     0     0 1266  592   8   0  92   0   0
   2    0            0     41529788       220704      3947708    0    0     0   828 1000  372   8   0  92   0   0
   2    0            0     41530640       220704      3947708    0    0     0     0 1288  526   8   0  92   0   0
   2    0            0     41530444       220704      3947780    0    0     0     0 1047  411   8   0  92   0   0
--procs-- -----------------------memory---------------------- ---swap-- -----io---- -system-- --------cpu--------
   r    b         swpd         free         buff        cache   si   so    bi    bo   in   cs  us  sy  id  wa  st
   3    0            0     41531784       220704      3947808    0    0     0    40 1208  554   8   0  92   0   0
   3    0            0     41531336       220704      3947808    0    0     0     0  950  348   8   0  92   0   0
   2    0            0     41530920       220704      3947860    0    0     0     0 1233  555   8   0  92   0   0
   2    0            0     41530668       220704      3947888    0    0     0     0 1019  391   8   0  92   0   0
   3    0            0     41530548       220704      3947888    0    0     0     0 1226  539   8   0  92   0   0
   2    0            0     41532728       220704      3947952    0    0     0    44 1283  553   8   0  92   0   0
   2    0            0     41531852       220704      3947996    0    0     0     0 2223 1887   8   0  92   0   0
   2    0            0     41533168       220704      3947996    0    0     0    12 1334  666   8   0  92   0   0
   3    0            0     41532392       220704      3948068    0    0     0     0 1026  386   8   0  92   0   0
   2    0            0     41531700       220704      3948096    0    0     0     0 1270  577   8   0  92   0   0
   4    0            0     41531280       220704      3948096    0    0     0    88 1017  389   8   0  92   0   0
   2    0            0     41529896       220704      3948160    0    0     0     0 1344  626   8   0  92   0   0
   3    0            0     41529976       220704      3948192    0    0     0     0 1032  488   8   0  92   0   0
   2    0            0     41530064       220704      3948192    0    0     0     0 1313  709   8   0  92   0   0
   3    0            0     41530020       220704      3948252    0    0     0     0 1273  570   8   0  92   0   0
   4    0            0     41529672       220704      3948280    0    0     0    96 1057  438   8   0  92   0   0
   2    0            0     41530516       220704      3948280    0    0     0     0 1312  726   8   0  92   0   0
   2    0            0     41530860       220704      3948328    0    0     0     0  990  373   8   0  92   0   0
   3    0            0     41531144       220704      3948356    0    0     0     0 1229  559   8   0  92   0   0
   2    0            0     41530444       220704      3948356    0    0     0     0 1031  442   8   0  92   0   0
   2    0            0     41529904       220704      3948416    0    0     0    20 1226  574   8   0  92   0   0
--procs-- -----------------------memory---------------------- ---swap-- -----io---- -system-- --------cpu--------
   r    b         swpd         free         buff        cache   si   so    bi    bo   in   cs  us  sy  id  wa  st
   2    0            0     41530068       220704      3948416    0    0     0     0  953  360   8   0  92   0   0
   2    0            0     41528652       220704      3948468    0    0     0     0 1290  567   8   0  92   0   0
   2    0            0     41530992       220704      3948496    0    0     0     0 1245  570   8   0  92   0   0
   3    0            0     41530544       220704      3948496    0    0     0     0  996  362   8   0  92   0   0
   2    0            0     41530556       220704      3948524    0    0     0    28 1237  536   8   0  92   0   0
   2    0            0     41529948       220704      3948560    0    0     0     4 1082  490   8   0  92   0   0
   4    0            0     41529004       220704      3948584    0    0     0   872 1311  567   8   0  92   0   0
   4    0            0     41528780       220704      3948612    0    0     0     0 1011  324   8   0  92   0   0
   4    0            0     41528372       220704      3948640    0    0     0     0 1184  549   8   0  92   0   0
   2    0            0     41528148       220704      3948668    0    0     0    76  999  379   8   0  92   0   0
   2    0            0     41527676       220704      3948696    0    0     0     0 1200  552   8   0  92   0   0
   2    0            0     41527732       220704      3948724    0    0     0     0 1226  531   8   0  92   0   0
   2    0            0     41528272       220704      3948752    0    0     0     0  978  332   8   0  92   0   0
   2    0            0     41526848       220704      3948780    0    0     0     0 1192  529   8   0  92   0   0
   2    0            0     41528080       220704      3948808    0    0     0    80 1055  401   8   0  92   0   0
   2    0            0     41530924       220704      3948832    0    0     0     0 2603 2263   8   0  91   0   0
   2    0            0     41531388       220704      3948872    0    0     0     0 1039  408   8   0  92   0   0
   2    0            0     41532392       220704      3948872    0    0     0     8 1184  550   8   0  92   0   0
   2    0            0     41532516       220704      3948932    0    0     0     0 1066  475   8   0  92   0   0
   2    0            0     41532584       220704      3948960    0    0     0    56 1191  509   8   0  92   0   0
   2    0            0     41532852       220704      3948960    0    0     0     0 1218  533   8   0  92   0   0
--procs-- -----------------------memory---------------------- ---swap-- -----io---- -system-- --------cpu--------
   r    b         swpd         free         buff        cache   si   so    bi    bo   in   cs  us  sy  id  wa  st
   5    0            0     41532532       220704      3949020    0    0     0     0 1027  374   8   0  92   0   0
   4    0            0     41531836       220704      3949052    0    0     0     0 1329  706   8   0  92   0   0
   2    0            0     41532116       220704      3949052    0    0     0     0 1008  371   8   0  92   0   0
   3    0            0     41531444       220704      3949108    0    0     0    68 1285  536   8   0  92   0   0
   2    0            0     41532040       220704      3949136    0    0     0     0 1054  468   8   0  92   0   0
   2    0            0     41531880       220704      3949136    0    0     0     0 1316  588   8   0  92   0   0
   2    0            0     41533108       220704      3949208    0    0     0     0  985  340   8   0  92   0   0
   2    0            0     41532564       220704      3949240    0    0     0     0 1220  607   8   0  92   0   0
   4    0            0     41532148       220704      3949244    0    0     0    64 1227  525   8   0  92   0   0
   2    0            0     41531952       220704      3949304    0    0     0     0 1041  406   8   0  92   0   0
   3    0            0     41530420       220704      3949336    0    0     0     0 1322  526   8   0  92   0   0
   2    0            0     41533852       220704      3949336    0    0     0     0  949  316   8   0  92   0   0
   2    0            0     41533068       220704      3949396    0    0     0     0 1212  544   8   0  92   0   0
   2    0            0     41532952       220704      3949412    0    0     0    72  950  366   7   0  93   0   0
   3    0            0     41533240       220704      3949412    0    0     0     0 1229  633   8   0  92   0   0
   3    0            0     41533016       220704      3949444    0    0     0     0  986  386   8   0  92   0   0
   2    0            0     41532320       220704      3949472    0    0     0   836 1208  565   8   0  92   0   0
   2    0            0     41532068       220704      3949472    0    0     0     0 1234  585   8   0  92   0   0
   2    0            0     41532504       220704      3949504    0    0     0    40  916  308   7   0  93   0   0
   3    0            0     41533008       220704      3949520    0    0     0     0 1102  509   7   0  93   0   0
   2    0            0     41532560       220704      3949520    0    0     0     0  922  291   8   0  92   0   0
--procs-- -----------------------memory---------------------- ---swap-- -----io---- -system-- --------cpu--------
   r    b         swpd         free         buff        cache   si   so    bi    bo   in   cs  us  sy  id  wa  st
   3    0            0     41530144       220704      3949560    0    0     0     0 1253  560   8   0  92   0   0
   2    0            0     41530172       220704      3949560    0    0     0     0  935  325   7   0  93   0   0
   3    0            0     41530704       220704      3949600    0    0     0    44 1126  463   8   0  92   0   0
   2    0            0     41530596       220704      3949600    0    0     0     0 2280 2101   8   0  92   0   0
   2    0            0     41531472       220704      3949624    0    0     0     0 1227  572   8   0  92   0   0
   4    0            0     41530748       220704      3949640    0    0     0     0 1116  463   8   0  92   0   0
   2    0            0     41530328       220704      3949660    0    0     0     0  985  424   8   0  92   0   0
   3    0            0     41529908       220704      3949700    0    0     0    44 1276  587   8   0  92   0   0
   2    0            0     41530228       220704      3949720    0    0     0     4 1101  502   8   0  92   0   0
   3    0            0     41529584       220704      3949748    0    0     0     0 1204  544   8   0  92   0   0
   2    0            0     41530392       220704      3949772    0    0     0     0 1051  596   7   0  93   0   0
   1    0            0     41528972       220704      3949852    0    0     0     8  992  557   5   0  95   0   0
   3    0            0     41529328       220704      3949852    0    0     0   148  792  403   5   0  95   1   0
   1    0            0     41529104       220704      3949912    0    0     0     0 1055  625   4   0  95   0   0
   2    0            0     41529508       220704      3949932    0    0     0     0  966  498   4   0  95   0   0
   4    0            0     41529444       220704      3949964    0    0     0    64  765  335   5   0  95   0   0
   1    0            0     41528924       220704      3949964    0    0     0     0 1026  621   5   0  95   0   0
   3    0            0     41530572       220704      3950016    0    0     0    36  767  385   5   0  95   0   0
   3    0            0     41530064       220704      3950040    0    0     0     0  936  546   5   0  95   0   0
   3    0            0     41530220       220704      3950040    0    0     0     0  794  458   5   0  95   0   0
   3    0            0     41531272       220704      3950096    0    0     0     0 1059  617   4   0  96   0   0
--procs-- -----------------------memory---------------------- ---swap-- -----io---- -system-- --------cpu--------
   r    b         swpd         free         buff        cache   si   so    bi    bo   in   cs  us  sy  id  wa  st
   4    0            0     41531224       220704      3950120    0    0     0     0  774  431   5   0  95   0   0
   1    0            0     41530572       220704      3950144    0    0     0    72 1096  606   5   0  95   0   0
   1    0            0     41534088       220704      3950144    0    0     0     0 1107  780   5   0  95   0   0
   2    0            0     41533660       220704      3950192    0    0     0     0  757  426   4   0  96   0   0
   1    0            0     41532712       220704      3950212    0    0     0     0 1011  577   5   0  95   0   0
   2    0            0     41532712       220704      3950212    0    0     0   668  747  393   5   0  95   0   0
   1    0            0     41532048       220704      3950272    0    0     0   264  993  599   5   0  95   0   0
   1    0            0     41531852       220704      3950292    0    0     0     0  802  451   4   0  96   0   0
   3    0            0     41531436       220704      3950292    0    0     0     4  930  557   5   0  95   0   0
   2    0            0     41529260       220704      3950340    0    0     0     0  744  353   4   0  96   0   0
   0    1            0     45393700       220704      3950316    0    0     0   112 9979 8600  20   2  77   1   0
   1    1            0     45397180       220704      3950380    0    0     0  1460 1685 1966   2   0  95   3   0
  30    0            0     45184568       220704      3950480    0    0     0   848 3119 3999   7   1  89   3   0
 237    0            0     44057008       220704      3950516    0    0     0     0 11841 6983  95   5   0   0   0
  30    0            0     37580448       220840      3950680    0    0     4     0 26349 4585  86  14   0   0   0
  30    0            0     41725656       220848      3951024    0    0     0   332 7948  847  80  20   0   0   0
  30    0            0     41706656       220848      3951064    0    0     0    24 7803  491 100   0   0   0   0
  30    0            0     41695392       220848      3951100    0    0     0     0 7840  655 100   0   0   0   0
  30    0            0     41687692       220848      3951140    0    0     0   368 7801  513 100   0   0   0   0
  30    0            0     41677664       220848      3951176    0    0     0     0 7977  816 100   0   0   0   0
  31    0            0     41671176       220848      3951224    0    0     0     0 7826  618 100   0   0   0   0
--procs-- -----------------------memory---------------------- ---swap-- -----io---- -system-- --------cpu--------
   r    b         swpd         free         buff        cache   si   so    bi    bo   in   cs  us  sy  id  wa  st
  31    0            0     41666136       220848      3951268    0    0     0     0 7802  507 100   0   0   0   0
  30    0            0     41659336       220848      3951268    0    0     0     0 7877  783 100   0   0   0   0
  30    0            0     41654800       220848      3951304    0    0     0   368 7848  512 100   0   0   0   0
  31    0            0     41650800       220848      3951336    0    0     0     0 7797  586 100   0   0   0   0
  30    0            0     41649036       220848      3951360    0    0     0     8 7823  529 100   0   0   0   0
  30    0            0     41646772       220848      3951400    0    0     0     0 7814  609 100   0   0   0   0
  30    0            0     41644252       220848      3951432    0    0     0     4 7841  516 100   0   0   0   0
  31    0            0     41643768       220848      3951480    0    0     0    72 7848  641 100   0   0   0   0
  31    0            0     41640020       220848      3951516    0    0     0     0 7779  549 100   0   0   0   0
  30    0            0     41638640       220848      3951548    0    0     0     0 7867  555 100   0   0   0   0
  30    0            0     41639244       220848      3951584    0    0     0     0 7785  600 100   0   0   0   0
  30    0            0     41638488       220848      3951608    0    0     0     0 7794  484 100   0   0   0   0
  30    0            0     41636480       220848      3951644    0    0     0    20 7807  584 100   0   0   0   0
  30    0            0     41635976       220848      3951676    0    0     0     0 7820  447 100   0   0   0   0
  30    0            0     41634968       220848      3951720    0    0     0     0 7841  630 100   0   0   0   0
  30    0            0     41634968       220852      3951740    0    0     0   972 7761  363 100   0   0   0   0
  30    0            0     41632960       220852      3951764    0    0     0     0 7800  572 100   0   0   0   0
  30    0            0     41630700       220852      3951792    0    0     0    40 7791  556 100   0   0   0   0
  30    0            0     41630196       220852      3951816    0    0     0     0 7760  480 100   0   0   0   0
  30    0            0     41628936       220852      3951848    0    0     0     0 7872  690 100   0   0   0   0
  30    0            0     41628432       220852      3951896    0    0     0     0 7843  421 100   0   0   0   0
--procs-- -----------------------memory---------------------- ---swap-- -----io---- -system-- --------cpu--------
   r    b         swpd         free         buff        cache   si   so    bi    bo   in   cs  us  sy  id  wa  st
  36    0            0     41623936       220852      3951936    0    0     0     0 8031 1006 100   0   0   0   0
  30    0            0     41623340       220852      3952008    0    0     0    44 8513 1702 100   0   0   0   0
  30    0            0     41621328       220852      3952044    0    0     0     0 7800  621 100   0   0   0   0
  30    0            0     41620576       220852      3952076    0    0     0     0 7837  529 100   0   0   0   0
  30    0            0     41618308       220852      3952112    0    0     0     4 7828  596 100   0   0   0   0
  31    0            0     41617304       220852      3952148    0    0     0     0 7929  697 100   0   0   0   0
  31    0            0     41616828       220852      3952184    0    0     0    56 7853  502 100   0   0   0   0
  30    0            0     41616852       220852      3952228    0    0     0     0 7974  826 100   0   0   0   0
  30    0            0     41616352       220852      3952268    0    0     0     0 7871  507 100   0   0   0   0
  30    0            0     41615344       220852      3952316    0    0     0     0 7885  672 100   0   0   0   0
  31    0            0     41615628       220852      3952364    0    0     0     0 7899  510 100   0   0   0   0
  30    0            0     41615128       220852      3952416    0    0     0    20 7950  715 100   0   0   0   0
  31    0            0     41615128       220852      3952464    0    0     0    80 7863  430 100   0   0   0   0
  30    0            0     41613868       220852      3952508    0    0     0     0 7973  772 100   0   0   0   0
  32    0            0     41612108       220852      3952556    0    0     0     8 7851  583 100   0   0   0   0
  30    0            0     41611380       220852      3952600    0    0     0     0 7837  462 100   0   0   0   0
  31    0            0     41613632       220852      3952648    0    0     0    32 7850  579 100   0   0   0   0
  30    0            0     41612932       220852      3952712    0    0     0     0 8013  476 100   0   0   0   0
  30    0            0     41612744       220852      3952744    0    0     0     0 7955  646 100   0   0   0   0
  31    0            0     41612388       220852      3952788    0    0     0     0 7803  413 100   0   0   0   0
  30    0            0     41610652       220852      3952832    0    0     0     4 8039  898 100   0   0   0   0
--procs-- -----------------------memory---------------------- ---swap-- -----io---- -system-- --------cpu--------
   r    b         swpd         free         buff        cache   si   so    bi    bo   in   cs  us  sy  id  wa  st
  32    0            0     41610148       220852      3952876    0    0     0    56 7882  560 100   0   0   0   0
  30    0            0     41608636       220852      3952924    0    0     0     0 7894  629 100   0   0   0   0
  31    0            0     41608288       220852      3952924    0    0     0     0 7862  574 100   0   0   0   0
  30    0            0     41608192       220856      3952964    0    0     0  1168 7773  384 100   0   0   0   0
  30    0            0     41606964       220856      3953000    0    0     0     0 7740  562 100   0   0   0   0
  30    0            0     41606740       220856      3953020    0    0     0    40 7838  448 100   0   0   0   0
  31    0            0     41605984       220856      3953052    0    0     0     0 7761  530 100   0   0   0   0
  30    0            0     41605988       220856      3953072    0    0     0     0 7767  393 100   0   0   0   0
  30    0            0     41604824       220856      3953104    0    0     0     0 7902  655 100   0   0   0   0
  30    0            0     41604800       220856      3953144    0    0     0     0 8063  989 100   0   0   0   0
  30    0            0     41605040       220856      3953184    0    0     0     0 8681 2125 100   0   0   0   0
  31    0            0     41603692       220856      3953252    0    0     0    56 7785  569 100   0   0   0   0
  30    0            0     41603384       220856      3953292    0    0     0     0 7861  579 100   0   0   0   0
  30    0            0     41602024       220856      3953336    0    0     0     0 7847  589 100   0   0   0   0
  30    0            0     41601484       220856      3953388    0    0     0     0 7953  764 100   0   0   0   0
  30    0            0     41600704       220856      3953424    0    0     0     0 7840  628 100   0   0   0   0
  30    0            0     41600904       220856      3953472    0    0     0    28 7881  627 100   0   0   0   0
  31    0            0     41599144       220856      3953516    0    0     0     0 7978  850 100   0   0   0   0
  30    0            0     41598892       220856      3953564    0    0     0     0 7925  658 100   0   0   0   0
  30    0            0     41597640       220856      3953612    0    0     0     0 8189 1239 100   0   0   0   0
  30    0            0     41596636       220856      3953656    0    0     0     0 8234 1261 100   0   0   0   0
--procs-- -----------------------memory---------------------- ---swap-- -----io---- -system-- --------cpu--------
   r    b         swpd         free         buff        cache   si   so    bi    bo   in   cs  us  sy  id  wa  st
  30    0            0     41595408       220856      3953752    0    0     0    56 7699  594  98   0   2   0   0
  29    0            0     41594156       220856      3953780    0    0     0     0 7768  801  98   0   2   0   0
  29    0            0     41593904       220856      3953804    0    0     0     0 7731  699  98   0   2   0   0
  31    0            0     41593300       220856      3953832    0    0     0    28 7828  836  98   0   2   0   0
  29    0            0     41592680       220856      3953864    0    0     0    52 7794  794  98   0   2   0   0
  29    0            0     41593252       220856      3953880    0    0     0    60 7607  543  97   0   2   0   0
  29    0            0     41593000       220856      3953904    0    0     0     0 7743  619  98   0   2   0   0
  30    0            0     41594840       220856      3953932    0    0     0     0 7722  642  97   0   3   0   0
  29    0            0     41595416       220856      3953952    0    0     0     0 8408  970  97   0   2   0   0
  29    0            0     41595420       220856      3953976    0    0     0     0 7624  529  98   0   2   0   0
  29    0            0     41595244       220856      3954012    0    0     0    20 7780  783  98   0   2   0   0
  29    0            0     41595244       220856      3954032    0    0     0     0 7866  897  97   0   3   0   0
  29    0            0     41594656       220856      3954068    0    0     0     0 7645  555  98   0   2   0   0
  29    0            0     41594188       220860      3954092    0    0     0  1000 7703  660  97   0   3   0   0
  29    0            0     41592108       220860      3954132    0    0     0     0 7928 1061  98   0   2   0   0
  29    0            0     41591128       220860      3954176    0    0     0    40 7898  829  98   0   2   0   0
  30    0            0     41587124       220860      3954212    0    0     0     0 7907 1000  98   0   2   0   0
  28    0            0     41584880       220860      3954244    0    0     0     0 7773  782  98   0   2   0   0
  28    0            0     41584580       220860      3954292    0    0     0     8 7801 1138  95   0   5   0   0
  28    0            0     41583636       220860      3954340    0    0     0     4 8624 2452  95   0   5   0   0
  29    0            0     41583768       220860      3954352    0    0     0   116 7711  818  95   0   5   0   0
--procs-- -----------------------memory---------------------- ---swap-- -----io---- -system-- --------cpu--------
   r    b         swpd         free         buff        cache   si   so    bi    bo   in   cs  us  sy  id  wa  st
  28    0            0     41583328       220860      3954372    0    0     0    20 7601  648  95   0   5   0   0
  29    0            0     41582744       220860      3954396    0    0     0     0 7495  453  95   0   5   0   0
  28    0            0     41582944       220860      3954416    0    0     0     0 7603  652  95   0   5   0   0
  28    0            0     41582468       220860      3954416    0    0     0     0 7411  359  95   0   5   0   0
  28    0            0     41583012       220860      3954440    0    0     0    32 7477  565  94   0   6   0   0
  28    0            0     41583092       220860      3954452    0    0     0     0 7498  532  95   0   5   0   0
  29    0            0     41583076       220860      3954472    0    0     0     0 7475  408  95   0   5   0   0
  29    0            0     41583056       220860      3954496    0    0     0     0 7500  598  94   0   5   0   0
  28    0            0     41582132       220860      3954512    0    0     0     0 7378  425  94   0   6   0   0
  29    0            0     41581808       220860      3954528    0    0     0    20 7518  490  95   0   5   0   0
  28    0            0     41581656       220860      3954544    0    0     0     0 7491  526  95   0   5   0   0
  29    0            0     41581036       220860      3954564    0    0     0     0 7458  524  95   0   5   0   0
  29    0            0     41580788       220860      3954584    0    0     0     0 7441  395  95   0   5   0   0
  29    0            0     41580852       220860      3954612    0    0     0     8 7550  606  95   0   5   0   0
  29    0            0     41580556       220860      3954636    0    0     0   160 7528  575  95   0   5   0   0
  28    0            0     41580940       220860      3954656    0    0     0     0 7452  417  95   0   5   0   0
  29    0            0     41580112       220860      3954680    0    0     0     0 7479  500  95   0   5   0   0
  28    0            0     41581940       220860      3954704    0    0     0     0 7489  512  95   0   5   0   0
  28    0            0     41579984       220860      3954724    0    0     0     0 7507  617  95   0   5   0   0
  28    0            0     41579764       220864      3954744    0    0     0    20 7408  360  95   0   5   0   0
  28    0            0     41578964       220864      3954776    0    0     0     0 7514  527  95   0   5   0   0
--procs-- -----------------------memory---------------------- ---swap-- -----io---- -system-- --------cpu--------
   r    b         swpd         free         buff        cache   si   so    bi    bo   in   cs  us  sy  id  wa  st
  29    0            0     41579116       220864      3954796    0    0     0     0 7417  365  95   0   5   0   0
  28    0            0     41579180       220864      3954820    0    0     0     0 7564  656  95   0   5   0   0
  28    0            0     41578604       220868      3954844    0    0     0   676 7511  543  95   0   5   0   0
  29    0            0     41578016       220868      3954864    0    0     0    44 7426  407  95   0   5   0   0
  29    0            0     41578036       220868      3954896    0    0     0     0 7516  529  95   0   5   0   0
  29    0            0     41578100       220868      3954924    0    0     0     0 7453  408  95   0   5   0   0
  29    0            0     41577728       220868      3954956    0    0     0     0 7715  691  95   0   5   0   0
  28    0            0     41578052       220868      3955000    0    0     0     0 8313 1910  95   0   5   0   0
  28    0            0     41577276       220868      3955036    0    0     0    80 7528  529  95   0   5   0   0
  29    0            0     41577820       220868      3955064    0    0     0     0 7499  478  95   0   5   0   0
  28    0            0     41576844       220868      3955084    0    0     0     0 7381  466  94   0   6   0   0
  28    0            0     41576424       220868      3955112    0    0     0     0 7466  495  94   0   6   0   0
  29    0            0     41576180       220868      3955128    0    0     0     0 7395  379  94   0   6   0   0
  29    0            0     41575764       220868      3955160    0    0     0    20 7558  580  95   0   5   0   0
  29    0            0     41575796       220868      3955188    0    0     0     0 7478  366  95   0   5   0   0
  27    0            0     41575636       220868      3955240    0    0     0     0 7450  588  94   0   6   0   0
  27    0            0     41575136       220868      3955268    0    0     0     0 7230  666  90   0  10   0   0
  26    0            0     41574424       220868      3955324    0    0     0     0 7028  656  87   0  12   0   0
  26    0            0     41574172       220868      3955344    0    0     0    48 6965  373  88   0  12   0   0
  25    0            0     41573980       220872      3955400    0    0     0     0 6937  746  85   0  15   0   0
  24    0            0     41572496       220872      3955456    0    0     0   148 6612  587  80   0  19   0   0
--procs-- -----------------------memory---------------------- ---swap-- -----io---- -system-- --------cpu--------
   r    b         swpd         free         buff        cache   si   so    bi    bo   in   cs  us  sy  id  wa  st
  25    0            0     41572816       220872      3955516    0    0     0     0 6257  438  78   0  21   0   0
  23    0            0     41571116       220872      3955536    0    0     0     0 6467  659  78   0  22   0   0
  23    0            0     41570652       220872      3955560    0    0     0    68 6137  495  76   0  24   0   0
  22    0            0     41569836       220872      3955592    0    0     0     0 6198  623  75   0  25   0   0
  22    0            0     41569448       220872      3955620    0    0     0     0 5924  435  74   0  26   0   0
  23    0            0     41568532       220872      3955632    0    0     0     0 6222  734  75   0  25   0   0
  23    0            0     41568216       220872      3955652    0    0     0     8 6056  483  75   0  25   0   0
  21    0            0     41567264       220872      3955676    0    0     0   196 6178  597  74   0  25   0   0
  21    0            0     41565532       220872      3955736    0    0     0     4 6052  651  72   0  28   0   0
  21    0            0     41565596       220872      3955756    0    0     0     0 5663  307  71   0  29   0   0
  22    0            0     41565192       220872      3955780    0    0     0     0 5884  526  71   0  28   0   0
  21    0            0     41565384       220872      3955796    0    0     0   712 5665  349  71   0  29   0   0
  21    0            0     41563676       220872      3955820    0    0     0   124 5968  567  71   0  28   0   0
  22    0            0     41563992       220872      3955840    0    0     0     0 5677  372  71   0  29   0   0
  20    0            0     41563992       220872      3955860    0    0     0     0 5880  550  71   0  29   0   0
  20    0            0     41563076       220872      3955932    0    0     0     0 5491  432  68   0  32   0   0
  20    0            0     41562852       220872      3955968    0    0     0     0 7033 2341  69   0  31   0   0
  20    0            0     41561648       220872      3956012    0    0     0    76 5715  579  68   0  32   0   0
  21    0            0     41560948       220872      3956028    0    0     0     0 5501  456  68   0  32   0   0
  20    0            0     41561260       220872      3956056    0    0     0    36 5697  545  68   0  31   0   0
  20    0            0     41566480       220872      3956080    0    0     0     0 5530  676  66   0  34   0   0
--procs-- -----------------------memory---------------------- ---swap-- -----io---- -system-- --------cpu--------
   r    b         swpd         free         buff        cache   si   so    bi    bo   in   cs  us  sy  id  wa  st
  21    0            0     41565944       220872      3956132    0    0     0     0 5463  533  65   0  35   0   0
  19    0            0     41565944       220872      3956148    0    0     0    68 5220  457  64   0  36   0   0
  18    0            0     41568784       220872      3956164    0    0     0     0 6368  643  64   0  36   0   0
  19    0            0     41568472       220872      3956224    0    0     0     0 5059  425  62   0  38   0   0
  19    0            0     41567088       220872      3956248    0    0     0   396 5417  680  62   0  38   0   0
  18    0            0     41565912       220876      3956272    0    0     0     0 5427  697  62   0  38   0   0
  18    0            0     41565424       220876      3956332    0    0     0    84 4827  413  58   0  42   0   0
  17    0            0     41565252       220876      3956352    0    0     0     0 5035  619  58   0  42   0   0
  17    0            0     41564244       220876      3956376    0    0     0     0 4769  501  57   0  43   0   0
  16    0            0     41562824       220876      3956436    0    0     0     0 4793  543  55   0  45   0   0
  16    0            0     41563428       220876      3956464    0    0     0     0 4533  376  55   0  45   0   0
  17    0            0     41562896       220876      3956488    0    0     0   108 4798  598  55   0  45   0   0
  16    0            0     41562196       220876      3956516    0    0     0     4 4587  437  55   0  45   0   0
  17    0            0     41561464       220876      3956536    0    0     0     0 4724  523  55   0  45   0   0
  17    0            0     41561436       220876      3956556    0    0     0     0 4761  710  55   0  45   0   0
  16    0            0     41560804       220876      3956580    0    0     0     0 4574  463  55   0  45   0   0
  17    0            0     41562716       220876      3956600    0    0     0    68 4766  567  55   0  45   0   0
  16    0            0     41562176       220876      3956620    0    0     0     0 4512  408  55   0  45   0   0
  16    0            0     41560476       220876      3956640    0    0     0     0 4748  525  55   0  45   0   0
  17    0            0     41560000       220876      3956664    0    0     0     0 4506  421  55   0  45   0   0
  17    0            0     41559256       220876      3956688    0    0     0     0 4758  552  55   0  45   0   0
--procs-- -----------------------memory---------------------- ---swap-- -----io---- -system-- --------cpu--------
   r    b         swpd         free         buff        cache   si   so    bi    bo   in   cs  us  sy  id  wa  st
  17    0            0     41560896       220876      3956708    0    0     0   840 4532  365  55   0  45   0   0
  17    0            0     41560852       220876      3956728    0    0     0     0 4827  582  55   0  45   0   0
  16    0            0     41559872       220876      3956752    0    0     0     0 4785  590  55   0  45   0   0
  17    0            0     41559620       220876      3956776    0    0     0     0 4584  562  55   0  45   0   0
  16    0            0     41560300       220876      3956784    0    0     0     0 5773 2142  53   0  47   0   0
  15    0            0     41559244       220876      3956876    0    0     0    88 4372  471  52   0  48   0   0
  16    0            0     41558644       220876      3956900    0    0     0     0 4568  668  52   0  48   0   0
  16    0            0     41558300       220876      3956924    0    0     0     0 4288  353  52   0  48   0   0
  15    0            0     41559128       220876      3956944    0    0     0     0 4483  536  52   0  48   0   0
  15    0            0     41559316       220876      3956964    0    0     0    44 4259  363  52   0  48   0   0
  15    0            0     41558868       220876      3956984    0    0     0    36 4524  703  52   0  48   0   0
  14    0            0     41557860       220876      3957040    0    0     0     0 4249  596  49   0  51   0   0
  16    0            0     41557384       220876      3957068    0    0     0     4 3970  398  48   0  52   0   0
  14    0            0     41556192       220876      3957104    0    0     0     0 4325  724  48   0  52   0   0
  14    0            0     41556448       220876      3957124    0    0     0     0 4038  576  47   0  53   0   0
  13    0            0     41557048       220876      3957160    0    0     0    68 4084  575  45   0  55   0   0
  15    0            0     41556972       220876      3957204    0    0     0    76 3837  593  45   0  55   0   0
  15    0            0     41556500       220876      3957224    0    0     0     0 3914  570  45   0  55   0   0
  13    0            0     41556500       220876      3957224    0    0     0     0 3783  446  45   0  55   0   0
  14    0            0     41555852       220876      3957264    0    0     0     0 4011  633  45   0  55   0   0
  12    0            0     41555032       220876      3957284    0    0     0    40 3835  611  42   0  58   0   0
--procs-- -----------------------memory---------------------- ---swap-- -----io---- -system-- --------cpu--------
   r    b         swpd         free         buff        cache   si   so    bi    bo   in   cs  us  sy  id  wa  st
  12    0            0     41554808       220876      3957336    0    0     0     0 3525  403  41   0  59   0   0
  13    0            0     41554304       220876      3957372    0    0     0     0 3763  630  41   0  58   0   0
  12    0            0     41553608       220876      3957392    0    0     0     0 3533  529  41   0  59   0   0
  11    0            0     41552852       220876      3957488    0    0     0     0 3453  653  38   0  62   0   0
  11    0            0     41550576       220876      3957516    0    0     0   140 3647  923  38   0  62   0   0
  12    0            0     41552052       220876      3957516    0    0     0     8 3572  725  38   0  62   0   0
  11    0            0     41551952       220876      3957560    0    0     0     0 3237  379  37   0  63   0   0
  11    0            0     41551980       220876      3957584    0    0     0     0 3398  542  37   0  62   0   0
  11    0            0     41551260       220876      3957584    0    0     0     4 3538  676  38   0  62   0   0
  11    0            0     41550560       220876      3957632    0    0     0    72 3313  484  38   0  62   0   0
  10    0            0     41550144       220876      3957660    0    0     0   616 3333  652  35   0  65   0   0
  10    0            0     41550588       220876      3957708    0    0     0     0 3043  437  35   0  65   0   0
  12    0            0     41549388       220876      3957760    0    0     0     0 3297  748  35   0  65   0   0
   9    0            0     41546468       220880      3957800    0    0     0     0 4600 2901  35   0  65   0   0
   9    0            0     41545716       220880      3957904    0    0     0   248 3150  700  32   0  68   0   0
   9    0            0     41545728       220880      3957948    0    0     0    92 2802  491  32   0  68   0   0
   9    0            0     41546448       220880      3957968    0    0     0     0 2986  564  31   0  69   0   0
   9    0            0     41546072       220880      3957968    0    0     0     0 3049  618  31   0  68   0   0
  10    0            0     41546172       220880      3958008    0    0     0     0 2764  462  31   0  68   0   0
   9    0            0     41545888       220880      3958028    0    0     0    44 3092  763  31   0  68   0   0
   9    0            0     41546140       220880      3958032    0    0     0     0 2773  415  31   0  68   0   0
--procs-- -----------------------memory---------------------- ---swap-- -----io---- -system-- --------cpu--------
   r    b         swpd         free         buff        cache   si   so    bi    bo   in   cs  us  sy  id  wa  st
  11    0            0     41545692       220880      3958080    0    0     0     0 3049  614  32   0  68   0   0
  10    0            0     41545440       220880      3958100    0    0     0     0 2799  450  32   0  68   0   0
   9    0            0     41545444       220880      3958100    0    0     0     0 2979  611  32   0  68   0   0
   9    0            0     41545780       220880      3958144    0    0     0    20 2888  394  32   0  68   0   0
   9    0            0     41546480       220880      3958212    0    0     0     0 3066  703  31   0  68   0   0
   8    0            0     41545752       220880      3958212    0    0     0     4 2791  590  28   0  72   0   0
   8    0            0     41545276       220880      3958260    0    0     0     0 2478  380  28   0  72   0   0
   9    0            0     41545312       220880      3958260    0    0     0     0 2601  705  26   0  74   0   0
   7    0            0     41545312       220880      3958348    0    0     0    72 2297  444  25   0  75   0   0
   7    0            0     41545696       220880      3958348    0    0     0     0 2480  629  25   0  75   0   0
   9    0            0     41545660       220880      3958388    0    0     0    80 2233  383  25   0  75   0   0
   8    0            0     41545920       220880      3958388    0    0     0     0 2517  594  25   0  75   0   0
   6    0            0     41545472       220880      3958412    0    0     0     0 2236  510  24   0  76   0   0
   7    0            0     41545760       220880      3958484    0    0     0    68 2177  535  21   0  77   1   0
   7    0            0     41544796       220880      3958512    0    0     0     8 2246  581  22   0  78   0   0
   7    0            0     41545292       220880      3958536    0    0     0     0 1985  315  22   0  78   0   0
   7    0            0     41544536       220880      3958552    0    0     0     0 2324  580  22   0  78   0   0
   6    0            0     41545292       220880      3958572    0    0     0     0 2014  390  22   0  78   0   0
   6    0            0     41544788       220880      3958572    0    0     0   104 2237  482  22   0  78   0   0
   7    0            0     41544788       220880      3958616    0    0     0     0 1983  331  22   0  78   0   0
   6    0            0     41544040       220880      3958636    0    0     0   676 2283  609  21   0  78   0   0
--procs-- -----------------------memory---------------------- ---swap-- -----io---- -system-- --------cpu--------
   r    b         swpd         free         buff        cache   si   so    bi    bo   in   cs  us  sy  id  wa  st
   7    0            0     41544320       220880      3958636    0    0     0     0 2016  379  22   0  78   0   0
   6    0            0     41546528       220880      3958692    0    0     0     0 3511 2260  22   0  78   0   0
   8    0            0     41545160       220880      3958708    0    0     0    68 2256  600  21   0  78   0   0
   6    0            0     41544212       220880      3958796    0    0     0     4 1958  659  18   0  82   0   0
   4    0            0     41543736       220880      3958888    0    0     0     0 1809  591  16   0  84   0   0
   6    0            0     41543764       220880      3958908    0    0     0     0 1490  396  15   0  85   0   0
   5    0            0     41543264       220880      3958908    0    0     0     0 1721  636  15   0  85   0   0
   3    0            0     41543264       220880      3958948    0    0     0   208 1572  663  13   0  87   0   0
   3    0            0     41542964       220880      3959016    0    0     0   164 1457  555  11   0  89   0   0
   3    0            0     41543256       220880      3959016    0    0     0     0 1242  423  11   0  89   0   0
   5    0            0     41542876       220880      3959060    0    0     0     0 1497  585  11   0  88   0   0
   3    0            0     41542304       220880      3959080    0    0     0     0 1447  630  11   0  88   0   0
   4    0            0     41543920       220880      3959080    0    0     0    48 1267  352  11   0  88   0   0
   3    0            0     41542092       220880      3959120    0    0     0     0 1517  661  12   0  88   0   0
   3    0            0     41541916       220880      3959224    0    0     0     0 1000  387   8   0  92   0   0
   3    0            0     41541624       220880      3959224    0    0     0     0 1217  588   8   0  92   0   0
   2    0            0     41541752       220880      3959272    0    0     0     0  963  432   8   0  92   0   0
   2    0            0     41541512       220880      3959292    0    0     0    40 1147  491   8   0  92   0   0
   4    0            0     41540812       220880      3959292    0    0     0     0  984  372   8   0  92   0   0
   4    0            0     41542092       220880      3959328    0    0     0    48 1253  746   8   0  92   0   0
   2    0            0     41541780       220880      3959348    0    0     0     0 1118  502   8   0  92   0   0
--procs-- -----------------------memory---------------------- ---swap-- -----io---- -system-- --------cpu--------
   r    b         swpd         free         buff        cache   si   so    bi    bo   in   cs  us  sy  id  wa  st
   2    0            0     41541652       220880      3959348    0    0     0     0  961  402   8   0  92   0   0
   3    0            0     41540924       220880      3959388    0    0     0     0 1192  544   8   0  92   0   0
   2    0            0     41541764       220880      3959408    0    0     0    40 1185  516   8   0  92   0   0
   2    0            0     41541912       220880      3959420    0    0     0     0 1126  467   7   0  92   0   0
   2    0            0     41542328       220880      3959432    0    0     0     0  875  319   7   0  93   0   0
   2    0            0     41542208       220880      3959432    0    0     0     0 1078  580   8   0  92   0   0
   2    0            0     41541984       220880      3959464    0    0     0     0  943  372   8   0  92   0   0
   2    0            0     41542020       220880      3959464    0    0     0    52 1190  531   8   0  92   0   0
   2    0            0     41542304       220880      3959500    0    0     0   556 1225  654   8   0  92   0   0
   4    0            0     41542088       220880      3959500    0    0     0     0  963  371   8   0  92   0   0
   2    0            0     41538776       220880      3959516    0    0     0     0 2523 2387   8   0  91   0   0
   2    0            0     41539148       220880      3959560    0    0     0     0  928  343   7   0  93   0   0
   3    0            0     41538432       220880      3959560    0    0     0    64 1200  639   8   0  92   0   0
   3    0            0     41537376       220880      3959600    0    0     0     8 1033  403   8   0  92   0   0
   3    0            0     41538256       220880      3959600    0    0     0     0 1224  575   8   0  92   0   0
   2    0            0     41538032       220880      3959624    0    0     0     0  927  411   8   0  92   0   0
   2    0            0     41538792       220880      3959644    0    0     0     0 1187  715   8   0  92   0   0
   3    0            0     41538612       220880      3959660    0    0     0    32 1194  564   8   0  92   0   0
   4    0            0     41538388       220880      3959684    0    0     0     0 1069  567   8   0  92   0   0
   2    0            0     41538392       220880      3959684    0    0     0     0 1178  593   8   0  92   0   0
   2    0            0     41538464       220880      3959732    0    0     0     0  915  388   8   0  92   0   0
--procs-- -----------------------memory---------------------- ---swap-- -----io---- -system-- --------cpu--------
   r    b         swpd         free         buff        cache   si   so    bi    bo   in   cs  us  sy  id  wa  st
   3    0            0     41537232       220880      3959756    0    0     0   100 1224  506   8   0  92   0   0
   4    0            0     41537260       220880      3959760    0    0     0    20 1068  494   8   0  92   0   0
   2    0            0     41538060       220880      3959816    0    0     0     0 1138  606   8   0  92   0   0
   3    0            0     41537776       220880      3959844    0    0     0     0  943  370   8   0  92   0   0
   2    0            0     41536892       220880      3959844    0    0     0     0 1158  586   8   0  92   0   0
   4    0            0     41537248       220880      3959888    0    0     0     4 1197  616   8   0  92   0   0
   2    0            0     41537464       220880      3959908    0    0     0    52 1009  420   8   0  92   0   0
   2    0            0     41537244       220880      3959908    0    0     0    28 1319  787   8   0  90   1   0
   3    0            0     41537496       220880      3959952    0    0     0     0  975  378   8   0  92   0   0
   3    0            0     41536800       220880      3959976    0    0     0     0 1269  657   8   0  92   0   0
   1    0            0     41536992       220884      3959972    0    0     0     0  802  382   6   0  94   0   0
   1    0            0     41535884       220884      3960104    0    0     0     0  956  562   5   0  95   0   0
   2    0            0     41537216       220884      3960124    0    0     0    44  862  379   5   0  95   0   0
   3    0            0     41537356       220884      3960124    0    0     0     0  962  594   4   0  95   0   0
   1    0            0     41537136       220884      3960160    0    0     0     0  901  573   5   0  95   0   0
   1    0            0     41537136       220884      3960180    0    0     0    52  666  324   4   0  96   0   0
   2    0            0     41536920       220884      3960180    0    0     0     0  926  558   5   0  95   0   0
   1    0            0     41538596       220884      3960216    0    0     0     0  798  511   4   0  96   0   0
   1    0            0     41538972       220884      3960224    0    0     0   660  926  537   5   0  95   0   0
   2    1            0     45384100       220884      3960144    0    0     0   512 11780 10600  21   2  76   1   0
   0    1            0     45387992       220884      3960248    0    0     0  1108 1633 1673   2   0  95   3   0
--procs-- -----------------------memory---------------------- ---swap-- -----io---- -system-- --------cpu--------
   r    b         swpd         free         buff        cache   si   so    bi    bo   in   cs  us  sy  id  wa  st
   2    1            0     45387744       220884      3960268    0    0     0   656 1200 1270   2   0  95   3   0
  30    0            0     44351960       220884      3960268    0    0     0    84 12920 5569  69   5  26   1   0
  30    0            0     39100096       221016      3960444    0    0     0     8 38982 5971  89  10   0   0   0
  30    0            0     39377584       221028      3960724    0    0     0   332 7767  598  71  29   0   0   0
  31    0            0     41718264       221028      3960808    0    0     0     0 7908  736  99   1   0   0   0
  30    0            0     41701432       221028      3960844    0    0     0     0 7840  425 100   0   0   0   0
  30    1            0     41690440       221028      3960888    0    0     0   436 7883  789 100   0   0   0   0
  30    0            0     41685932       221028      3960912    0    0     0     0 7791  469 100   0   0   0   0
  30    0            0     41680664       221028      3960944    0    0     0     0 7832  690 100   0   0   0   0
  31    0            0     41674896       221028      3960964    0    0     0     0 7758  387 100   0   0   0   0
  30    0            0     41668624       221028      3960988    0    0     0   476 7999  816 100   0   0   0   0
  30    0            0     41662072       221028      3961012    0    0     0    20 7813  620 100   0   0   0   0
  30    0            0     41657004       221028      3961032    0    0     0     0 7909  599 100   0   0   0   0
  30    0            0     41654736       221028      3961060    0    0     0     0 7869  679 100   0   0   0   0
  30    0            0     41653476       221028      3961088    0    0     0     0 7723  419 100   0   0   0   0
  30    0            0     41649772       221028      3961104    0    0     0     0 7859  689 100   0   0   0   0
  31    0            0     41649016       221028      3961128    0    0     0     0 7778  535 100   0   0   0   0
  30    0            0     41647252       221028      3961144    0    0     0    20 7794  628 100   0   0   0   0
  31    0            0     41645488       221028      3961160    0    0     0     0 7749  427 100   0   0   0   0
  30    0            0     41643728       221028      3961180    0    0     0     0 7792  543 100   0   0   0   0
  31    0            0     41641212       221028      3961192    0    0     0     0 7869  675 100   0   0   0   0
--procs-- -----------------------memory---------------------- ---swap-- -----io---- -system-- --------cpu--------
   r    b         swpd         free         buff        cache   si   so    bi    bo   in   cs  us  sy  id  wa  st
  31    0            0     41640456       221028      3961208    0    0     0     0 7746  405 100   0   0   0   0
  30    0            0     41639228       221028      3961224    0    0     0    20 7813  613 100   0   0   0   0
  31    0            0     41640460       221028      3961236    0    0     0     4 7851  535 100   0   0   0   0
  31    0            0     41637972       221028      3961260    0    0     0     0 7853  683 100   0   0   0   0
  30    0            0     41638228       221028      3961280    0    0     0     0 7797  445 100   0   0   0   0
  30    0            0     41637220       221028      3961308    0    0     0     0 7849  654 100   0   0   0   0
  31    0            0     41637224       221028      3961332    0    0     0    56 7796  450 100   0   0   0   0
  34    0            0     41633456       221032      3961360    0    0     0   608 8049 1033 100   0   0   0   0
  30    0            0     41629780       221032      3961392    0    0     0     0 8391 1567 100   0   0   0   0
  30    0            0     41628520       221032      3961408    0    0     0     0 7840  556 100   0   0   0   0
  30    0            0     41627264       221032      3961436    0    0     0     0 7861  629 100   0   0   0   0
  31    0            0     41627264       221032      3961460    0    0     0    64 7886  542 100   0   0   0   0
  31    0            0     41626260       221032      3961492    0    0     0     8 7879  756 100   0   0   0   0
  31    0            0     41626008       221032      3961512    0    0     0     0 7811  591 100   0   0   0   0
  31    0            0     41625000       221032      3961528    0    0     0     0 7852  692 100   0   0   0   0
  31    0            0     41624752       221032      3961544    0    0     0     0 7781  500 100   0   0   0   0
  30    0            0     41624252       221032      3961564    0    0     0    36 7813  655 100   0   0   0   0
  30    0            0     41622244       221032      3961564    0    0     0     0 7670  509 100   0   0   0   0
  30    0            0     41621992       221032      3961564    0    0     0     0 7611  293 100   0   0   0   0
  30    0            0     41620736       221032      3961564    0    0     0     0 7745  605 100   0   0   0   0
  30    0            0     41620232       221032      3961564    0    0     0     0 7607  268 100   0   0   0   0
--procs-- -----------------------memory---------------------- ---swap-- -----io---- -system-- --------cpu--------
   r    b         swpd         free         buff        cache   si   so    bi    bo   in   cs  us  sy  id  wa  st
  31    0            0     41618748       221032      3961564    0    0     0   140 7714  526 100   0   0   0   0
  30    0            0     41618496       221032      3961564    0    0     0     0 7670  374 100   0   0   0   0
  30    0            0     41617640       221032      3961564    0    0     0     0 7698  546 100   0   0   0   0
  31    0            0     41617016       221032      3961568    0    0     0     0 7674  341 100   0   0   0   0
  30    0            0     41616772       221032      3961568    0    0     0     0 7674  482 100   0   0   0   0
  30    0            0     41616520       221032      3961568    0    0     0    16 7678  460 100   0   0   0   0
  30    0            0     41616268       221032      3961568    0    0     0     0 7648  354 100   0   0   0   0
  30    0            0     41616268       221032      3961568    0    0     0     0 7647  442 100   0   0   0   0
  30    0            0     41616268       221032      3961568    0    0     0     0 7643  355 100   0   0   0   0
  30    0            0     41616072       221032      3961568    0    0     0     0 7691  452 100   0   0   0   0
  30    0            0     41616300       221032      3961568    0    0     0    16 7663  396 100   0   0   0   0
  30    0            0     41615268       221032      3961568    0    0     0     0 7771  524 100   0   0   0   0
  32    0            0     41614912       221032      3961568    0    0     0     0 7621  316 100   0   0   0   0
  30    0            0     41615672       221032      3961568    0    0     0     0 7670  473 100   0   0   0   0
  30    0            0     41615572       221032      3961568    0    0     0     0 7708  552 100   0   0   0   0
  30    0            0     41615420       221032      3961568    0    0     0    16 7631  311 100   0   0   0   0
  30    0            0     41612684       221036      3961564    0    0     0   276 7828  541 100   0   0   0   0
  30    0            0     41611516       221036      3961580    0    0     0     0 8398 1598 100   0   0   0   0
  30    0            0     41608760       221036      3961592    0    0     0     0 7744  655 100   0   0   0   0
  30    0            0     41608256       221036      3961592    0    0     0     0 7636  349 100   0   0   0   0
  30    0            0     41609096       221036      3961592    0    0     0     0 7674  505 100   0   0   0   0
--procs-- -----------------------memory---------------------- ---swap-- -----io---- -system-- --------cpu--------
   r    b         swpd         free         buff        cache   si   so    bi    bo   in   cs  us  sy  id  wa  st
  32    1            0     41608996       221036      3961592    0    0     0    48 7634  334 100   0   0   0   0
  30    0            0     41605548       221036      3961592    0    0     0   152 7841  677 100   0   0   0   0
  30    0            0     41604568       221036      3961592    0    0     0     0 7703  538 100   0   0   0   0
  30    0            0     41603812       221036      3961592    0    0     0     0 7645  397 100   0   0   0   0
  30    0            0     41602812       221036      3961592    0    0     0     0 7680  486 100   0   0   0   0
  30    0            0     41602560       221036      3961592    0    0     0     0 7638  352 100   0   0   0   0
  30    0            0     41601556       221036      3961592    0    0     0    28 7718  490 100   0   0   0   0
  30    0            0     41601556       221036      3961592    0    0     0     0 7697  389 100   0   0   0   0
  30    0            0     41600956       221036      3961592    0    0     0     0 7651  446 100   0   0   0   0
  32    0            0     41599696       221036      3961592    0    0     0     0 7632  344 100   0   0   0   0
  30    0            0     41599792       221036      3961592    0    0     0     0 7709  530 100   0   0   0   0
  30    0            0     41598536       221036      3961592    0    0     0    16 7671  504 100   0   0   0   0
  30    0            0     41598032       221036      3961592    0    0     0     0 7658  366 100   0   0   0   0
  30    0            0     41599596       221036      3961592    0    0     0     0 7712  614 100   0   0   0   0
  30    0            0     41599344       221036      3961592    0    0     0    60 7644  300 100   0   0   0   0
  30    0            0     41597860       221036      3961592    0    0     0     0 7669  456 100   0   0   0   0
  30    0            0     41597860       221036      3961596    0    0     0    16 7628  300 100   0   0   0   0
  30    0            0     41596852       221036      3961596    0    0     0     0 7693  538 100   0   0   0   0
  32    0            0     41596260       221036      3961596    0    0     0     0 7628  274 100   0   0   0   0
  30    0            0     41595864       221036      3961596    0    0     0     0 7687  441 100   0   0   0   0
  30    0            0     41595616       221036      3961596    0    0     0     0 7654  437 100   0   0   0   0
--procs-- -----------------------memory---------------------- ---swap-- -----io---- -system-- --------cpu--------
   r    b         swpd         free         buff        cache   si   so    bi    bo   in   cs  us  sy  id  wa  st
  31    0            0     41593724       221036      3961596    0    0     0    16 7675  371 100   0   0   0   0
  30    0            0     41593572       221036      3961596    0    0     0     0 7675  497 100   0   0   0   0
  30    0            0     41593572       221036      3961596    0    0     0     0 7631  335 100   0   0   0   0
  30    0            0     41591588       221036      3961596    0    0     0     0 7683  486 100   0   0   0   0
  30    0            0     41591084       221036      3961596    0    0     0     0 7637  346 100   0   0   0   0
  33    0            0     41587312       221036      3961600    0    0     0    16 7940 1044 100   0   0   0   0
  32    0            0     41587944       221036      3961616    0    0     0     0 8089 1076 100   0   0   0   0
  30    0            0     41588368       221036      3961612    0    0     0     0 7689  543 100   0   0   0   0
  30    0            0     41587108       221036      3961612    0    0     0     0 7712  582 100   0   0   0   0
  30    0            0     41586856       221036      3961612    0    0     0     0 7627  306 100   0   0   0   0
  30    0            0     41587664       221036      3961612    0    0     0    40 7834  686 100   0   0   0   0
  30    0            0     41587812       221036      3961612    0    0     0     0 7669  340 100   0   0   0   0
  30    0            0     41587560       221036      3961612    0    0     0     0 7690  609 100   0   0   0   0
  30    0            0     41587560       221036      3961612    0    0     0     0 7614  266 100   0   0   0   0
  30    0            0     41586804       221036      3961612    0    0     0     0 7646  429 100   0   0   0   0
  32    0            0     41586556       221036      3961612    0    0     0    24 7620  276 100   0   0   0   0
  30    0            0     41586304       221036      3961612    0    0     0     0 7707  544 100   0   0   0   0
  29    0            0     41586432       221036      3961640    0    0     0     0 7511  449  97   0   3   0   0
  29    0            0     41586432       221036      3961640    0    0     0     0 7422  297  97   0   3   0   0
  29    0            0     41586432       221036      3961640    0    0     0     0 7447  432  97   0   3   0   0
  29    0            0     41584796       221036      3961640    0    0     0    52 7521  429  97   0   3   0   0
--procs-- -----------------------memory---------------------- ---swap-- -----io---- -system-- --------cpu--------
   r    b         swpd         free         buff        cache   si   so    bi    bo   in   cs  us  sy  id  wa  st
  30    0            0     41584544       221036      3961640    0    0     0     0 7468  427  97   0   3   0   0
  29    0            0     41584544       221036      3961640    0    0     0    28 7437  349  97   0   3   0   0
  29    0            0     41585576       221036      3961640    0    0     0     0 7504  433  97   0   3   0   0
  30    0            0     41584596       221036      3961640    0    0     0     0 7452  372  97   0   3   0   0
  28    0            0     41584344       221036      3961664    0    0     0   104 7466  452  96   0   4   0   0
  28    0            0     41585936       221036      3961668    0    0     0     0 7302  474  93   0   6   0   0
  28    0            0     41585180       221036      3961668    0    0     0     0 7153  273  93   0   7   0   0
  28    0            0     41584424       221036      3961668    0    0     0     0 7347  499  93   0   6   0   0
  28    0            0     41584424       221036      3961668    0    0     0     0 7157  273  93   0   7   0   0
  28    0            0     41583420       221036      3961668    0    0     0    60 7312  451  93   0   6   0   0
  28    0            0     41583676       221036      3961668    0    0     0     0 7253  378  93   0   7   0   0
  28    0            0     41584180       221036      3961668    0    0     0     0 7424  660  93   0   6   0   0
  29    0            0     41583452       221036      3961668    0    0     0     0 7192  301  93   0   7   0   0
  28    0            0     41583452       221036      3961668    0    0     0     0 7220  381  93   0   7   0   0
  28    0            0     41583456       221036      3961668    0    0     0    28 7288  435  93   0   6   0   0
  28    0            0     41584000       221036      3961692    0    0     0     0 8065 1798  93   0   6   0   0
  28    0            0     41582508       221036      3961692    0    0     0     0 7317  443  93   0   6   0   0
  28    0            0     41582004       221036      3961692    0    0     0     0 7159  268  93   0   7   0   0
  28    0            0     41581252       221036      3961692    0    0     0     0 7268  424  93   0   6   0   0
  28    0            0     41581000       221036      3961692    0    0     0    40 7237  404  93   0   7   0   0
  28    0            0     41581772       221036      3961692    0    0     0     0 7437  574  93   0   6   0   0
--procs-- -----------------------memory---------------------- ---swap-- -----io---- -system-- --------cpu--------
   r    b         swpd         free         buff        cache   si   so    bi    bo   in   cs  us  sy  id  wa  st
  31    0            0     41580784       221036      3961692    0    0     0     0 7216  377  93   0   7   0   0
  29    0            0     41580532       221036      3961692    0    0     0     0 7236  376  93   0   7   0   0
  28    0            0     41580784       221036      3961692    0    0     0     0 7324  485  93   0   7   0   0
  28    0            0     41580532       221036      3961692    0    0     0    16 7203  281  93   0   7   0   0
  28    0            0     41579776       221036      3961692    0    0     0     8 7350  568  93   0   7   0   0
  28    0            0     41579776       221036      3961692    0    0     0     0 7270  283  93   0   7   0   0
  28    0            0     41578768       221036      3961692    0    0     0     0 7328  498  93   0   7   0   0
  28    0            0     41577256       221036      3961692    0    0     0     0 7211  310  93   0   7   0   0
  28    0            0     41577512       221036      3961692    0    0     0    40 7286  444  93   0   7   0   0
  30    0            0     41576056       221036      3961692    0    0     0     0 7268  391  93   0   7   0   0
  27    0            0     41577344       221036      3961724    0    0     0     0 7652 1174  94   0   6   0   0
  27    0            0     41577116       221036      3961724    0    0     0     0 7155  558  90   0  10   0   0
  28    0            0     41577116       221036      3961724    0    0     0   152 6992  311  90   0  10   0   0
  27    0            0     41576620       221036      3961724    0    0     0    44 7102  445  90   0  10   0   0
  27    0            0     41575892       221036      3961800    0    0     0     0 6909  426  88   0  12   0   0
  26    0            0     41575640       221036      3961800    0    0     0    76 6878  437  87   0  13   0   0
  26    0            0     41575388       221036      3961800    0    0     0     0 6744  295  87   0  13   0   0
  26    0            0     41574128       221036      3961800    0    0     0     0 6904  497  87   0  13   0   0
  29    0            0     41625576       221036      3961804    0    0     0   148 8567 1971  89   0  11   0   0
  26    0            0     41624568       221036      3961804    0    0     0     0 6868  455  87   0  13   0   0
  26    0            0     41624568       221036      3961804    0    0     0     0 6905  491  87   0  13   0   0
--procs-- -----------------------memory---------------------- ---swap-- -----io---- -system-- --------cpu--------
   r    b         swpd         free         buff        cache   si   so    bi    bo   in   cs  us  sy  id  wa  st
  27    0            0     41624316       221036      3961804    0    0     0     0 6692  277  87   0  13   0   0
  26    0            0     41622804       221036      3961804    0    0     0     0 6895  505  87   0  13   0   0
  25    0            0     41622328       221036      3961872    0    0     0    16 6635  341  85   0  15   0   0
  25    0            0     41619116       221036      3961880    0    0     0     0 7687 1995  84   0  16   0   0
  25    0            0     41619116       221036      3961880    0    0     0     0 6547  375  83   0  17   0   0
  25    0            0     41619124       221036      3961880    0    0     0    36 6697  546  83   0  16   0   0
  27    0            0     41618020       221036      3961880    0    0     0     0 6526  390  83   0  16   0   0
  25    0            0     41618124       221036      3961880    0    0     0    68 6643  434  83   0  17   0   0
  25    0            0     41617620       221036      3961880    0    0     0     0 6725  530  84   0  16   0   0
  25    0            0     41615136       221036      3961880    0    0     0     0 6588  418  83   0  17   0   0
  25    0            0     41615392       221036      3961880    0    0     0     0 6675  466  83   0  16   0   0
  25    0            0     41615140       221036      3961880    0    0     0     0 6501  351  83   0  17   0   0
  25    0            0     41615172       221036      3961880    0    0     0    16 6648  441  83   0  16   0   0
  25    0            0     41615172       221036      3961880    0    0     0     0 6539  410  83   0  17   0   0
  25    0            0     41614420       221036      3961880    0    0     0     8 6696  463  83   0  16   0   0
  26    0            0     41613816       221036      3961880    0    0     0     0 6520  371  83   0  16   0   0
  24    0            0     41614424       221036      3961916    0    0     0     0 6615  422  83   0  17   0   0
  24    0            0     41614424       221036      3961916    0    0     0    48 6470  507  80   0  20   0   0
  24    0            0     41614424       221036      3961916    0    0     0     0 6251  282  80   0  20   0   0
  24    0            0     41610988       221036      3961916    0    0     0     0 6511  540  80   0  20   0   0
  24    0            0     41610988       221036      3961916    0    0     0     0 6209  257  80   0  20   0   0
--procs-- -----------------------memory---------------------- ---swap-- -----io---- -system-- --------cpu--------
   r    b         swpd         free         buff        cache   si   so    bi    bo   in   cs  us  sy  id  wa  st
  25    0            0     41610484       221036      3961916    0    0     0    36 6503  521  80   0  20   0   0
  24    0            0     41610484       221036      3961916    0    0     0    28 6216  245  80   0  20   0   0
  24    0            0     41610484       221036      3961916    0    0     0     0 6496  482  80   0  20   0   0
  24    0            0     41609888       221040      3961956    0    0     0     0 6256  399  79   0  21   0   0
  23    0            0     41610740       221040      3961956    0    0     0     0 6259  481  77   0  23   0   0
  23    0            0     41609984       221040      3961956    0    0     0     0 6204  436  77   0  23   0   0
  23    0            0     41609984       221040      3961956    0    0     0    36 5959  255  77   0  23   0   0
  22    0            0     41609228       221040      3961996    0    0     0     0 6167  541  75   0  25   0   0
  22    0            0     41608760       221040      3962004    0    0     0    76 5920  471  73   0  27   0   0
  22    0            0     41607524       221040      3962004    0    0     0     0 6062  476  73   0  26   0   0
  22    0            0     41607524       221040      3962004    0    0     0     0 5738  248  73   0  27   0   0
  22    0            0     41607020       221040      3962004    0    0     0   140 6111  498  73   0  26   0   0
  23    0            0     41607308       221040      3962012    0    0     0     0 7059 2173  74   0  26   0   0
  21    0            0     41607312       221040      3962044    0    0     0     0 5755  445  71   0  29   0   0
  21    0            0     41606808       221040      3962044    0    0     0     0 5722  505  70   0  30   0   0
  21    0            0     41606808       221040      3962044    0    0     0     0 5484  319  70   0  30   0   0
  19    0            0     41605560       221040      3962128    0    0     0    60 5794  714  69   0  31   0   0
  19    0            0     41605560       221040      3962128    0    0     0     0 4993  344  63   0  37   0   0
  19    0            0     41604556       221040      3962128    0    0     0   112 5285  606  63   0  36   0   0
  19    0            0     41604556       221040      3962128    0    0     0     0 4931  263  63   0  37   0   0
  19    0            0     41604808       221040      3962128    0    0     0     0 5252  530  63   0  36   0   0
--procs-- -----------------------memory---------------------- ---swap-- -----io---- -system-- --------cpu--------
   r    b         swpd         free         buff        cache   si   so    bi    bo   in   cs  us  sy  id  wa  st
  21    0            0     41603800       221040      3962128    0    0     0    48 5017  371  63   0  36   0   0
  19    0            0     41603804       221040      3962128    0    0     0     0 5293  453  63   0  36   0   0
  19    0            0     41603580       221040      3962128    0    0     0     0 5318  448  63   0  36   0   0
  18    0            0     41603328       221040      3962168    0    0     0     0 5017  352  63   0  37   0   0
  18    0            0     41602828       221040      3962168    0    0     0     0 5027  473  60   0  40   0   0
  18    0            0     41602576       221040      3962168    0    0     0    36 4771  308  60   0  40   0   0
  18    0            0     41601824       221040      3962168    0    0     0     0 5067  507  60   0  40   0   0
  18    0            0     41601320       221040      3962168    0    0     0     0 4817  338  60   0  40   0   0
  18    0            0     41600120       221040      3962168    0    0     0     8 5138  525  60   0  40   0   0
  19    0            0     41600172       221040      3962168    0    0     0    40 4829  399  60   0  40   0   0
  18    0            0     41600628       221040      3962168    0    0     0    40 4925  343  60   0  40   0   0
  18    0            0     41600376       221040      3962168    0    0     0     0 5132  578  60   0  40   0   0
  20    0            0     41600124       221040      3962168    0    0     0     0 4820  303  60   0  40   0   0
  17    0            0     41599872       221040      3962216    0    0     0     0 5087  536  60   0  40   0   0
  17    0            0     41600124       221040      3962216    0    0     0     0 4524  303  57   0  43   0   0
  17    0            0     41600916       221040      3962216    0    0     0    36 4855  569  57   0  43   0   0
  17    0            0     41600916       221040      3962216    0    0     0     0 4514  297  57   0  43   0   0
  17    0            0     41600160       221040      3962216    0    0     0     0 4835  576  57   0  43   0   0
  17    0            0     41596972       221040      3962260    0    0     0     0 4681  538  56   0  44   0   0
  16    0            0     41596972       221040      3962260    0    0     0    92 4464  406  53   0  47   0   0
  15    0            0     41596468       221044      3962304    0    0     0    52 4373  555  51   0  49   0   0
--procs-- -----------------------memory---------------------- ---swap-- -----io---- -system-- --------cpu--------
   r    b         swpd         free         buff        cache   si   so    bi    bo   in   cs  us  sy  id  wa  st
  16    0            0     41597012       221044      3962312    0    0     0     0 5357 2026  50   0  50   0   0
  15    0            0     41595532       221044      3962328    0    0     0     0 4307  507  50   0  50   0   0
  14    0            0     41595532       221044      3962372    0    0     0     0 3864  371  47   0  53   0   0
  14    0            0     41595784       221044      3962372    0    0     0     0 4018  466  47   0  53   0   0
  14    0            0     41595784       221044      3962372    0    0     0   264 3855  404  47   0  53   0   0
  14    0            0     41595280       221044      3962372    0    0     0     0 4079  535  47   0  53   0   0
  14    0            0     41594776       221044      3962372    0    0     0     0 3919  512  47   0  53   0   0
  14    0            0     41595284       221044      3962372    0    0     0     0 3888  323  47   0  53   0   0
  14    0            0     41595036       221044      3962372    0    0     0     0 3983  458  47   0  53   0   0
  14    0            0     41595036       221044      3962372    0    0     0    44 3742  267  47   0  53   0   0
  14    0            0     41594536       221044      3962372    0    0     0     0 4079  577  47   0  53   0   0
  14    0            0     41594536       221044      3962372    0    0     0     0 3786  245  47   0  53   0   0
  14    0            0     41594536       221044      3962372    0    0     0     0 4047  509  47   0  53   0   0
  14    0            0     41594536       221044      3962372    0    0     0     0 3738  260  47   0  53   0   0
  14    0            0     41593532       221044      3962372    0    0     0    16 4074  521  47   0  53   0   0
  14    0            0     41593432       221044      3962372    0    0     0     0 3873  435  47   0  53   0   0
  13    0            0     41593784       221044      3962416    0    0     0     0 3847  432  45   0  55   0   0
  13    0            0     41593644       221044      3962416    0    0     0     0 3851  511  43   0  56   0   0
  13    0            0     41593140       221044      3962416    0    0     0     0 3534  303  43   0  57   0   0
  13    0            0     41592892       221044      3962416    0    0     0    36 3782  468  43   0  56   0   0
  13    0            0     41592892       221044      3962416    0    0     0     0 3474  268  43   0  57   0   0
--procs-- -----------------------memory---------------------- ---swap-- -----io---- -system-- --------cpu--------
   r    b         swpd         free         buff        cache   si   so    bi    bo   in   cs  us  sy  id  wa  st
  14    0            0     41592896       221044      3962416    0    0     0    40 3834  475  43   0  56   0   0
  13    0            0     41592896       221044      3962416    0    0     0     8 3543  293  43   0  57   0   0
  12    0            0     41592152       221044      3962460    0    0     0     0 3707  504  42   0  58   0   0
  12    0            0     41591956       221044      3962460    0    0     0    64 3417  419  40   0  60   0   0
  12    0            0     41592156       221044      3962460    0    0     0     0 3397  293  40   0  60   0   0
  11    0            0     41592416       221044      3962504    0    0     0     0 3637  632  39   0  61   0   0
  11    0            0     41592416       221044      3962504    0    0     0     0 3015  258  37   0  63   0   0
  10    0            0     41588228       221044      3962556    0    0     0   136 3216  569  34   0  66   0   0
  10    0            0     41587976       221044      3962556    0    0     0    52 2735  295  33   0  67   0   0
   9    0            0     41591332       221044      3962652    0    0     0     0 4200 2190  31   0  69   0   0
   9    0            0     41591080       221044      3962652    0    0     0     0 2527  258  30   0  70   0   0
   9    0            0     41590580       221044      3962656    0    0     0     0 2805  449  30   0  70   0   0
   9    0            0     41591832       221044      3962656    0    0     0     0 2700  476  30   0  70   0   0
   9    0            0     41591680       221044      3962656    0    0     0    68 2682  423  30   0  70   0   0
   9    0            0     41591680       221044      3962656    0    0     0   208 2845  487  30   0  70   0   0
   9    0            0     41591680       221044      3962656    0    0     0     0 2566  315  30   0  70   0   0
   9    0            0     41591208       221044      3962656    0    0     0     0 2764  434  30   0  70   0   0
   9    0            0     41591208       221044      3962656    0    0     0     0 2560  326  30   0  70   0   0
   9    0            0     41590956       221044      3962656    0    0     0   160 2762  489  30   0  70   0   0
   9    0            0     41594736       221044      3962656    0    0     0     0 3845 2267  32   0  68   0   0
   9    0            0     41593744       221044      3962656    0    0     0     0 2799  448  30   0  70   0   0
--procs-- -----------------------memory---------------------- ---swap-- -----io---- -system-- --------cpu--------
   r    b         swpd         free         buff        cache   si   so    bi    bo   in   cs  us  sy  id  wa  st
  10    0            0     41593396       221044      3962656    0    0     0     0 2745  461  30   0  70   0   0
   8    0            0     41592988       221044      3962656    0    0     0     0 2541  329  28   0  72   0   0
   8    0            0     41592232       221044      3962736    0    0     0    36 2533  444  27   0  73   0   0
   8    0            0     41591980       221044      3962736    0    0     0     0 2254  247  27   0  73   0   0
   8    0            0     41590720       221044      3962736    0    0     0     0 2667  616  27   0  73   0   0
   8    0            0     41590720       221044      3962736    0    0     0     0 2275  239  27   0  73   0   0
   8    0            0     41590976       221044      3962736    0    0     0    76 2672  570  27   0  73   0   0
   8    0            0     41590976       221044      3962736    0    0     0    36 2311  319  27   0  73   0   0
   8    0            0     41591984       221044      3962736    0    0     0     0 2655  529  27   0  73   0   0
   7    0            0     41590220       221048      3962808    0    0     0     0 2416  460  25   0  74   0   0
   7    0            0     41590220       221048      3962808    0    0     0     0 2129  248  23   0  77   0   0
   7    0            0     41589484       221048      3962808    0    0     0     8 2292  408  23   0  76   0   0
   6    0            0     41589484       221048      3962808    0    0     0    56 1891  369  20   0  79   0   0
   6    0            0     41588728       221048      3962872    0    0     0     0 2069  445  20   0  80   0   0
   6    0            0     41588728       221048      3962872    0    0     0   128 1809  299  20   0  80   0   0
   6    0            0     41588980       221048      3962872    0    0     0     0 2020  412  20   0  80   0   0
   6    0            0     41588252       221048      3962872    0    0     0     0 1873  307  20   0  80   0   0
   6    0            0     41588548       221048      3962872    0    0     0    28 2049  498  20   0  80   0   0
   6    0            0     41587740       221048      3962872    0    0     0     0 3389 2215  20   0  79   0   0
   6    0            0     41588088       221048      3962872    0    0     0     0 1873  291  20   0  80   0   0
   5    0            0     41586856       221048      3962872    0    0     0     0 1946  528  18   0  81   0   0
--procs-- -----------------------memory---------------------- ---swap-- -----io---- -system-- --------cpu--------
   r    b         swpd         free         buff        cache   si   so    bi    bo   in   cs  us  sy  id  wa  st
   6    0            0     41586604       221048      3962968    0    0     0     0 1537  267  17   0  83   0   0
   5    0            0     41586608       221048      3962968    0    0     0    60 1854  615  17   0  83   0   0
   4    0            0     41586104       221048      3962968    0    0     0     0 1450  323  15   0  85   0   0
   4    0            0     41585868       221048      3963036    0    0     0     0 1624  529  13   0  86   0   0
   4    0            0     41585868       221048      3963036    0    0     0   120 1253  221  13   0  87   0   0
   4    0            0     41583332       221048      3963036    0    0     0     0 1617  504  13   0  86   0   0
   4    0            0     41582676       221048      3963036    0    0     0    44 1465  466  13   0  86   0   0
   4    0            0     41582928       221048      3963036    0    0     0     0 1360  360  13   0  87   0   0
   4    0            0     41583436       221048      3963036    0    0     0     0 1535  419  13   0  86   0   0
   4    0            0     41583436       221048      3963036    0    0     0     0 1240  213  13   0  87   0   0
   4    0            0     41583184       221048      3963036    0    0     0     0 1548  446  13   0  86   0   0
   4    0            0     41582960       221048      3963036    0    0     0   124 1346  376  13   0  87   0   0
   5    0            0     41582708       221048      3963036    0    0     0     0 1544  469  14   0  86   0   0
   4    0            0     41582708       221048      3963036    0    0     0     0 1300  293  13   0  87   0   0
   4    0            0     41581960       221048      3963036    0    0     0     0 1557  412  13   0  86   0   0
   4    0            0     41581204       221048      3963036    0    0     0     0 1503  431  13   0  86   0   0
   4    0            0     41581456       221048      3963036    0    0     0    16 1307  308  13   0  87   0   0
   3    0            0     41582476       221048      3963088    0    0     0     0 1484  504  12   0  88   0   0
   3    0            0     41582476       221048      3963088    0    0     0     0  996  220  10   0  90   0   0
   2    0            0     41581872       221048      3963088    0    0     0     0 1357  610   9   0  91   0   0
   2    0            0     41581872       221048      3963088    0    0     0     0  750  214   7   0  93   0   0
--procs-- -----------------------memory---------------------- ---swap-- -----io---- -system-- --------cpu--------
   r    b         swpd         free         buff        cache   si   so    bi    bo   in   cs  us  sy  id  wa  st
   3    0            0     41581728       221048      3963152    0    0     0    52 1045  479   7   0  93   0   0
   2    0            0     41581728       221048      3963152    0    0     0   116  772  247   7   0  93   0   0
   2    0            0     41580720       221048      3963152    0    0     0     0 1140  541   7   0  93   0   0
   2    0            0     41581224       221048      3963152    0    0     0     0  997  420   7   0  93   0   0
   2    0            0     41580972       221048      3963152    0    0     0     0  770  214   7   0  93   0   0
   1    0            0     41580724       221048      3963208    0    0     0    40  898  524   4   0  96   0   0
   1    0            0     41580756       221048      3963208    0    0     0     0 1812 1922   4   0  96   0   0
   1    0            0     41581516       221048      3963208    0    0     0     0  803  444   3   0  96   0   0
   1    0            0     41581516       221048      3963208    0    0     0     0  502  223   3   0  97   0   0
   1    0            0     41581024       221048      3963208    0    0     0     0  833  458   3   0  96   0   0
   1    0            0     41581024       221048      3963208    0    0     0   116  624  368   3   0  97   0   0
   1    0            0     41580272       221048      3963208    0    0     0     0  756  406   3   0  96   0   0
   1    0            0     41579668       221048      3963208    0    0     0     0  804  523   3   0  96   0   0
   1    0            0     41580020       221048      3963208    0    0     0     0  519  213   3   0  97   0   0
   1    0            0     41579416       221048      3963212    0    0     0     0  801  440   3   0  96   0   0
   0    1            0     45421252       221052      3963172    0    0     0   868 10195 9131  18   2  78   2   0
   0    1            0     45419656       221052      3963172    0    0     0  1084 1256 1471   0   0  96   3   0
 243    0            0     45070736       221056      3963196    0    0     0   468 3807 2896  21   2  75   2   0
 253    0            0     44006752       221056      3963220    0    0     0     0 21748 6541  96   5   0   0   0
  30    0            0     35258992       221200      3963484    0    0     4     0 34449 3821  77  23   0   0   0
  30    0            0     41771384       221200      3963548    0    0     0   328 7651  526  82  18   0   0   0
--procs-- -----------------------memory---------------------- ---swap-- -----io---- -system-- --------cpu--------
   r    b         swpd         free         buff        cache   si   so    bi    bo   in   cs  us  sy  id  wa  st
  32    0            0     41751496       221200      3963548    0    0     0     0 7637  427 100   0   0   0   0
  30    0            0     41739176       221200      3963548    0    0     0     0 7724  552 100   0   0   0   0
  30    0            0     41732660       221200      3963556    0    0     0   388 7660  540 100   0   0   0   0
  30    0            0     41726360       221200      3963556    0    0     0     0 7599  332 100   0   0   0   0
  30    0            0     41720064       221200      3963556    0    0     0   452 7760  530 100   0   0   0   0
  30    0            0     41714016       221200      3963556    0    0     0     0 7672  380 100   0   0   0   0
  30    0            0     41706996       221200      3963556    0    0     0     0 7677  544 100   0   0   0   0
  30    0            0     41702712       221200      3963556    0    0     0    16 7598  316 100   0   0   0   0
  30    0            0     41697960       221200      3963556    0    0     0     0 7745  548 100   0   0   0   0
  31    0            0     41693440       221200      3963556    0    0     0     0 7648  437 100   0   0   0   0
  30    0            0     41691928       221200      3963556    0    0     0     8 7667  435 100   0   0   0   0
  30    0            0     41690424       221200      3963564    0    0     0     0 7727  611 100   0   0   0   0
  30    0            0     41688912       221200      3963564    0    0     0    28 7621  298 100   0   0   0   0
  30    0            0     41686896       221200      3963564    0    0     0     0 7701  549 100   0   0   0   0
  30    0            0     41685132       221200      3963564    0    0     0     0 7615  328 100   0   0   0   0
  31    0            0     41682208       221200      3963576    0    0     0     0 7994 1121 100   0   0   0   0
  30    0            0     41679776       221200      3963580    0    0     0     0 8109 1085 100   0   0   0   0
  30    0            0     41678268       221200      3963580    0    0     0    48 7736  598 100   0   0   0   0
  31    0            0     41679752       221200      3963580    0    0     0     0 7728  512 100   0   0   0   0
  30    0            0     41679292       221200      3963580    0    0     0     0 7684  506 100   0   0   0   0
  30    0            0     41678284       221200      3963580    0    0     0     0 7698  542 100   0   0   0   0
--procs-- -----------------------memory---------------------- ---swap-- -----io---- -system-- --------cpu--------
   r    b         swpd         free         buff        cache   si   so    bi    bo   in   cs  us  sy  id  wa  st
  31    0            0     41678032       221200      3963580    0    0     0   148 7753  512 100   0   0   0   0
  30    0            0     41676772       221200      3963580    0    0     0    16 7692  504 100   0   0   0   0
  30    0            0     41676520       221200      3963580    0    0     0     0 7606  262 100   0   0   0   0
  30    0            0     41675768       221200      3963580    0    0     0     0 7667  485 100   0   0   0   0
  30    0            0     41675516       221200      3963584    0    0     0     0 7682  412 100   0   0   0   0
  30    0            0     41674524       221200      3963584    0    0     0     0 7689  474 100   0   0   0   0
  31    0            0     41674632       221200      3963584    0    0     0    16 7700  416 100   0   0   0   0
  30    0            0     41674024       221200      3963584    0    0     0     0 7666  416 100   0   0   0   0
  30    0            0     41673016       221200      3963584    0    0     0     0 7741  545 100   0   0   0   0
  30    0            0     41672540       221200      3963584    0    0     0     0 7624  293 100   0   0   0   0
  30    0            0     41671784       221200      3963584    0    0     0     0 7707  563 100   0   0   0   0
  30    0            0     41671532       221200      3963584    0    0     0    16 7642  342 100   0   0   0   0
  30    0            0     41670812       221200      3963584    0    0     0     0 7696  491 100   0   0   0   0
  30    0            0     41670812       221200      3963584    0    0     0     0 7662  380 100   0   0   0   0
  30    0            0     41670320       221200      3963584    0    0     0     0 7676  481 100   0   0   0   0
  31    0            0     41670472       221200      3963584    0    0     0     0 7627  368 100   0   0   0   0
  30    0            0     41669824       221200      3963584    0    0     0    64 7700  414 100   0   0   0   0
  30    0            0     41669824       221200      3963584    0    0     0     0 7678  478 100   0   0   0   0
  30    0            0     41669572       221200      3963584    0    0     0     0 7658  357 100   0   0   0   0
  30    0            0     41668820       221200      3963584    0    0     0     0 7668  497 100   0   0   0   0
  30    0            0     41668064       221200      3963584    0    0     0     0 7715  493 100   0   0   0   0
--procs-- -----------------------memory---------------------- ---swap-- -----io---- -system-- --------cpu--------
   r    b         swpd         free         buff        cache   si   so    bi    bo   in   cs  us  sy  id  wa  st
  31    0            0     41665552       221200      3963584    0    0     0    16 7677  509 100   0   0   0   0
  30    1            0     41664544       221200      3963584    0    0     0    24 7641  285 100   0   0   0   0
  30    0            0     41663792       221200      3963584    0    0     0     0 7692  525 100   0   0   0   0
  31    0            0     41662308       221200      3963584    0    0     0     8 7689  489 100   0   0   0   0
  30    0            0     41656100       221200      3963608    0    0     0     0 8495 1982 100   0   0   0   0
  30    0            0     41654092       221200      3963608    0    0     0     0 7670  505 100   0   0   0   0
  30    0            0     41654092       221200      3963608    0    0     0     0 7641  336 100   0   0   0   0
  30    0            0     41650400       221200      3963608    0    0     0    52 7874  737 100   0   0   0   0
  30    0            0     41650400       221200      3963608    0    0     0     0 7599  291 100   0   0   0   0
  30    0            0     41649900       221200      3963608    0    0     0     0 7719  610 100   0   0   0   0
  30    0            0     41649396       221200      3963608    0    0     0     0 7613  308 100   0   0   0   0
  30    0            0     41649152       221200      3963608    0    0     0     0 7691  511 100   0   0   0   0
  31    0            0     41647644       221200      3963608    0    0     0    16 7639  397 100   0   0   0   0
  30    0            0     41646888       221200      3963608    0    0     0     0 7705  513 100   0   0   0   0
  30    0            0     41646636       221200      3963608    0    0     0     0 7759  518 100   0   0   0   0
  30    0            0     41646888       221200      3963608    0    0     0     0 7653  309 100   0   0   0   0
  30    0            0     41647140       221200      3963608    0    0     0     0 7647  445 100   0   0   0   0
  30    0            0     41645412       221200      3963612    0    0     0    16 7680  350 100   0   0   0   0
  30    0            0     41644168       221200      3963612    0    0     0     0 7666  491 100   0   0   0   0
  30    0            0     41644168       221200      3963612    0    0     0     0 7669  416 100   0   0   0   0
  30    0            0     41643960       221200      3963612    0    0     0     0 8195  514 100   0   0   0   0
--procs-- -----------------------memory---------------------- ---swap-- -----io---- -system-- --------cpu--------
   r    b         swpd         free         buff        cache   si   so    bi    bo   in   cs  us  sy  id  wa  st
  32    0            0     41643508       221200      3963612    0    0     0     0 7625  360 100   0   0   0   0
  30    0            0     41643208       221200      3963612    0    0     0    16 7670  418 100   0   0   0   0
  30    0            0     41644220       221200      3963612    0    0     0     0 7714  573 100   0   0   0   0
  30    0            0     41643464       221200      3963612    0    0     0     0 7606  300 100   0   0   0   0
  30    0            0     41642712       221200      3963612    0    0     0     0 7677  502 100   0   0   0   0
  30    0            0     41642460       221200      3963612    0    0     0     0 7670  280 100   0   0   0   0
  30    0            0     41641708       221200      3963612    0    0     0    16 7760  578 100   0   0   0   0
  30    0            0     41641708       221200      3963612    0    0     0     0 7648  327 100   0   0   0   0
  30    0            0     41641456       221200      3963612    0    0     0     0 7715  566 100   0   0   0   0
  31    0            0     41640196       221200      3963612    0    0     0    40 7638  365 100   0   0   0   0
  30    0            0     41639948       221200      3963612    0    0     0     0 7663  402 100   0   0   0   0
  30    0            0     41639448       221200      3963612    0    0     0    16 7691  526 100   0   0   0   0
  30    0            0     41639196       221200      3963612    0    0     0     0 7614  246 100   0   0   0   0
  34    0            0     41634288       221200      3963624    0    0     0     8 8148 1374 100   0   0   0   0
  30    0            0     41632960       221200      3963644    0    0     0     0 7937  754 100   0   0   0   0
  30    0            0     41631476       221200      3963644    0    0     0     0 7723  572 100   0   0   0   0
  30    0            0     41631480       221200      3963644    0    0     0    52 7695  454 100   0   0   0   0
  30    0            0     41627776       221200      3963644    0    0     0     0 7761  545 100   0   0   0   0
  31    0            0     41627272       221200      3963644    0    0     0     0 7745  544 100   0   0   0   0
  30    0            0     41627272       221200      3963644    0    0     0     0 7658  419 100   0   0   0   0
  30    0            0     41627276       221200      3963644    0    0     0     0 7678  512 100   0   0   0   0
--procs-- -----------------------memory---------------------- ---swap-- -----io---- -system-- --------cpu--------
   r    b         swpd         free         buff        cache   si   so    bi    bo   in   cs  us  sy  id  wa  st
  31    0            0     41627276       221200      3963644    0    0     0    16 7627  315 100   0   0   0   0
  30    0            0     41627024       221200      3963644    0    0     0     0 7740  604 100   0   0   0   0
  30    0            0     41626772       221200      3963644    0    0     0     0 7624  332 100   0   0   0   0
  30    0            0     41626772       221200      3963644    0    0     0     0 7713  514 100   0   0   0   0
  30    0            0     41626772       221200      3963644    0    0     0     0 7669  340 100   0   0   0   0
  30    0            0     41626272       221200      3963644    0    0     0    16 7712  551 100   0   0   0   0
  31    0            0     41625428       221200      3963644    0    0     0     0 7754  489 100   0   0   0   0
  30    0            0     41625024       221200      3963648    0    0     0     0 7691  506 100   0   0   0   0
  30    0            0     41625528       221200      3963648    0    0     0     0 7683  506 100   0   0   0   0
  30    0            0     41625024       221200      3963648    0    0     0     0 7643  342 100   0   0   0   0
  30    0            0     41624524       221200      3963648    0    0     0    16 7721  517 100   0   0   0   0
  30    0            0     41624020       221200      3963648    0    0     0     0 7621  281 100   0   0   0   0
  29    0            0     41623292       221200      3963672    0    0     0     0 7603  549  98   0   2   0   0
  29    0            0     41623040       221200      3963672    0    0     0     0 7461  442  97   0   3   0   0
  29    0            0     41624160       221200      3963672    0    0     0     0 7483  420  97   0   3   0   0
  29    0            0     41623908       221200      3963672    0    0     0    36 7461  449  97   0   3   0   0
  29    0            0     41623404       221200      3963672    0    0     0     0 7460  355  97   0   3   0   0
  29    0            0     41623152       221200      3963672    0    0     0    24 7529  591  97   0   3   0   0
  29    0            0     41622900       221200      3963672    0    0     0     0 7392  277  97   0   3   0   0
  29    0            0     41622648       221200      3963672    0    0     0     0 7437  383  97   0   3   0   0
  29    0            0     41622648       221200      3963672    0    0     0    96 7444  329  97   0   3   0   0
--procs-- -----------------------memory---------------------- ---swap-- -----io---- -system-- --------cpu--------
   r    b         swpd         free         buff        cache   si   so    bi    bo   in   cs  us  sy  id  wa  st
  30    0            0     41622648       221200      3963672    0    0     0     0 7494  504  97   0   3   0   0
  29    0            0     41622648       221200      3963672    0    0     0     0 7417  287  97   0   3   0   0
  29    0            0     41620984       221200      3963712    0    0     0     8 8062 1467  97   0   3   0   0
  29    0            0     41620384       221200      3963712    0    0     0     0 7460  474  97   0   3   0   0
  29    0            0     41620280       221200      3963712    0    0     0    52 7505  498  97   0   3   0   0
  29    0            0     41620040       221200      3963712    0    0     0     0 7489  487  97   0   3   0   0
  29    0            0     41620040       221200      3963712    0    0     0     0 7445  384  97   0   3   0   0
  29    0            0     41620040       221200      3963712    0    0     0     0 7458  467  97   0   3   0   0
  29    0            0     41619536       221200      3963712    0    0     0     0 7436  352  97   0   3   0   0
  29    0            0     41618780       221200      3963712    0    0     0    16 7492  480  97   0   3   0   0
  29    0            0     41618780       221200      3963712    0    0     0     0 7445  358  97   0   3   0   0
  29    0            0     41618780       221200      3963712    0    0     0     0 7448  410  97   0   3   0   0
  29    0            0     41618276       221200      3963712    0    0     0     0 7447  444  97   0   3   0   0
  29    0            0     41617772       221200      3963712    0    0     0     0 7515  411  97   0   3   0   0
  29    0            0     41617772       221200      3963712    0    0     0    16 7474  463  97   0   3   0   0
  29    0            0     41617520       221200      3963712    0    0     0     0 7447  276  97   0   3   0   0
  29    0            0     41617796       221200      3963712    0    0     0     0 7600  587  97   0   3   0   0
  29    0            0     41617796       221200      3963712    0    0     0     0 7424  323  97   0   3   0   0
  29    0            0     41617544       221200      3963712    0    0     0     0 7453  450  97   0   3   0   0
  29    0            0     41617544       221200      3963712    0    0     0    16 7445  345  97   0   3   0   0
  29    0            0     41617544       221200      3963716    0    0     0     0 7490  489  97   0   3   0   0
--procs-- -----------------------memory---------------------- ---swap-- -----io---- -system-- --------cpu--------
   r    b         swpd         free         buff        cache   si   so    bi    bo   in   cs  us  sy  id  wa  st
  30    0            0     41616536       221200      3963716    0    0     0     0 7460  447  97   0   3   0   0
  29    0            0     41616284       221200      3963716    0    0     0     0 7404  284  97   0   3   0   0
  29    0            0     41616032       221200      3963716    0    0     0     0 7448  408  97   0   3   0   0
  29    0            0     41615780       221200      3963716    0    0     0    16 7492  370  97   0   3   0   0
  29    0            0     41615528       221200      3963716    0    0     0     0 7454  430  97   0   3   0   0
  29    0            0     41615060       221200      3963716    0    0     0     0 7503  400  97   0   3   0   0
  29    0            0     41614832       221200      3963716    0    0     0     0 7470  449  97   0   3   0   0
  29    0            0     41614580       221200      3963716    0    0     0     0 7442  334  97   0   3   0   0
  29    0            0     41614332       221200      3963716    0    0     0    16 7462  433  97   0   3   0   0
  29    0            0     41614080       221200      3963716    0    0     0     0 7467  512  97   0   3   0   0
  29    0            0     41614080       221200      3963716    0    0     0     0 7433  334  97   0   3   0   0
  29    0            0     41611932       221200      3963732    0    0     0     0 8315 2264  97   0   3   0   0
  29    0            0     41611932       221200      3963732    0    0     0     8 7429  290  97   0   3   0   0
  29    0            0     41611428       221200      3963732    0    0     0    52 7528  542  97   0   3   0   0
  28    0            0     41610924       221200      3963764    0    0     0    36 7332  417  95   0   5   0   0
  28    0            0     41609944       221200      3963764    0    0     0     0 7411  731  93   0   7   0   0
  28    0            0     41609944       221200      3963764    0    0     0     0 7158  315  93   0   7   0   0
  28    0            0     41608964       221200      3963764    0    0     0     0 7242  394  93   0   7   0   0
  26    0            0     41607988       221200      3963836    0    0     0    36 7265  597  91   0   9   0   0
  26    0            0     41607484       221200      3963836    0    0     0   104 6847  434  87   0  13   0   0
  26    0            0     41606476       221200      3963836    0    0     0     0 6875  437  87   0  13   0   0
--procs-- -----------------------memory---------------------- ---swap-- -----io---- -system-- --------cpu--------
   r    b         swpd         free         buff        cache   si   so    bi    bo   in   cs  us  sy  id  wa  st
  27    0            0     41605972       221200      3963836    0    0     0     0 6699  256  87   0  13   0   0
  26    0            0     41604716       221200      3963836    0    0     0     0 6937  450  87   0  13   0   0
  26    0            0     41604716       221200      3963836    0    0     0    52 6788  357  87   0  13   0   0
  26    0            0     41604212       221200      3963836    0    0     0     0 6933  468  87   0  13   0   0
  25    0            0     41603464       221200      3963836    0    0     0     0 6905  461  87   0  13   0   0
  24    0            0     41601972       221200      3963872    0    0     0     0 6717  543  83   0  16   0   0
  24    0            0     41601624       221200      3963908    0    0     0     0 6434  460  80   0  20   0   0
  24    0            0     41601496       221200      3963908    0    0     0    44 6349  308  80   0  20   0   0
  24    0            0     41600492       221200      3963908    0    0     0     0 6465  456  80   0  20   0   0
  24    0            0     41600240       221200      3963908    0    0     0     0 6248  270  80   0  20   0   0
  24    0            0     41599236       221200      3963912    0    0     0    72 6523  499  80   0  20   0   0
  24    0            0     41599236       221200      3963912    0    0     0     0 6216  254  80   0  20   0   0
  24    0            0     41599236       221200      3963912    0    0     0    28 6494  458  80   0  20   0   0
  25    0            0     41598732       221200      3963912    0    0     0     0 6227  266  80   0  20   0   0
  24    0            0     41598232       221200      3963912    0    0     0     0 6614  685  80   0  20   0   0
  24    0            0     41596016       221200      3963912    0    0     0     0 6464  470  80   0  20   0   0
  24    0            0     41596016       221200      3963912    0    0     0     0 6228  229  80   0  20   0   0
  24    0            0     41595008       221200      3963912    0    0     0    16 6455  429  80   0  20   0   0
  24    0            0     41594252       221200      3963912    0    0     0     0 6256  296  80   0  20   0   0
  24    0            0     41594516       221200      3963912    0    0     0     0 6505  429  80   0  20   0   0
  24    0            0     41597604       221200      3963936    0    0     0     0 7275 1674  80   0  20   0   0
--procs-- -----------------------memory---------------------- ---swap-- -----io---- -system-- --------cpu--------
   r    b         swpd         free         buff        cache   si   so    bi    bo   in   cs  us  sy  id  wa  st
  25    0            0     41596600       221200      3963936    0    0     0     0 6430  453  80   0  20   0   0
  24    0            0     41596600       221200      3963936    0    0     0     8 6254  303  80   0  20   0   0
  22    0            0     41595848       221204      3963964    0    0     0    52 6385  495  78   0  22   0   0
  22    0            0     41594996       221204      3964000    0    0     0     0 6003  490  73   0  26   0   0
  21    0            0     41595096       221204      3964040    0    0     0     0 5683  379  71   0  29   0   0
  21    0            0     41594088       221204      3964040    0    0     0     0 5765  469  70   0  30   0   0
  21    0            0     41594088       221204      3964040    0    0     0    76 5508  244  70   0  30   0   0
  20    0            0     41594340       221204      3964076    0    0     0   196 5697  619  67   0  32   0   0
  20    0            0     41594340       221204      3964076    0    0     0     0 5260  262  67   0  33   0   0
  20    0            0     41593584       221204      3964076    0    0     0     0 5590  484  67   0  33   0   0
  20    0            0     41593332       221204      3964076    0    0     0     0 5255  253  67   0  33   0   0
  20    0            0     41592584       221204      3964076    0    0     0     0 5517  408  67   0  33   0   0
  20    0            0     41591828       221204      3964076    0    0     0    48 5480  439  67   0  33   0   0
  20    0            0     41591828       221204      3964076    0    0     0     0 5415  452  67   0  33   0   0
  20    0            0     41592840       221204      3964076    0    0     0     0 5561  523  67   0  33   0   0
  20    0            0     41592588       221204      3964076    0    0     0     0 5203  235  67   0  33   0   0
  20    0            0     41592084       221204      3964076    0    0     0     0 5543  441  67   0  33   0   0
  20    0            0     41592084       221204      3964076    0    0     0    16 5264  319  67   0  33   0   0
  20    0            0     41591580       221204      3964076    0    0     0     0 5539  466  67   0  33   0   0
  20    0            0     41591580       221204      3964076    0    0     0     0 5190  224  67   0  33   0   0
  20    0            0     41590828       221204      3964076    0    0     0     0 5535  432  67   0  33   0   0
--procs-- -----------------------memory---------------------- ---swap-- -----io---- -system-- --------cpu--------
   r    b         swpd         free         buff        cache   si   so    bi    bo   in   cs  us  sy  id  wa  st
  21    0            0     41590828       221204      3964076    0    0     0     0 5466  442  67   0  33   0   0
  20    0            0     41590832       221204      3964080    0    0     0    16 5289  280  67   0  33   0   0
  20    0            0     41590832       221204      3964080    0    0     0     0 5503  580  67   0  33   0   0
  20    0            0     41589364       221204      3964080    0    0     0     0 5283  316  67   0  33   0   0
  20    0            0     41587868       221204      3964080    0    0     0     0 5495  511  67   0  33   0   0
  20    0            0     41587868       221204      3964080    0    0     0     0 5169  270  67   0  33   0   0
  20    0            0     41588628       221204      3964080    0    0     0    16 5433  474  67   0  33   0   0
  20    0            0     41588376       221204      3964080    0    0     0     0 5195  279  67   0  33   0   0
  20    0            0     41591192       221204      3964088    0    0     0     0 6513 1964  67   0  33   0   0
  20    0            0     41590436       221204      3964088    0    0     0     0 5431  501  67   0  33   0   0
  20    0            0     41589932       221204      3964088    0    0     0     0 5192  268  67   0  33   0   0
  20    0            0     41589184       221204      3964088    0    0     0    48 5455  488  67   0  33   0   0
  19    0            0     41588932       221204      3964088    0    0     0     0 5243  436  66   0  34   0   0
  19    0            0     41585196       221204      3964136    0    0     0     0 5258  464  63   0  36   0   0
  18    0            0     41584944       221204      3964184    0    0     0     0 4778  282  61   0  39   0   0
  18    0            0     41584188       221204      3964184    0    0     0     0 4952  436  60   0  40   0   0
  18    0            0     41583684       221204      3964184    0    0     0   160 4731  350  60   0  40   0   0
  18    0            0     41583436       221204      3964184    0    0     0     0 4954  444  60   0  40   0   0
  18    0            0     41583248       221204      3964184    0    0     0    88 4898  403  60   0  40   0   0
  17    0            0     41584196       221204      3964184    0    0     0     0 4826  383  60   0  40   0   0
  17    0            0     41583188       221204      3964244    0    0     0     0 4812  465  57   0  43   0   0
--procs-- -----------------------memory---------------------- ---swap-- -----io---- -system-- --------cpu--------
   r    b         swpd         free         buff        cache   si   so    bi    bo   in   cs  us  sy  id  wa  st
  17    0            0     41582936       221204      3964244    0    0     0    44 4390  321  54   0  46   0   0
  16    0            0     41582436       221204      3964284    0    0     0     0 4583  490  54   0  46   0   0
  15    0            0     41582184       221204      3964344    0    0     0     0 4237  293  53   0  47   0   0
  15    0            0     41582184       221204      3964344    0    0     0   156 4380  509  50   0  50   0   0
  14    0            0     41581932       221208      3964340    0    0     0     0 3939  288  49   0  51   0   0
  14    0            0     41582184       221208      3964392    0    0     0    64 4054  520  47   0  53   0   0
  14    0            0     41581432       221208      3964392    0    0     0     0 3965  413  47   0  53   0   0
  14    0            0     41581684       221208      3964392    0    0     0     0 3794  269  47   0  53   0   0
  14    0            0     41581184       221208      3964392    0    0     0     0 4072  423  47   0  53   0   0
  14    0            0     41581184       221208      3964392    0    0     0    48 3737  247  47   0  53   0   0
  14    0            0     41581436       221208      3964392    0    0     0    32 4118  457  47   0  53   0   0
  14    0            0     41581436       221208      3964392    0    0     0     0 3814  316  47   0  53   0   0
  14    0            0     41579928       221208      3964396    0    0     0     0 4117  479  47   0  53   0   0
  14    0            0     41579928       221208      3964396    0    0     0     0 3726  249  47   0  53   0   0
  13    0            0     41579428       221208      3964396    0    0     0     0 4071  482  47   0  53   0   0
  13    0            0     41579076       221208      3964448    0    0     0    36 3773  510  43   0  56   0   0
  12    0            0     41579428       221208      3964448    0    0     0     0 3520  312  43   0  57   0   0
  12    0            0     41580816       221208      3964516    0    0     0     0 4754 2045  40   0  59   0   0
  12    0            0     41580712       221208      3964516    0    0     0     0 3318  350  40   0  60   0   0
  12    0            0     41580108       221208      3964516    0    0     0     0 3531  447  40   0  60   0   0
  12    0            0     41579856       221208      3964516    0    0     0   168 3254  262  40   0  60   0   0
--procs-- -----------------------memory---------------------- ---swap-- -----io---- -system-- --------cpu--------
   r    b         swpd         free         buff        cache   si   so    bi    bo   in   cs  us  sy  id  wa  st
  12    0            0     41579452       221208      3964516    0    0     0     8 3583  581  40   0  60   0   0
  12    0            0     41578948       221208      3964516    0    0     0     0 3236  230  40   0  60   0   0
  12    0            0     41575696       221208      3964516    0    0     0     0 3622  492  40   0  60   0   0
  12    0            0     41574908       221208      3964516    0    0     0     0 3503  424  40   0  60   0   0
  12    0            0     41575256       221208      3964516    0    0     0    28 3328  342  40   0  60   0   0
  11    0            0     41574500       221208      3964576    0    0     0     0 3509  480  39   0  61   0   0
  11    0            0     41574248       221208      3964576    0    0     0     0 3001  263  37   0  63   0   0
  10    0            0     41574504       221208      3964576    0    0     0     0 3173  469  35   0  65   0   0
  10    0            0     41574252       221208      3964576    0    0     0     0 2710  194  33   0  67   0   0
  10    0            0     41573756       221208      3964628    0    0     0   156 3031  438  33   0  66   0   0
   9    0            0     41573504       221208      3964628    0    0     0   168 2785  360  33   0  67   0   0
   9    0            0     41573004       221208      3964684    0    0     0     0 2758  398  30   0  70   0   0
   7    0            0     41573004       221208      3964800    0    0     0     0 2641  530  28   0  72   0   0
   7    0            0     41573004       221208      3964800    0    0     0     0 1982  215  23   0  77   0   0
   7    0            0     41572248       221208      3964800    0    0     0    56 2255  474  23   0  76   0   0
   7    0            0     41572248       221208      3964800    0    0     0     0 1992  238  23   0  77   0   0
   7    0            0     41571748       221208      3964800    0    0     0     0 2122  355  23   0  76   0   0
   7    0            0     41571496       221208      3964800    0    0     0   112 2001  222  23   0  77   0   0
   7    0            0     41571304       221208      3964800    0    0     0     0 2241  421  23   0  76   0   0
   7    0            0     41571304       221208      3964800    0    0     0    28 1968  230  23   0  77   0   0
   7    0            0     41571504       221208      3964800    0    0     0     0 2219  402  23   0  76   0   0
--procs-- -----------------------memory---------------------- ---swap-- -----io---- -system-- --------cpu--------
   r    b         swpd         free         buff        cache   si   so    bi    bo   in   cs  us  sy  id  wa  st
   7    0            0     41571756       221208      3964800    0    0     0     0 2212  396  23   0  76   0   0
   7    0            0     41571756       221208      3964800    0    0     0     0 2011  250  23   0  77   0   0
   7    0            0     41572008       221208      3964804    0    0     0     0 2252  475  23   0  76   0   0
   7    0            0     41572008       221208      3964804    0    0     0    16 1971  235  23   0  77   0   0
   7    0            0     41572012       221208      3964804    0    0     0     0 2262  423  23   0  76   0   0
   7    0            0     41571220       221208      3964812    0    0     0     0 3164 1660  24   0  76   0   0
   7    0            0     41570872       221208      3964804    0    0     0     0 2277  500  23   0  76   0   0
   7    0            0     41570620       221208      3964804    0    0     0     0 1948  220  23   0  77   0   0
   6    0            0     41571128       221212      3964800    0    0     0    40 2242  518  23   0  77   0   0
   6    0            0     41570120       221212      3964856    0    0     0     0 2036  566  20   0  80   0   0
   6    0            0     41570120       221212      3964856    0    0     0     8 1698  202  20   0  80   0   0
   6    0            0     41569616       221212      3964856    0    0     0     0 1906  382  20   0  80   0   0
   6    0            0     41567632       221212      3964856    0    0     0     0 1779  263  20   0  80   0   0
   5    0            0     41567128       221212      3964912    0    0     0   160 1958  501  19   0  81   0   0
   5    0            0     41567128       221212      3964912    0    0     0     0 1477  215  17   0  83   0   0
   5    0            0     41567132       221212      3964912    0    0     0     0 1673  361  17   0  83   0   0
   5    0            0     41567132       221212      3964912    0    0     0     0 1507  244  17   0  83   0   0
   5    0            0     41567136       221212      3964912    0    0     0     0 1731  415  17   0  83   0   0
   3    0            0     41566280       221212      3965036    0    0     0    48 1643  509  15   0  85   0   0
   4    0            0     41566632       221212      3965036    0    0     0     0 1036  292  10   0  90   0   0
   3    0            0     41566632       221212      3965036    0    0     0     0 1153  375  10   0  90   0   0
--procs-- -----------------------memory---------------------- ---swap-- -----io---- -system-- --------cpu--------
   r    b         swpd         free         buff        cache   si   so    bi    bo   in   cs  us  sy  id  wa  st
   2    0            0     41566380       221212      3965036    0    0     0     0  823  261   8   0  92   0   0
   2    0            0     41565160       221212      3965088    0    0     0     0 1019  419   7   0  93   0   0
   2    0            0     41565160       221212      3965088    0    0     0   336  730  213   7   0  93   0   0
   2    0            0     41564932       221212      3965088    0    0     0     0 1011  416   7   0  93   0   0
   1    0            0     41564428       221212      3965140    0    0     0     0  669  279   5   0  95   0   0
   1    0            0     41564680       221212      3965140    0    0     0     0  703  393   3   0  96   0   0
   2    1            0     45420892       221212      3965204    0    0     0    96 9527 8369  20   1  78   0   0
   0    1            0     45424976       221212      3965244    0    0     0   728  856  876   0   0  97   3   0
   0    1            0     45424476       221212      3965244    0    0     0   956 1481 1764   0   0  96   3   0
  30    0            0     44228224       221224      3965232    0    0     0   676 9438 5784  72   5  23   1   0
  30    0            0     36164468       221364      3965268    0    0     0     0 19161 5723  84  16   0   0   0
  30    0            0     41779360       221364      3965588    0    0     0     0 7722  432  74  26   0   0   0
  30    0            0     41771444       221364      3965588    0    0     0     0 7697  599 100   0   0   0   0
  30    0            0     41749044       221364      3965588    0    0     0     0 7583  305 100   0   0   0   0
  34    0            0     41736572       221364      3965604    0    0     0   360 8145 1412 100   0   0   0   0
  31    0            0     41728632       221364      3965632    0    0     0   240 7931  824 100   0   0   0   0
  30    0            0     41724048       221364      3965632    0    0     0     0 7660  467 100   0   0   0   0
  30    0            0     41716268       221364      3965632    0    0     0     0 7669  522 100   0   0   0   0
  30    0            0     41713496       221364      3965632    0    0     0     0 7641  391 100   0   0   0   0
  30    0            0     41706944       221364      3965632    0    0     0     0 7649  465 100   0   0   0   0
  30    0            0     41704676       221364      3965632    0    0     0    80 7642  313 100   0   0   0   0
--procs-- -----------------------memory---------------------- ---swap-- -----io---- -system-- --------cpu--------
   r    b         swpd         free         buff        cache   si   so    bi    bo   in   cs  us  sy  id  wa  st
  31    0            0     41703416       221364      3965632    0    0     0     0 7639  467 100   0   0   0   0
  30    0            0     41699356       221364      3965632    0    0     0     0 7716  480 100   0   0   0   0
  30    0            0     41697340       221364      3965632    0    0     0     0 7633  445 100   0   0   0   0
  31    0            0     41693564       221364      3965632    0    0     0     0 7625  372 100   0   0   0   0
  30    0            0     41692556       221364      3965632    0    0     0    28 7676  396 100   0   0   0   0
  30    0            0     41689784       221364      3965632    0    0     0     0 7639  461 100   0   0   0   0
  30    0            0     41688272       221364      3965632    0    0     0     0 7606  278 100   0   0   0   0
  30    0            0     41686512       221364      3965632    0    0     0     0 7727  659 100   0   0   0   0
  30    0            0     41685028       221364      3965632    0    0     0     0 7599  277 100   0   0   0   0
  30    0            0     41683548       221364      3965632    0    0     0    16 7665  437 100   0   0   0   0
  30    0            0     41683548       221364      3965632    0    0     0     0 7596  265 100   0   0   0   0
  30    0            0     41682288       221364      3965632    0    0     0     0 7714  588 100   0   0   0   0
  31    0            0     41681440       221364      3965632    0    0     0     0 7622  352 100   0   0   0   0
  30    0            0     41680788       221364      3965632    0    0     0     0 7603  320 100   0   0   0   0
  30    0            0     41680540       221364      3965632    0    0     0    16 7669  490 100   0   0   0   0
  30    0            0     41679784       221364      3965632    0    0     0     0 7683  318 100   0   0   0   0
  30    0            0     41678796       221364      3965632    0    0     0   392 7721  498 100   0   0   0   0
  30    0            0     41678796       221364      3965632    0    0     0     0 7675  442 100   0   0   0   0
  30    0            0     41678544       221364      3965632    0    0     0     0 7674  468 100   0   0   0   0
  30    0            0     41678040       221364      3965632    0    0     0    20 7627  282 100   0   0   0   0
  30    0            0     41677036       221364      3965632    0    0     0     0 7632  413 100   0   0   0   0
--procs-- -----------------------memory---------------------- ---swap-- -----io---- -system-- --------cpu--------
   r    b         swpd         free         buff        cache   si   so    bi    bo   in   cs  us  sy  id  wa  st
  32    0            0     41674136       221364      3965632    0    0     0     0 7731  489 100   0   0   0   0
  30    0            0     41674240       221364      3965632    0    0     0     0 7626  384 100   0   0   0   0
  30    0            0     41673484       221364      3965632    0    0     0     0 7679  498 100   0   0   0   0
  30    0            0     41670848       221364      3965640    0    0     0    60 8441 1759 100   0   0   0   0
  30    0            0     41667856       221364      3965640    0    0     0     0 7665  510 100   0   0   0   0
  30    0            0     41667100       221364      3965644    0    0     0     0 7603  315 100   0   0   0   0
  30    0            0     41665844       221364      3965644    0    0     0     0 7749  675 100   0   0   0   0
  30    0            0     41665592       221364      3965644    0    0     0     0 7604  268 100   0   0   0   0
  30    0            0     41665092       221364      3965644    0    0     0    40 7650  434 100   0   0   0   0
  31    0            0     41664084       221364      3965644    0    0     0     8 7607  334 100   0   0   0   0
  30    0            0     41664588       221364      3965644    0    0     0     0 7823  540 100   0   0   0   0
  30    0            0     41664436       221364      3965644    0    0     0     0 7663  492 100   0   0   0   0
  30    0            0     41664280       221364      3965644    0    0     0     0 7584  232 100   0   0   0   0
  30    0            0     41664028       221364      3965644    0    0     0    68 7685  503 100   0   0   0   0
  30    0            0     41663776       221364      3965644    0    0     0     0 7640  306 100   0   0   0   0
  30    0            0     41663788       221364      3965644    0    0     0     0 7667  493 100   0   0   0   0
  30    0            0     41663284       221364      3965644    0    0     0     0 7675  416 100   0   0   0   0
  30    0            0     41661800       221364      3965644    0    0     0     0 7659  443 100   0   0   0   0
  31    0            0     41661044       221364      3965644    0    0     0    16 7652  403 100   0   0   0   0
  30    0            0     41660792       221364      3965644    0    0     0     0 7635  364 100   0   0   0   0
  30    0            0     41659284       221364      3965644    0    0     0     0 7661  455 100   0   0   0   0
--procs-- -----------------------memory---------------------- ---swap-- -----io---- -system-- --------cpu--------
   r    b         swpd         free         buff        cache   si   so    bi    bo   in   cs  us  sy  id  wa  st
  31    0            0     41659004       221364      3965644    0    0     0     0 7667  360 100   0   0   0   0
  30    0            0     41656196       221364      3965644    0    0     0     0 7842  921 100   0   0   0   0
  30    0            0     41655360       221364      3965644    0    0     0    44 7829  693 100   0   0   0   0
  30    0            0     41653344       221364      3965644    0    0     0     0 7727  543 100   0   0   0   0
  30    0            0     41653344       221364      3965644    0    0     0     0 7710  425 100   0   0   0   0
  30    0            0     41651348       221364      3965676    0    0     0     0 7990 1113 100   0   0   0   0
  32    0            0     41649492       221364      3965676    0    0     0     0 7755  684 100   0   0   0   0
  30    0            0     41646564       221364      3965676    0    0     0    20 7793  693 100   0   0   0   0
  30    0            0     41645308       221364      3965676    0    0     0     0 7685  522 100   0   0   0   0
  30    0            0     41644808       221364      3965676    0    0     0     0 7639  338 100   0   0   0   0
  30    0            0     41643328       221364      3965676    0    0     0     0 7745  659 100   0   0   0   0
  30    0            0     41643328       221364      3965708    0    0     0     0 7600  310 100   0   0   0   0
  33    0            0     41641200       221364      3965708    0    0     0    24 8429 1794 100   0   0   0   0
  32    0            0     41639124       221364      3965756    0    0     0     0 7755  622 100   0   0   0   0
  30    0            0     41638676       221364      3965756    0    0     0     0 7835  826 100   0   0   0   0
  31    0            0     41638232       221364      3965756    0    0     0     0 7689  526 100   0   0   0   0
  30    0            0     41638676       221364      3965756    0    0     0     0 7661  441 100   0   0   0   0
  30    0            0     41637416       221364      3965756    0    0     0    44 7704  533 100   0   0   0   0
  30    0            0     41637164       221364      3965760    0    0     0     0 7609  280 100   0   0   0   0
  30    0            0     41636916       221364      3965760    0    0     0     8 7680  504 100   0   0   0   0
  30    0            0     41637364       221364      3965760    0    0     0     0 7711  356 100   0   0   0   0
--procs-- -----------------------memory---------------------- ---swap-- -----io---- -system-- --------cpu--------
   r    b         swpd         free         buff        cache   si   so    bi    bo   in   cs  us  sy  id  wa  st
  31    0            0     41636864       221364      3965760    0    0     0     0 7718  528 100   0   0   0   0
  30    0            0     41636864       221364      3965760    0    0     0    72 7698  426 100   0   0   0   0
  30    0            0     41635856       221364      3965760    0    0     0     0 7693  467 100   0   0   0   0
  31    0            0     41635252       221364      3965760    0    0     0     0 7661  406 100   0   0   0   0
  30    0            0     41635352       221364      3965760    0    0     0     0 7732  541 100   0   0   0   0
  30    0            0     41634348       221364      3965760    0    0     0     0 7670  462 100   0   0   0   0
  30    0            0     41633848       221364      3965760    0    0     0    16 7614  298 100   0   0   0   0
  30    0            0     41633596       221364      3965760    0    0     0     0 7686  496 100   0   0   0   0
  30    0            0     41633344       221364      3965760    0    0     0     0 7663  399 100   0   0   0   0
  30    0            0     41631708       221364      3965760    0    0     0     0 7739  577 100   0   0   0   0
  30    0            0     41631808       221364      3965760    0    0     0     0 7624  303 100   0   0   0   0
  30    0            0     41631304       221364      3965760    0    0     0    20 7686  510 100   0   0   0   0
  31    0            0     41631112       221364      3965760    0    0     0     0 7670  425 100   0   0   0   0
  30    0            0     41631080       221364      3965760    0    0     0     0 7703  426 100   0   0   0   0
  30    0            0     41630076       221364      3965760    0    0     0     4 7735  640 100   0   0   0   0
  30    0            0     41629828       221364      3965760    0    0     0     0 7613  311 100   0   0   0   0
  30    0            0     41629860       221364      3965760    0    0     0    16 7709  542 100   0   0   0   0
  30    0            0     41629356       221364      3965760    0    0     0     0 7632  281 100   0   0   0   0
  30    0            0     41629108       221364      3965760    0    0     0     0 7702  526 100   0   0   0   0
  31    0            0     41629108       221364      3965760    0    0     0     0 7656  377 100   0   0   0   0
  30    0            0     41627596       221364      3965760    0    0     0     0 7702  521 100   0   0   0   0
--procs-- -----------------------memory---------------------- ---swap-- -----io---- -system-- --------cpu--------
   r    b         swpd         free         buff        cache   si   so    bi    bo   in   cs  us  sy  id  wa  st
  35    0            0     41625380       221364      3965760    0    0     0    20 7850  822 100   0   0   0   0
  30    0            0     41627428       221364      3965792    0    0     0     0 8278 1436 100   0   0   0   0
  30    0            0     41626172       221364      3965792    0    0     0     0 7753  611 100   0   0   0   0
  30    0            0     41626172       221364      3965792    0    0     0     0 7688  477 100   0   0   0   0
  30    0            0     41625416       221364      3965792    0    0     0     0 7677  492 100   0   0   0   0
  29    0            0     41625164       221364      3965820    0    0     0    56 7443  341  97   0   3   0   0
  29    0            0     41623680       221364      3965820    0    0     0     0 7468  443  97   0   3   0   0
  29    0            0     41623680       221364      3965820    0    0     0     0 7484  451  97   0   3   0   0
  29    0            0     41623428       221364      3965824    0    0     0     8 7450  414  97   0   3   0   0
  29    0            0     41624128       221364      3965824    0    0     0     0 7565  546  97   0   3   0   0
  29    0            0     41624128       221364      3965824    0    0     0   108 7441  331  97   0   3   0   0
  29    0            0     41624128       221364      3965824    0    0     0     0 7471  480  97   0   3   0   0
  30    0            0     41623876       221364      3965824    0    0     0     0 7471  299  97   0   3   0   0
  29    0            0     41623624       221364      3965824    0    0     0     0 7527  589  97   0   3   0   0
  29    0            0     41623624       221364      3965824    0    0     0     0 7425  292  97   0   3   0   0
  29    0            0     41622868       221364      3965824    0    0     0    28 7529  498  97   0   3   0   0
  29    0            0     41622868       221364      3965824    0    0     0     0 7414  299  97   0   3   0   0
  29    0            0     41622112       221364      3965824    0    0     0     0 7449  427  97   0   3   0   0
  29    0            0     41621860       221364      3965824    0    0     0     0 7448  426  97   0   3   0   0
  29    0            0     41620796       221364      3965824    0    0     0     0 7531  401  97   0   3   0   0
  29    0            0     41620544       221364      3965824    0    0     0    32 7465  480  97   0   3   0   0
--procs-- -----------------------memory---------------------- ---swap-- -----io---- -system-- --------cpu--------
   r    b         swpd         free         buff        cache   si   so    bi    bo   in   cs  us  sy  id  wa  st
  28    0            0     41620544       221368      3965852    0    0     0     0 7269  360  94   0   6   0   0
  28    0            0     41619816       221368      3965852    0    0     0     0 7364  507  93   0   7   0   0
  28    0            0     41619564       221368      3965852    0    0     0     0 7352  497  93   0   7   0   0
  28    0            0     41618808       221368      3965852    0    0     0     0 7355  530  93   0   7   0   0
  28    1            0     41615568       221368      3965852    0    0     0    36 7446  718  94   0   4   2   0
  28    0            0     41615596       221368      3965852    0    0     0    28 7272  454  93   0   6   1   0
  28    0            0     41615496       221368      3965852    0    0     0     0 7308  503  93   0   6   0   0
  28    0            0     41615896       221368      3965852    0    0     0     0 7214  316  93   0   7   0   0
  28    0            0     41615932       221368      3965852    0    0     0     0 7286  458  93   0   6   0   0
  28    0            0     41615460       221368      3965852    0    0     0    32 7478  884  94   0   6   0   0
  27    0            0     41614284       221368      3965868    0    0     0    28 8176 2080  94   0   6   0   0
  26    0            0     41613780       221368      3965936    0    0     0     0 6996  483  89   0  11   0   0
  26    0            0     41612048       221368      3965936    0    0     0     0 7045  680  87   0  13   0   0
  26    0            0     41611796       221368      3965936    0    0     0     0 6737  298  87   0  13   0   0
  26    0            0     41611044       221368      3965940    0    0     0    72 6923  506  87   0  13   0   0
  26    0            0     41610288       221368      3965940    0    0     0     0 6922  516  87   0  13   0   0
  25    0            0     41610076       221368      3965976    0    0     0   140 7004  941  84   0  16   0   0
  25    0            0     41609576       221368      3965976    0    0     0     0 6829  682  83   0  16   0   0
  25    0            0     41609324       221368      3965976    0    0     0     4 6742  714  83   0  17   0   0
  24    0            0     41609076       221368      3966012    0    0     0    48 6800  726  82   0  17   0   0
  24    0            0     41609076       221368      3966012    0    0     0     0 6374  415  80   0  20   0   0
--procs-- -----------------------memory---------------------- ---swap-- -----io---- -system-- --------cpu--------
   r    b         swpd         free         buff        cache   si   so    bi    bo   in   cs  us  sy  id  wa  st
  24    0            0     41606812       221368      3966016    0    0     0     0 6588  569  80   0  20   0   0
  24    0            0     41606716       221368      3966024    0    0     0     0 6576  632  80   0  20   0   0
  24    0            0     41604808       221368      3966024    0    0     0     0 6886  950  81   0  19   0   0
  24    0            0     41606292       221368      3966024    0    0     0   132 6547  497  80   0  20   0   0
  24    0            0     41606644       221368      3966024    0    0     0     0 6364  299  80   0  20   0   0
  24    0            0     41605900       221368      3966024    0    0     0     0 6572  541  80   0  20   0   0
  24    0            0     41605424       221368      3966024    0    0     0     0 6433  464  80   0  20   0   0
  23    0            0     41603964       221368      3966064    0    0     0     0 6946 1224  78   0  22   0   0
  23    0            0     41605440       221368      3966072    0    0     0    52 6386  489  77   0  23   0   0
  23    0            0     41607964       221368      3966072    0    0     0     0 6425  568  77   0  23   0   0
  23    0            0     41607460       221368      3966072    0    0     0     0 6064  287  77   0  23   0   0
  23    0            0     41607212       221368      3966072    0    0     0     0 6322  528  77   0  23   0   0
  23    0            0     41605220       221368      3966072    0    0     0    56 6819 1011  77   0  22   0   0
  23    0            0     41605220       221368      3966072    0    0     0     0 6270  354  77   0  23   0   0
  22    0            0     41605228       221368      3966112    0    0     0    32 6193  539  74   0  25   0   0
  22    0            0     41604724       221368      3966112    0    0     0     0 5873  398  73   0  27   0   0
  21    0            0     41603716       221368      3966144    0    0     0     0 6021  591  72   0  28   0   0
  21    0            0     41602504       221368      3966144    0    0     0     0 5978  774  71   0  29   0   0
  21    0            0     41600564       221368      3966144    0    0     0     8 5984  654  70   0  30   0   0
  21    0            0     41601176       221368      3966168    0    0     0   128 6979 2382  70   0  29   0   0
  21    0            0     41600172       221368      3966168    0    0     0     0 6014  766  70   0  30   0   0
--procs-- -----------------------memory---------------------- ---swap-- -----io---- -system-- --------cpu--------
   r    b         swpd         free         buff        cache   si   so    bi    bo   in   cs  us  sy  id  wa  st
  22    0            0     41599416       221368      3966168    0    0     0     0 5884  683  70   0  30   0   0
  21    0            0     41597152       221368      3966168    0    0     0     0 6085  964  70   0  29   0   0
  20    0            0     41596412       221372      3966164    0    0     0     0 6062  682  70   0  30   0   0
  20    0            0     41595916       221372      3966208    0    0     0   196 5743  666  67   0  33   0   0
  20    0            0     41595676       221372      3966224    0    0     0     0 5904  684  67   0  33   0   0
  20    0            0     41595428       221372      3966224    0    0     0     0 5448  355  67   0  33   0   0
  20    0            0     41593932       221372      3966224    0    0     0     0 5993  946  67   0  33   0   0
  20    0            0     41593464       221372      3966228    0    0     0     8 5670  691  67   0  33   0   0
  19    0            0     41593468       221372      3966272    0    0     0    68 5470  675  64   0  36   1   0
  20    0            0     41593020       221372      3966272    0    0     0     0 5463  561  64   0  36   0   0
  19    0            0     41592972       221372      3966272    0    0     0     0 5268  440  63   0  37   0   0
  19    0            0     41592468       221372      3966276    0    0     0     0 5319  470  63   0  36   0   0
  19    0            0     41591492       221372      3966276    0    0     0     4 5416  682  64   0  36   0   0
  19    0            0     41591020       221372      3966280    0    0     0   112 5440  539  64   0  36   0   0
  19    0            0     41591020       221372      3966280    0    0     0     0 5033  264  63   0  37   0   0
  19    0            0     41591020       221372      3966280    0    0     0     0 5371  499  63   0  36   0   0
  19    0            0     41590516       221372      3966280    0    0     0     0 5197  481  63   0  37   0   0
  19    0            0     41592532       221372      3966280    0    0     0     0 5820  976  64   0  36   0   0
  20    0            0     41590692       221372      3966280    0    0     0    52 5356  468  63   0  36   0   0
  19    0            0     41591292       221372      3966280    0    0     0     0 5352  604  64   0  36   0   0
  19    0            0     41590788       221372      3966284    0    0     0     0 5435  586  63   0  36   0   0
--procs-- -----------------------memory---------------------- ---swap-- -----io---- -system-- --------cpu--------
   r    b         swpd         free         buff        cache   si   so    bi    bo   in   cs  us  sy  id  wa  st
  19    0            0     41590788       221372      3966284    0    0     0     0 5115  318  64   0  36   0   0
  19    0            0     41589564       221372      3966284    0    0     0     0 5721  906  64   0  36   0   0
  19    0            0     41589564       221372      3966284    0    0     0     0 5023  279  63   0  37   0   0
  19    0            0     41589816       221372      3966284    0    0     0    24 5420  553  63   0  36   0   0
  19    0            0     41589816       221372      3966284    0    0     0     0 5056  294  63   0  37   0   0
  19    0            0     41589064       221372      3966284    0    0     0     0 5355  489  63   0  36   0   0
  19    0            0     41588208       221372      3966284    0    0     0     0 5801 1082  64   0  36   0   0
  19    0            0     41580012       221372      3966284    0    0     0     0 6934 2888  64   0  35   0   0
  25    0            0     41452048       221372      3966284    0    0     0    48 8146 3886  68   1  31   0   0
  18    0            0     41451796       221372      3966324    0    0     0     0 4937  488  60   0  39   0   0
  18    0            0     41435200       221372      3966324    0    0     0     0 5389  811  61   0  39   0   0
  19    0            0     41431728       221372      3966324    0    0     0     8 5509  992  61   0  38   0   0
  17    0            0     41348336       221372      3966328    0    0     0     0 6253 2311  61   0  39   0   0
  18    0            0     41346320       221372      3966328    0    0     0   204 4695  461  57   0  43   0   0
  17    0            0     41342320       221372      3966372    0    0     0    52 5182  877  57   0  42   1   0
  16    0            0     41340812       221372      3966428    0    0     0    60 4885  649  56   0  43   0   0
  15    0            0     41339808       221372      3966472    0    0     0     0 4612  702  53   0  47   0   0
  15    0            0     41339052       221372      3966472    0    0     0    12 4467  633  50   0  50   0   0
  15    0            0     41340296       221372      3966472    0    0     0     4 4851  821  51   0  49   0   0
  14    0            0     41337864       221372      3966472    0    0     0   180 4771 1466  47   0  52   0   0
  13    0            0     41334536       221376      3966564    0    0     0    88 4198  915  46   0  54   0   0
--procs-- -----------------------memory---------------------- ---swap-- -----io---- -system-- --------cpu--------
   r    b         swpd         free         buff        cache   si   so    bi    bo   in   cs  us  sy  id  wa  st
  13    0            0     41331804       221376      3966640    0    0     0     0 3830  556  43   0  56   0   0
  13    0            0     41330544       221380      3966636    0    0     0     4 3660  424  44   0  56   0   0
  13    0            0     41329536       221380      3966636    0    0     0     0 3867  491  43   0  56   0   0
  13    0            0     41328780       221380      3966644    0    0     0     0 3792  488  44   0  56   0   0
  13    0            0     41327524       221380      3966644    0    0     0   208 3880  704  44   0  56   0   0
  13    0            0     41327524       221380      3966644    0    0     0     0 3805  616  43   0  56   0   0
  13    0            0     41410180       221380      3966644    0    0     0     0 3574  433  43   0  57   0   0
  13    0            0     41530500       221380      3966644    0    0     0     0 3815  482  43   0  56   0   0
  13    0            0     41530500       221380      3966644    0    0     0     0 3588  366  43   0  57   0   0
  13    0            0     41528992       221380      3966644    0    0     0    36 4169  863  44   0  56   0   0
  12    0            0     41528992       221380      3966692    0    0     0     0 3601  445  43   0  57   0   0
  12    0            0     41528992       221380      3966692    0    0     0    28 3518  494  40   0  60   0   0
  12    0            0     41528744       221380      3966692    0    0     0     0 3540  492  40   0  60   0   0
  12    0            0     41528996       221380      3966692    0    0     0     0 3308  297  40   0  60   0   0
  12    0            0     41527996       221380      3966692    0    0     0   160 3526  475  40   0  60   0   0
  11    0            0     41527772       221380      3966772    0    0     0     0 3333  407  39   0  60   0   0
  11    0            0     41522092       221380      3966828    0    0     0     0 5337 3118  37   1  62   0   0
  11    0            0     41521868       221380      3966828    0    0     0     0 3071  347  37   0  63   0   0
  11    0            0     41520624       221380      3966828    0    0     0     0 3338  630  37   0  63   0   0
  11    0            0     41520624       221380      3966828    0    0     0    72 3046  258  37   0  63   0   0
  11    0            0     41520624       221380      3966828    0    0     0    92 3273  438  37   0  63   0   0
--procs-- -----------------------memory---------------------- ---swap-- -----io---- -system-- --------cpu--------
   r    b         swpd         free         buff        cache   si   so    bi    bo   in   cs  us  sy  id  wa  st
  12    0            0     41520196       221380      3966828    0    0     0     8 3613  845  37   0  63   0   0
  10    0            0     41519944       221380      3966876    0    0     0     0 3083  464  36   0  64   0   0
  10    0            0     41519472       221380      3966876    0    0     0     0 3042  454  33   0  66   0   0
  10    0            0     41519472       221380      3966876    0    0     0    48 2818  339  33   0  67   0   0
   9    0            0     41518968       221380      3966940    0    0     0     0 2880  531  31   0  69   0   0
   9    0            0     41518968       221380      3966940    0    0     0     0 2554  309  30   0  70   0   0
   9    0            0     41516948       221380      3966940    0    0     0   120 2864  488  30   0  70   0   0
   8    0            0     41516724       221380      3966940    0    0     0     0 2910  805  30   0  70   0   0
   8    0            0     41515212       221380      3966996    0    0     0    56 2485  467  27   0  73   0   0
   8    0            0     41513708       221380      3966996    0    0     0     0 2554  451  27   0  73   0   0
   8    0            0     41513708       221380      3966996    0    0     0     8 2289  277  27   0  73   0   0
   8    0            0     41513204       221380      3966996    0    0     0     0 2789  662  27   0  73   0   0
   8    0            0     41513204       221380      3966996    0    0     0    84 2309  289  27   0  73   0   0
   8    0            0     41512568       221380      3966996    0    0     0    44 2978  922  27   0  73   0   0
   8    0            0     41512316       221380      3967000    0    0     0     0 2269  239  27   0  73   0   0
   8    0            0     41512064       221380      3967000    0    0     0     0 2533  439  27   0  73   0   0
   8    0            0     41512064       221380      3967000    0    0     0     4 2353  358  27   0  73   0   0
   8    0            0     41511560       221380      3967000    0    0     0     0 2657  580  27   0  73   0   0
   7    0            0     41510996       221380      3967056    0    0     0   100 2853 1050  25   0  75   0   0
   7    0            0     41510340       221380      3967056    0    0     0     0 2033  251  23   0  77   0   0
   7    0            0     41510092       221380      3967056    0    0     0     0 2274  463  23   0  76   0   0
--procs-- -----------------------memory---------------------- ---swap-- -----io---- -system-- --------cpu--------
   r    b         swpd         free         buff        cache   si   so    bi    bo   in   cs  us  sy  id  wa  st
   7    0            0     41509840       221380      3967056    0    0     0     0 2062  300  23   0  77   0   0
   7    0            0     41509092       221380      3967056    0    0     0     0 2283  439  23   0  76   0   0
   7    0            0     41508592       221380      3967060    0    0     0    48 2408  607  24   0  76   0   0
   7    0            0     41508088       221380      3967060    0    0     0     0 2414  569  23   0  76   0   0
   7    0            0     41507852       221380      3967064    0    0     0     0 3333 1812  24   0  76   0   0
   7    0            0     41508872       221380      3967060    0    0     0     0 2434  551  24   0  76   0   0
   7    0            0     41508120       221380      3967060    0    0     0     0 2350  587  23   0  76   0   0
   7    0            0     41508376       221380      3967060    0    0     0   104 2677  988  24   0  76   0   0
   7    0            0     41508632       221380      3967068    0    0     0     0 2452  754  24   0  76   0   0
   7    0            0     41508888       221380      3967080    0    0     0     0 2317  709  24   0  76   0   0
   7    0            0     41508384       221380      3967084    0    0     0     0 2507  669  24   0  76   0   0
   7    0            0     41508384       221380      3967092    0    0     0     0 2236  503  24   0  76   0   0
   7    0            0     41508140       221380      3967096    0    0     0    24 2907 1200  24   1  76   0   0
   6    0            0     41508140       221380      3967160    0    0     0     0 1844  338  20   0  80   0   0
   6    0            0     41507888       221380      3967160    0    0     0     0 2018  460  20   0  80   0   0
   6    0            0     41507304       221380      3967172    0    0     0     0 2330  693  20   0  80   0   0
   6    0            0     41507404       221380      3967172    0    0     0     0 1917  449  20   0  80   0   0
   6    0            0     41508376       221380      3967180    0    0     0   140 2770 1416  20   0  79   0   0
   6    0            0     41508124       221380      3967188    0    0     0     0 1852  385  20   0  80   0   0
   6    0            0     41507652       221380      3967188    0    0     0     0 2044  544  20   0  80   0   0
   6    0            0     41507652       221380      3967188    0    0     0     8 1825  302  20   0  80   0   0
--procs-- -----------------------memory---------------------- ---swap-- -----io---- -system-- --------cpu--------
   r    b         swpd         free         buff        cache   si   so    bi    bo   in   cs  us  sy  id  wa  st
   6    0            0     41507152       221380      3967188    0    0     0     0 2021  445  20   0  80   0   0
   5    0            0     41507152       221384      3967240    0    0     0    68 1648  292  18   0  82   0   0
   5    0            0     41506648       221384      3967240    0    0     0     0 1756  444  17   0  83   0   0
   5    0            0     41506404       221384      3967240    0    0     0     0 1756  462  17   0  83   0   0
   5    0            0     41506404       221384      3967240    0    0     0     0 1519  224  17   0  83   0   0
   5    0            0     41506660       221384      3967244    0    0     0     0 1905  580  17   0  83   0   0
   5    0            0     41506660       221384      3967244    0    0     0    88 1536  243  17   0  83   0   0
   5    0            0     41506160       221384      3967244    0    0     0    32 1772  447  17   0  83   0   0
   4    0            0     41505684       221384      3967244    0    0     0     0 1372  287  14   0  86   0   0
   4    0            0     41504940       221384      3967348    0    0     0     8 1549  475  13   0  86   0   0
   3    0            0     41504688       221384      3967404    0    0     0     0 1254  369  12   0  88   0   0
   3    0            0     41504340       221384      3967404    0    0     0     0 1265  429  10   0  90   0   0
   3    0            0     41504944       221384      3967404    0    0     0   184 1333  567  10   0  90   0   0
   3    0            0     41504420       221384      3967416    0    0     0     0 2423 2115  11   0  89   0   0
   3    0            0     41504248       221384      3967412    0    0     0     0 1382  491  10   0  90   0   0
   3    0            0     41504248       221384      3967412    0    0     0     0 1182  427  10   0  90   0   0
   3    0            0     41503492       221384      3967412    0    0     0     0 1233  424  10   0  90   0   0
   3    0            0     41503492       221384      3967412    0    0     0    88 1065  314  10   0  88   2   0
   3    0            0     41503492       221384      3967412    0    0     0     0 1245  437  10   0  90   0   0
   3    0            0     41503492       221384      3967412    0    0     0     0 1051  290  10   0  90   0   0
   3    0            0     41503492       221384      3967412    0    0     0    60 1246  441  10   0  90   0   0
--procs-- -----------------------memory---------------------- ---swap-- -----io---- -system-- --------cpu--------
   r    b         swpd         free         buff        cache   si   so    bi    bo   in   cs  us  sy  id  wa  st
   3    0            0     41502764       221384      3967412    0    0     0     0 1253  410  10   0  90   0   0
   3    0            0     41502772       221384      3967412    0    0     0    76 1103  328  10   0  90   0   0
   3    0            0     41503028       221384      3967412    0    0     0     0 1300  461  10   0  90   0   0
   3    0            0     41503028       221384      3967412    0    0     0     0 1072  268  10   0  90   0   0
   3    0            0     41504344       221384      3967412    0    0     0     0 1360  527  10   0  90   0   0
   3    0            0     41504344       221384      3967412    0    0     0     0 1021  243  10   0  90   0   0
   3    0            0     41504092       221384      3967412    0    0     0    16 1361  470  10   0  90   0   0
   3    0            0     41504092       221384      3967412    0    0     0     0  993  216  10   0  90   0   0
   3    0            0     41504104       221384      3967412    0    0     0     0 1295  419  10   0  90   0   0
   3    0            0     41503604       221384      3967412    0    0     0     8 1289  428  10   0  90   0   0
   3    0            0     41503856       221384      3967412    0    0     0     0 1055  261  10   0  90   0   0
   3    0            0     41503356       221384      3967412    0    0     0    44 1313  530  10   0  89   0   0
   3    0            0     41502104       221384      3967412    0    0     0     0 1603  885  10   0  89   0   0
   3    0            0     41502364       221384      3967412    0    0     0     0 1304  469  10   0  90   0   0
   3    0            0     41501896       221384      3967412    0    0     0     0 1212  441  10   0  90   0   0
   3    0            0     41501896       221384      3967412    0    0     0     0 1282  457  10   0  90   0   0
   3    0            0     41501896       221384      3967412    0    0     0    20 1005  228  10   0  90   0   0
   3    0            0     41501160       221384      3967416    0    0     0     0 1269  435  10   0  90   0   0
   3    0            0     41500404       221384      3967416    0    0     0     0 1329  482  10   0  90   0   0
   3    0            0     41500908       221384      3967416    0    0     0     0 1041  248  10   0  90   0   0
   3    0            0     41500908       221384      3967416    0    0     0     0 1193  378  10   0  90   0   0
--procs-- -----------------------memory---------------------- ---swap-- -----io---- -system-- --------cpu--------
   r    b         swpd         free         buff        cache   si   so    bi    bo   in   cs  us  sy  id  wa  st
   4    0            0     41500908       221384      3967416    0    0     0    24 1122  387  10   0  90   0   0
   5    0            0     41501164       221384      3967416    0    0     0     0 1567  889  10   0  90   0   0
   3    0            0     41502728       221384      3967416    0    0     0     0 2253 1616  10   0  90   0   0
   3    0            0     41501480       221384      3967416    0    0     0     0 1383  562  10   0  90   0   0
   3    0            0     41501480       221384      3967416    0    0     0     0 1068  306  10   0  90   0   0
   2    0            0     41501984       221384      3967480    0    0     0    60 1156  539   7   0  92   0   0
   2    0            0     41501732       221384      3967480    0    0     0     0 1002  462   7   0  93   0   0
   2    0            0     41501480       221384      3967480    0    0     0     0  852  367   7   0  93   0   0
   2    0            0     41500980       221384      3967480    0    0     0     0 1008  435   7   0  93   0   0
   2    0            0     41500980       221384      3967480    0    0     0     0  805  270   7   0  93   0   0
   2    0            0     41500732       221384      3967480    0    0     0   120 1062  519   7   0  93   0   0
   2    0            0     41500732       221384      3967480    0    0     0     0  758  238   7   0  93   0   0
   2    0            0     41501492       221384      3967480    0    0     0     0 1080  456   7   0  93   0   0
   2    0            0     41501492       221384      3967480    0    0     0     0  846  345   7   0  93   0   0
   2    0            0     41502988       221384      3967480    0    0     0     0 1028  430   7   0  93   0   0
   2    0            0     41502740       221384      3967480    0    0     0    28 1006  441   7   0  93   0   0
   1    0            0     41502236       221384      3967540    0    0     0     0  772  321   6   0  94   0   0
   2    0            0     41501988       221384      3967540    0    0     0     0  774  477   3   0  96   0   0
   1    0            0     41501988       221384      3967540    0    0     0     0  545  248   3   0  97   0   0
   1    0            0     41501992       221384      3967540    0    0     0     8  753  406   3   0  96   0   0
   1    0            0     41501992       221384      3967540    0    0     0   152  543  263   3   0  97   0   0
--procs-- -----------------------memory---------------------- ---swap-- -----io---- -system-- --------cpu--------
   r    b         swpd         free         buff        cache   si   so    bi    bo   in   cs  us  sy  id  wa  st
   3    0            0     41501740       221384      3967540    0    0     0     0  800  472   3   0  96   0   0
   1    0            0     41501740       221384      3967540    0    0     0     0  515  225   3   0  97   0   0
   1    0            0     41501240       221384      3967540    0    0     0     0  885  548   3   0  96   0   0
   1    0            0     41502012       221384      3967540    0    0     0     4  882  483   3   0  96   0   0
   1    0            0     41502012       221384      3967540    0    0     0    28  578  289   3   0  96   0   0
   2    0            0     41501264       221384      3967540    0    0     0     0  723  412   3   0  96   0   0
   1    0            0     41501264       221384      3967540    0    0     0     0  547  293   3   0  97   0   0
   1    0            0     41501024       221384      3967544    0    0     0     0  810  449   3   0  96   0   0
   1    0            0     41500772       221384      3967544    0    0     0     0 1116  910   4   0  96   0   0
   1    0            0     41501028       221384      3967544    0    0     0    40  862  567   3   0  96   0   0
   1    0            0     41501028       221384      3967544    0    0     0     0  506  245   3   0  97   0   0
   1    0            0     41499344       221384      3967576    0    0     0     0 2160 2237   4   0  96   0   0
   0    1            0     45356860       221384      3967580    0    0     0   268 10470 9121  20   2  78   0   0
   0    1            0     45355028       221384      3967600    0    0     0   464 1191 1244   1   0  96   3   0
   0    1            0     45354792       221384      3967620    0    0     0   836 1256 1433   0   0  96   3   0
   0    1            0     45354568       221384      3967624    0    0     0   216  655  715   0   0  97   3   0
   0    1            0     45353308       221384      3967624    0    0     0     0  637  525   0   0  96   3   0
   0    1            0     45353308       221384      3967624    0    0     0   160  301  259   0   0  97   3   0
   0    1            0     45352076       221384      3967624    0    0     0    80 1044  976   0   0  96   3   0
   0    1            0     45352076       221384      3967624    0    0     0   304  605  639   0   0  97   3   0
  30    0            0     44222072       221396      3967620    0    0     0   244 8821 6027  76   6  17   0   0
--procs-- -----------------------memory---------------------- ---swap-- -----io---- -system-- --------cpu--------
   r    b         swpd         free         buff        cache   si   so    bi    bo   in   cs  us  sy  id  wa  st
  32    0            0     41009324       221512      3967636    0    0     0     0 15898 5830  93   7   0   0   0
  30    0            0     39134256       221536      3968144    0    0     0     0 7737  678  67  33   0   0   0
  30    0            0     41694716       221536      3968144    0    0     0   272 7672  516  97   3   0   0   0
  30    0            0     41673576       221536      3968144    0    0     0     0 7631  371 100   0   0   0   0
  30    0            0     41667564       221536      3968152    0    0     0   408 7665  523 100   0   0   0   0
  30    0            0     41664792       221536      3968152    0    0     0     0 7653  423 100   0   0   0   0
  30    0            0     41657484       221536      3968152    0    0     0     0 7671  531 100   0   0   0   0
  30    0            0     41651940       221536      3968152    0    0     0     0 7664  345 100   0   0   0   0
  30    0            0     41646148       221536      3968152    0    0     0     0 7656  477 100   0   0   0   0
  31    0            0     41641108       221536      3968152    0    0     0   412 7761  458 100   0   0   0   0
  30    0            0     41634280       221536      3968152    0    0     0     0 7730  452 100   0   0   0   0
  30    0            0     41627112       221536      3968152    0    0     0     0 8047 1257 100   0   0   0   0
  30    0            0     41624596       221536      3968152    0    0     0     8 7611  295 100   0   0   0   0
  30    0            0     41621832       221536      3968152    0    0     0     0 7654  478 100   0   0   0   0
  30    0            0     41621328       221536      3968152    0    0     0    32 7630  313 100   0   0   0   0
  30    0            0     41618336       221536      3968152    0    0     0     0 7672  510 100   0   0   0   0
  30    0            0     41617076       221536      3968152    0    0     0     0 7625  300 100   0   0   0   0
  30    0            0     41615564       221536      3968152    0    0     0     0 7666  457 100   0   0   0   0
  31    0            0     41611796       221536      3968152    0    0     0     4 7730  544 100   0   0   0   0
  30    0            0     41608956       221536      3968160    0    0     0    36 8215  903 100   0   0   0   0
  30    0            0     41601360       221536      3968176    0    0     0     0 8514 1858 100   0   0   0   0
--procs-- -----------------------memory---------------------- ---swap-- -----io---- -system-- --------cpu--------
   r    b         swpd         free         buff        cache   si   so    bi    bo   in   cs  us  sy  id  wa  st
  31    0            0     41599868       221536      3968184    0    0     0     0 7770  510 100   0   0   0   0
  30    0            0     41598636       221536      3968184    0    0     0     0 7709  563 100   0   0   0   0
  30    0            0     41598384       221536      3968184    0    0     0     0 7638  310 100   0   0   0   0
  30    0            0     41595824       221536      3968184    0    0     0    44 7821  784 100   0   0   0   0
  30    0            0     41595516       221536      3968184    0    0     0     0 7678  420 100   0   0   0   0
  30    0            0     41593932       221536      3968184    0    0     0     0 7671  479 100   0   0   0   0
  31    0            0     41593988       221536      3968184    0    0     0     0 7652  412 100   0   0   0   0
  30    0            0     41592952       221536      3968184    0    0     0     0 7634  343 100   0   0   0   0
  30    0            0     41591948       221536      3968184    0    0     0    52 7678  506 100   0   0   0   0
  30    0            0     41591948       221536      3968184    0    0     0     0 7619  280 100   0   0   0   0
  30    0            0     41591196       221536      3968184    0    0     0     0 7883  713 100   0   0   0   0
  30    0            0     41591196       221536      3968184    0    0     0     0 7619  311 100   0   0   0   0
  30    0            0     41590192       221536      3968184    0    0     0     0 7667  466 100   0   0   0   0
  30    0            0     41589688       221536      3968184    0    0     0    16 7627  294 100   0   0   0   0
  30    0            0     41589940       221536      3968184    0    0     0     0 7706  556 100   0   0   0   0
  31    0            0     41588932       221536      3968184    0    0     0     0 7648  421 100   0   0   0   0
  30    0            0     41588176       221536      3968184    0    0     0     0 7619  333 100   0   0   0   0
  30    0            0     41589292       221536      3968184    0    0     0     0 7700  520 100   0   0   0   0
  30    0            0     41589184       221536      3968184    0    0     0    20 7677  328 100   0   0   0   0
  30    0            0     41587928       221536      3968184    0    0     0     0 7653  464 100   0   0   0   0
  30    0            0     41587928       221536      3968184    0    0     0     0 7668  407 100   0   0   0   0
--procs-- -----------------------memory---------------------- ---swap-- -----io---- -system-- --------cpu--------
   r    b         swpd         free         buff        cache   si   so    bi    bo   in   cs  us  sy  id  wa  st
  31    0            0     41587684       221536      3968184    0    0     0     0 7691  461 100   0   0   0   0
  30    0            0     41587684       221536      3968184    0    0     0     8 7613  307 100   0   0   0   0
  30    0            0     41586676       221536      3968184    0    0     0    28 7660  459 100   0   0   0   0
  31    0            0     41587288       221536      3968184    0    0     0     0 7650  408 100   0   0   0   0
  30    0            0     41586176       221536      3968184    0    0     0     0 7661  374 100   0   0   0   0
  30    0            0     41586288       221536      3968184    0    0     0     0 7674  471 100   0   0   0   0
  30    0            0     41585928       221536      3968184    0    0     0     0 7677  426 100   0   0   0   0
  30    0            0     41586988       221536      3968184    0    0     0    32 7680  490 100   0   0   0   0
  32    0            0     41584472       221536      3968184    0    0     0     0 8063 1102 100   0   0   0   0
  30    0            0     41581080       221536      3968240    0    0     0     0 8223 1248 100   0   0   0   0
  30    0            0     41581024       221536      3968240    0    0     0     0 7638  341 100   0   0   0   0
  30    0            0     41581788       221536      3968240    0    0     0     8 7665  509 100   0   0   0   0
  31    0            0     41581032       221536      3968240    0    0     0    56 7649  414 100   0   0   0   0
  30    0            0     41580528       221536      3968240    0    0     0     0 7691  380 100   0   0   0   0
  30    0            0     41580024       221536      3968240    0    0     0     0 7650  457 100   0   0   0   0
  30    0            0     41579524       221536      3968240    0    0     0     0 7625  299 100   0   0   0   0
  30    0            0     41578016       221536      3968240    0    0     0     0 7728  562 100   0   0   0   0
  30    0            0     41577512       221536      3968240    0    0     0    60 7646  334 100   0   0   0   0
  30    0            0     41577764       221536      3968240    0    0     0     0 7675  479 100   0   0   0   0
  30    0            0     41577764       221536      3968240    0    0     0     0 7647  348 100   0   0   0   0
  30    0            0     41575808       221536      3968240    0    0     0     0 7773  535 100   0   0   0   0
--procs-- -----------------------memory---------------------- ---swap-- -----io---- -system-- --------cpu--------
   r    b         swpd         free         buff        cache   si   so    bi    bo   in   cs  us  sy  id  wa  st
  32    0            0     41574732       221536      3968240    0    0     0     0 7649  440 100   0   0   0   0
  30    0            0     41574828       221536      3968240    0    0     0    16 7634  359 100   0   0   0   0
  30    0            0     41574324       221536      3968240    0    0     0     0 7672  529 100   0   0   0   0
  30    0            0     41574072       221536      3968240    0    0     0     0 7631  308 100   0   0   0   0
  30    0            0     41573572       221536      3968240    0    0     0     0 7659  478 100   0   0   0   0
  30    0            0     41573320       221536      3968240    0    0     0     0 7653  360 100   0   0   0   0
  30    0            0     41572816       221536      3968240    0    0     0    20 7664  488 100   0   0   0   0
  30    0            0     41572816       221536      3968240    0    0     0     0 7646  295 100   0   0   0   0
  30    0            0     41572824       221536      3968240    0    0     0     0 7685  512 100   0   0   0   0
  31    0            0     41572632       221536      3968240    0    0     0     0 7693  431 100   0   0   0   0
  30    0            0     41573080       221536      3968240    0    0     0     0 7612  316 100   0   0   0   0
  30    0            0     41571824       221536      3968240    0    0     0    24 7680  511 100   0   0   0   0
  30    0            0     41571320       221536      3968240    0    0     0     0 7649  327 100   0   0   0   0
  30    0            0     41571572       221536      3968240    0    0     0     0 7654  447 100   0   0   0   0
  30    0            0     41571572       221536      3968240    0    0     0     0 7586  238 100   0   0   0   0
  30    0            0     41571572       221536      3968240    0    0     0     0 7735  605 100   0   0   0   0
  30    0            0     41571068       221536      3968240    0    0     0    44 7632  336 100   0   0   0   0
  30    0            0     41569588       221536      3968240    0    0     0     0 7648  424 100   0   0   0   0
  31    0            0     41567168       221536      3968252    0    0     0     0 8431 1785 100   0   0   0   0
  30    0            0     41565944       221536      3968256    0    0     0     0 7767  490 100   0   0   0   0
  30    0            0     41564600       221536      3968256    0    0     0     0 7697  548 100   0   0   0   0
--procs-- -----------------------memory---------------------- ---swap-- -----io---- -system-- --------cpu--------
   r    b         swpd         free         buff        cache   si   so    bi    bo   in   cs  us  sy  id  wa  st
  32    0            0     41564952       221536      3968256    0    0     0    40 7624  326 100   0   0   0   0
  29    0            0     41564196       221536      3968260    0    0     0     0 7669  592  99   0   1   0   0
  29    0            0     41564196       221536      3968284    0    0     0     0 7437  318  97   0   3   0   0
  29    0            0     41562940       221536      3968284    0    0     0     0 7450  460  97   0   3   0   0
  29    0            0     41562688       221536      3968284    0    0     0     0 7460  393  97   0   3   0   0
  29    0            0     41562436       221536      3968284    0    0     0    84 7463  408  97   0   3   0   0
  29    0            0     41562436       221536      3968284    0    0     0    24 7464  422  97   0   3   0   0
  29    0            0     41562436       221536      3968284    0    0     0     0 7450  337  97   0   3   0   0
  29    0            0     41560616       221536      3968284    0    0     0     0 7528  408  97   0   3   0   0
  29    0            0     41560364       221536      3968284    0    0     0     0 7421  270  97   0   3   0   0
  29    0            0     41560364       221536      3968284    0    0     0    28 7476  479  97   0   3   0   0
  29    0            0     41559860       221536      3968284    0    0     0     0 7445  337  97   0   3   0   0
  29    0            0     41559608       221536      3968284    0    0     0     0 7460  408  97   0   3   0   0
  29    0            0     41559608       221536      3968284    0    0     0     0 7410  251  97   0   3   0   0
  29    0            0     41559608       221536      3968284    0    0     0     0 7433  381  97   0   3   0   0
  29    0            0     41559356       221536      3968284    0    0     0    32 7472  443  97   0   3   0   0
  29    0            0     41559104       221536      3968284    0    0     0     0 7416  252  97   0   3   0   0
  28    0            0     41558600       221536      3968284    0    0     0     0 7522  551  96   0   4   0   0
  28    0            0     41558600       221536      3968308    0    0     0     0 7185  321  93   0   7   0   0
  28    0            0     41559404       221536      3968308    0    0     0     0 7311  444  93   0   6   0   0
  28    0            0     41559152       221536      3968308    0    0     0    36 7159  285  93   0   6   0   0
--procs-- -----------------------memory---------------------- ---swap-- -----io---- -system-- --------cpu--------
   r    b         swpd         free         buff        cache   si   so    bi    bo   in   cs  us  sy  id  wa  st
  28    0            0     41558144       221536      3968308    0    0     0     8 7287  486  93   0   6   0   0
  28    0            0     41558144       221536      3968308    0    0     0     0 7191  325  93   0   7   0   0
  28    0            0     41557136       221536      3968308    0    0     0    24 7290  463  93   0   6   0   0
  28    0            0     41557188       221536      3968308    0    0     0     0 7303  528  93   0   6   0   0
  28    0            0     41557140       221536      3968312    0    0     0    84 7175  285  93   0   7   0   0
  28    0            0     41556644       221536      3968312    0    0     0     0 7283  445  93   0   6   0   0
  28    0            0     41554188       221536      3968312    0    0     0     0 8129 1865  93   0   6   0   0
  28    0            0     41553680       221536      3968328    0    0     0     0 7284  454  93   0   7   0   0
  28    0            0     41553428       221536      3968328    0    0     0     0 7182  324  93   0   7   0   0
  28    0            0     41552168       221536      3968328    0    0     0    40 7282  479  93   0   6   0   0
  28    0            0     41551916       221536      3968328    0    0     0     0 7211  386  93   0   7   0   0
  28    0            0     41551924       221536      3968328    0    0     0     0 7242  420  93   0   6   0   0
  28    0            0     41551724       221536      3968336    0    0     0     0 7283  425  93   0   7   0   0
  27    0            0     41551168       221540      3968332    0    0     0     0 7155  361  92   0   8   0   0
  27    0            0     41549688       221540      3968376    0    0     0    84 7119  517  90   0  10   0   0
  27    0            0     41549436       221540      3968376    0    0     0     0 6936  287  90   0  10   0   0
  26    0            0     41548932       221540      3968404    0    0     0     0 6957  543  88   0  12   0   0
  26    0            0     41548176       221540      3968404    0    0     0     0 6701  277  87   0  13   0   0
  26    0            0     41547620       221540      3968404    0    0     0    64 6979  546  87   0  13   0   0
  26    0            0     41547116       221540      3968404    0    0     0    44 6710  335  87   0  13   0   0
  25    0            0     41545872       221540      3968436    0    0     0     0 6740  601  84   0  16   0   0
--procs-- -----------------------memory---------------------- ---swap-- -----io---- -system-- --------cpu--------
   r    b         swpd         free         buff        cache   si   so    bi    bo   in   cs  us  sy  id  wa  st
  25    0            0     41544864       221540      3968436    0    0     0     0 6620  465  83   0  17   0   0
  25    0            0     41544360       221540      3968436    0    0     0     0 6432  280  83   0  17   0   0
  25    0            0     41543604       221540      3968436    0    0     0     0 6604  425  83   0  17   0   0
  25    0            0     41543352       221540      3968436    0    0     0    76 6455  280  83   0  17   0   0
  25    0            0     41542344       221540      3968436    0    0     0    28 6655  454  83   0  16   0   0
  25    0            0     41542344       221540      3968436    0    0     0     0 6470  342  83   0  17   0   0
  25    0            0     41541340       221540      3968436    0    0     0     0 6602  411  83   0  16   0   0
  25    0            0     41539612       221540      3968436    0    0     0     0 6519  295  83   0  17   0   0
  25    0            0     41539624       221540      3968436    0    0     0    28 6649  467  83   0  16   0   0
  25    0            0     41538772       221540      3968436    0    0     0     0 6617  488  83   0  17   0   0
  24    0            0     41539136       221540      3968436    0    0     0     0 6418  291  83   0  17   0   0
  24    0            0     41537688       221540      3968512    0    0     0     0 6374  381  80   0  20   0   0
  24    0            0     41537436       221540      3968512    0    0     0     0 6225  347  80   0  20   0   0
  23    0            0     41537188       221540      3968512    0    0     0    68 6404  514  79   0  20   0   0
  23    0            0     41536936       221540      3968544    0    0     0     8 5923  251  77   0  23   0   0
  22    0            0     41541340       221540      3968604    0    0     0     0 7133 2126  74   0  25   0   0
  22    0            0     41541340       221540      3968604    0    0     0   104 5764  372  73   0  27   0   0
  22    0            0     41539832       221540      3968604    0    0     0     0 5954  507  73   0  27   0   0
  22    0            0     41539228       221540      3968604    0    0     0    88 5950  489  73   0  26   0   0
  22    0            0     41539580       221540      3968604    0    0     0     0 5723  345  73   0  27   0   0
  22    0            0     41539484       221540      3968604    0    0     0     0 5955  454  73   0  26   0   0
--procs-- -----------------------memory---------------------- ---swap-- -----io---- -system-- --------cpu--------
   r    b         swpd         free         buff        cache   si   so    bi    bo   in   cs  us  sy  id  wa  st
  22    0            0     41539328       221540      3968604    0    0     0     0 5690  272  73   0  27   0   0
  22    0            0     41539580       221540      3968604    0    0     0     0 5925  436  73   0  27   0   0
  22    0            0     41538824       221540      3968608    0    0     0    92 5708  252  73   0  27   0   0
  22    0            0     41537820       221540      3968608    0    0     0     0 5935  451  73   0  27   0   0
  22    0            0     41537820       221540      3968608    0    0     0     0 5729  325  73   0  27   0   0
  22    0            0     41538072       221540      3968608    0    0     0     0 5950  478  73   0  26   0   0
  21    0            0     41537568       221540      3968640    0    0     0     0 5844  477  72   0  28   0   0
  21    0            0     41536100       221540      3968640    0    0     0    36 5569  341  70   0  30   0   0
  21    0            0     41535112       221540      3968640    0    0     0     0 5740  567  70   0  30   0   0
  21    0            0     41534860       221540      3968640    0    0     0     0 5443  285  70   0  30   0   0
  21    0            0     41534356       221540      3968640    0    0     0     0 5683  418  70   0  30   0   0
  20    0            0     41534356       221540      3968640    0    0     0    76 5409  335  69   0  31   0   0
  20    0            0     41534356       221540      3968684    0    0     0    84 5455  453  67   0  33   0   0
  19    0            0     41534104       221544      3968680    0    0     0     0 5124  279  66   0  34   0   0
  19    0            0     41532852       221544      3968728    0    0     0     0 5252  504  63   0  37   0   0
  19    0            0     41533108       221544      3968728    0    0     0     0 5175  399  63   0  36   0   0
  19    0            0     41532856       221544      3968728    0    0     0     0 4971  261  63   0  37   0   0
  19    0            0     41530132       221544      3968728    0    0     0    36 5252  469  63   0  36   0   0
  18    0            0     41530132       221544      3968728    0    0     0    44 4947  341  63   0  37   0   0
  17    0            0     41529380       221544      3968804    0    0     0     0 4864  498  57   0  43   0   0
  17    0            0     41529380       221544      3968804    0    0     0     0 4485  252  57   0  43   0   0
--procs-- -----------------------memory---------------------- ---swap-- -----io---- -system-- --------cpu--------
   r    b         swpd         free         buff        cache   si   so    bi    bo   in   cs  us  sy  id  wa  st
  17    0            0     41529384       221544      3968840    0    0     0     0 4695  482  55   0  44   0   0
  16    0            0     41528880       221544      3968840    0    0     0    76 4253  255  53   0  46   0   0
  16    0            0     41528632       221544      3968840    0    0     0   108 4520  452  53   0  47   0   0
  16    0            0     41526756       221544      3968840    0    0     0     8 5689 2184  54   0  46   0   0
  16    0            0     41526156       221544      3968840    0    0     0     0 4205  253  53   0  47   0   0
  16    0            0     41526184       221544      3968840    0    0     0     0 4459  393  53   0  46   0   0
  16    0            0     41525932       221544      3968840    0    0     0   172 4314  388  53   0  46   0   0
  16    0            0     41524704       221544      3968840    0    0     0     0 4482  567  53   0  46   0   0
  16    0            0     41524704       221544      3968840    0    0     0     0 4220  266  53   0  47   0   0
  16    0            0     41525212       221544      3968840    0    0     0     0 4412  406  53   0  47   0   0
  16    0            0     41525212       221544      3968840    0    0     0     0 4239  299  53   0  47   0   0
  16    0            0     41524708       221544      3968840    0    0     0    16 4491  451  53   0  46   0   0
  16    0            0     41525472       221544      3968840    0    0     0     0 4484  416  53   0  46   0   0
  15    0            0     41524716       221544      3968884    0    0     0     0 4152  409  51   0  49   0   0
  15    0            0     41523712       221544      3968884    0    0     0     0 4307  427  50   0  50   0   0
  15    0            0     41523964       221544      3968888    0    0     0     0 4016  250  50   0  50   0   0
  14    0            0     41521760       221544      3968928    0    0     0    76 4145  501  47   0  53   0   0
  14    0            0     41521760       221544      3968928    0    0     0     0 3742  258  47   0  53   0   0
  14    0            0     41520528       221544      3968928    0    0     0    76 4019  458  47   0  53   0   0
  14    0            0     41520276       221544      3968928    0    0     0     0 3740  235  47   0  53   0   0
  14    0            0     41519540       221544      3968928    0    0     0     0 4000  447  47   0  53   0   0
--procs-- -----------------------memory---------------------- ---swap-- -----io---- -system-- --------cpu--------
   r    b         swpd         free         buff        cache   si   so    bi    bo   in   cs  us  sy  id  wa  st
  15    0            0     41518536       221544      3968928    0    0     0    36 3990  422  47   0  53   0   0
  14    0            0     41518536       221544      3968928    0    0     0     0 3756  270  47   0  53   0   0
  14    0            0     41518788       221544      3968928    0    0     0     0 4056  488  47   0  53   0   0
  14    0            0     41518536       221544      3968928    0    0     0     0 3748  275  47   0  53   0   0
  14    0            0     41518032       221544      3968928    0    0     0     0 4048  417  47   0  53   0   0
  14    0            0     41517780       221544      3968928    0    0     0    40 3768  280  47   0  53   0   0
  14    0            0     41517300       221544      3968928    0    0     0     0 4142  499  47   0  53   0   0
  14    0            0     41517048       221544      3968928    0    0     0     0 3771  240  47   0  53   0   0
  14    0            0     41517552       221544      3968928    0    0     0     0 4005  400  47   0  53   0   0
  13    0            0     41517328       221544      3969008    0    0     0     0 3898  514  45   0  55   0   0
  13    0            0     41517328       221544      3969008    0    0     0    36 3523  288  43   0  57   0   0
  12    0            0     41517580       221544      3969008    0    0     0     0 3673  439  42   0  57   0   0
  13    0            0     41516136       221544      3969072    0    0     0     0 4353 1832  40   0  60   0   0
  12    0            0     41517120       221544      3969068    0    0     0     8 3902  791  40   0  60   0   0
  12    0            0     41516868       221544      3969068    0    0     0    92 3254  264  40   0  60   0   0
  12    0            0     41516620       221544      3969068    0    0     0   156 3503  407  40   0  60   0   0
  12    0            0     41515900       221544      3969068    0    0     0     0 3339  380  40   0  60   0   0
  12    0            0     41514912       221544      3969068    0    0     0     0 3532  448  40   0  60   0   0
  12    0            0     41515064       221544      3969068    0    0     0     0 3516  434  40   0  60   0   0
  12    0            0     41515420       221544      3969068    0    0     0     0 3209  217  40   0  60   0   0
  12    0            0     41515676       221544      3969068    0    0     0    16 3541  452  40   0  60   0   0
--procs-- -----------------------memory---------------------- ---swap-- -----io---- -system-- --------cpu--------
   r    b         swpd         free         buff        cache   si   so    bi    bo   in   cs  us  sy  id  wa  st
  12    0            0     41515424       221548      3969064    0    0     0     0 3183  293  39   0  61   0   0
  11    0            0     41514696       221548      3969140    0    0     0     0 3332  510  37   0  63   0   0
  11    0            0     41514696       221548      3969140    0    0     0     0 2998  212  37   0  63   0   0
  11    0            0     41513944       221548      3969140    0    0     0     0 3222  392  37   0  63   0   0
  10    0            0     41513692       221548      3969192    0    0     0    76 2831  319  34   0  66   0   0
  10    0            0     41513944       221548      3969196    0    0     0    92 3043  515  33   0  66   0   0
  10    0            0     41514096       221548      3969196    0    0     0     0 3032  501  33   0  67   0   0
  10    0            0     41513948       221548      3969196    0    0     0     0 2708  210  33   0  67   0   0
  10    0            0     41513444       221548      3969196    0    0     0     0 2978  420  33   0  66   0   0
  10    0            0     41513696       221548      3969196    0    0     0    28 2746  257  33   0  67   0   0
  10    0            0     41513448       221548      3969196    0    0     0     0 2902  371  33   0  67   0   0
  10    0            0     41513448       221548      3969196    0    0     0     0 2760  284  33   0  67   0   0
  10    0            0     41513448       221548      3969196    0    0     0     0 2952  420  33   0  66   0   0
  10    0            0     41513448       221548      3969196    0    0     0     0 2756  233  33   0  67   0   0
   9    0            0     41513704       221548      3969196    0    0     0    28 2988  466  33   0  67   0   0
   8    0            0     41512252       221548      3969248    0    0     0     0 2811  481  29   0  71   0   0
   8    0            0     41512532       221548      3969292    0    0     0     0 2300  269  27   0  73   0   0
   8    0            0     41512532       221548      3969292    0    0     0     0 2462  421  27   0  73   0   0
   8    0            0     41512532       221548      3969292    0    0     0     0 2253  248  27   0  73   0   0
   7    0            0     41513040       221548      3969296    0    0     0   220 2496  497  26   0  74   0   0
   7    0            0     41513040       221548      3969352    0    0     0     0 2015  248  23   0  77   0   0
--procs-- -----------------------memory---------------------- ---swap-- -----io---- -system-- --------cpu--------
   r    b         swpd         free         buff        cache   si   so    bi    bo   in   cs  us  sy  id  wa  st
   9    0            0     41512788       221548      3969352    0    0     0     0 2335  667  23   0  76   0   0
   7    0            0     41512584       221548      3969352    0    0     0     8 3160 1664  24   0  76   0   0
   6    0            0     41513092       221548      3969352    0    0     0     0 2249  444  23   0  77   0   0
   5    0            0     41513096       221548      3969352    0    0     0    88 1897  490  18   0  81   0   0
   5    0            0     41512592       221548      3969452    0    0     0     0 1566  337  17   0  83   0   0
   5    0            0     41509856       221548      3969452    0    0     0     0 1719  418  17   0  83   0   0
   5    0            0     41509856       221548      3969452    0    0     0     0 1536  316  17   0  83   0   0
   5    0            0     41510616       221548      3969452    0    0     0    96 1683  410  17   0  83   0   0
   5    0            0     41510364       221548      3969452    0    0     0   128 1541  269  17   0  83   0   0
   5    0            0     41510112       221548      3969452    0    0     0     0 1664  353  17   0  83   0   0
   5    0            0     41510112       221548      3969452    0    0     0     0 1524  279  17   0  83   0   0
   5    0            0     41509616       221548      3969452    0    0     0     0 1765  409  17   0  83   0   0
   5    0            0     41512496       221548      3969452    0    0     0     0 1686  413  17   0  83   0   0
   5    0            0     41512496       221548      3969452    0    0     0    16 1499  218  17   0  83   0   0
   5    0            0     41512140       221548      3969452    0    0     0     0 1714  435  17   0  83   0   0
   4    0            0     41512140       221548      3969504    0    0     0     0 1553  348  16   0  84   0   0
   4    0            0     41511636       221548      3969504    0    0     0     0 1453  399  13   0  87   0   0
   4    0            0     41511636       221548      3969504    0    0     0     0 1235  192  13   0  87   0   0
   4    0            0     41510632       221548      3969504    0    0     0    60 1474  393  13   0  86   1   0
   4    0            0     41510632       221548      3969508    0    0     0     0 1274  252  13   0  87   0   0
   4    0            0     41510432       221548      3969508    0    0     0    52 1520  473  13   0  86   0   0
--procs-- -----------------------memory---------------------- ---swap-- -----io---- -system-- --------cpu--------
   r    b         swpd         free         buff        cache   si   so    bi    bo   in   cs  us  sy  id  wa  st
   6    0            0     41510648       221548      3969508    0    0     0     0 1461  425  14   0  86   0   0
   4    0            0     41510648       221548      3969508    0    0     0     0 1277  205  13   0  87   0   0
   4    0            0     41510652       221548      3969508    0    0     0    28 1522  442  13   0  86   0   0
   4    0            0     41510400       221548      3969508    0    0     0     0 1279  258  13   0  87   0   0
   4    0            0     41510148       221548      3969508    0    0     0     0 1451  388  13   0  87   0   0
   4    0            0     41510148       221548      3969508    0    0     0     0 1258  210  13   0  87   0   0
   4    0            0     41509904       221548      3969508    0    0     0     0 1520  470  13   0  86   0   0
   5    0            0     41509904       221548      3969508    0    0     0    32 1346  306  13   0  87   0   0
   6    0            0     41509904       221552      3969504    0    0     0     0 1457  427  13   0  86   0   0
   3    0            0     41510160       221552      3969556    0    0     0     0 1225  462  10   0  90   0   0
   3    0            0     41507284       221552      3969556    0    0     0     0 2352 2025  10   0  90   0   0
   3    0            0     41506928       221552      3969556    0    0     0     8 1257  455  10   0  90   0   0
   3    0            0     41506928       221552      3969556    0    0     0    72  988  212  10   0  90   0   0
   3    0            0     41507184       221552      3969556    0    0     0    48 1296  542  10   0  90   0   0
   3    0            0     41507184       221552      3969556    0    0     0     0 1059  287  10   0  90   0   0
   3    0            0     41506180       221552      3969556    0    0     0     0 1206  393  10   0  90   0   0
   3    0            0     41506180       221552      3969556    0    0     0     0  967  204  10   0  90   0   0
   3    0            0     41506684       221552      3969556    0    0     0    80 1213  395  10   0  88   2   0
   3    0            0     41505680       221552      3969556    0    0     0     0 1237  400  10   0  90   0   0
   3    0            0     41505680       221552      3969556    0    0     0     0 1079  314  10   0  90   0   0
   3    0            0     41505932       221552      3969556    0    0     0     0 1226  437  10   0  90   0   0
--procs-- -----------------------memory---------------------- ---swap-- -----io---- -system-- --------cpu--------
   r    b         swpd         free         buff        cache   si   so    bi    bo   in   cs  us  sy  id  wa  st
   4    0            0     41505932       221552      3969556    0    0     0     0 1058  248  10   0  90   0   0
   3    0            0     41505432       221552      3969556    0    0     0    32 1253  439  10   0  90   0   0
   3    0            0     41505432       221552      3969556    0    0     0     0 1065  288  10   0  90   0   0
   3    0            0     41503708       221552      3969556    0    0     0     0 1289  402  10   0  90   0   0
   3    0            0     41503708       221552      3969556    0    0     0     0  990  186  10   0  90   0   0
   3    0            0     41503456       221552      3969556    0    0     0     0 1217  401  10   0  90   0   0
   3    0            0     41503460       221552      3969556    0    0     0    16 1274  448  10   0  89   0   0
   3    0            0     41503460       221552      3969556    0    0     0     0  962  188  10   0  90   0   0
   3    0            0     41502456       221552      3969560    0    0     0     0 1325  459  10   0  90   0   0
   3    0            0     41502456       221552      3969560    0    0     0     0 1011  239  10   0  90   0   0
   3    0            0     41503216       221552      3969560    0    0     0     0 1250  407  10   0  90   0   0
   3    0            0     41503216       221552      3969560    0    0     0    20  989  209  10   0  90   0   0
   2    0            0     41503724       221552      3969560    0    0     0     0 1273  520  10   0  90   0   0
   1    0            0     41503472       221552      3969660    0    0     0     0  649  319   4   0  96   0   0
   2    0            0     41501740       221552      3969660    0    0     0     0  699  386   3   0  96   0   0
   1    0            0     41500984       221552      3969660    0    0     0     0  791  473   3   0  96   0   0
   1    0            0     41500984       221552      3969660    0    0     0    44  517  230   3   0  96   0   0
   1    0            0     41500232       221552      3969660    0    0     0     0  757  427   3   0  96   0   0
   1    0            0     41500232       221552      3969660    0    0     0   100  583  290   3   0  97   0   0
   1    0            0     41495708       221552      3969668    0    0     0     0 2079 2145   4   0  96   0   0
   1    0            0     41495708       221552      3969668    0    0     0     0  483  209   3   0  97   0   0
--procs-- -----------------------memory---------------------- ---swap-- -----io---- -system-- --------cpu--------
   r    b         swpd         free         buff        cache   si   so    bi    bo   in   cs  us  sy  id  wa  st
   2    0            0     41496260       221552      3969668    0    0     0   124  768  456   3   0  96   0   0
   1    0            0     41496260       221552      3969668    0    0     0     0  557  319   3   0  97   0   0
   1    0            0     41496012       221552      3969668    0    0     0     0  713  377   3   0  96   0   0
   1    0            0     41494076       221552      3969668    0    0     0     0  847  448   3   0  96   0   0
   1    0            0     41494584       221552      3969668    0    0     0     0  551  279   3   0  97   0   0
   1    0            0     41494840       221552      3969668    0    0     0    28  713  410   3   0  96   0   0
   1    0            0     41494840       221552      3969668    0    0     0     0  480  195   3   0  97   0   0
   1    0            0     41494336       221552      3969668    0    0     0     0  808  451   3   0  96   0   0
   1    0            0     41494336       221552      3969668    0    0     0     0  612  286   3   0  97   0   0
   1    0            0     41493736       221552      3969668    0    0     0     0  709  382   3   0  96   0   0
   1    0            0     41493736       221552      3969668    0    0     0    32  501  217   3   0  97   0   0
   1    0            0     41494348       221552      3969668    0    0     0     0  751  438   3   0  97   0   0
   1    0            0     41494348       221552      3969668    0    0     0     0  756  424   3   0  96   0   0
   1    0            0     41492116       221552      3969668    0    0     0     0  566  239   3   0  97   0   0
   1    0            0     41491616       221552      3969668    0    0     0     0  799  489   3   0  96   0   0
  30    0            0     42192684       221552      3969732    0    0     0    16 2786 1732  17   0  83   0   0
   0    1            0     45352568       221552      3969716    0    0     0   464 8417 7706   4   2  91   3   0
   1    0            0     45352568       221552      3969724    0    0     0   708  868  989   1   0  97   3   0
   0    1            0     45352812       221552      3969724    0    0     0   788 1181 1276   0   0  96   3   0
  58    0            0     44632488       221560      3969736    0    0     0   304 10575 5494  64   3  32   1   0
  33    0            0     41783908       221676      3969656    0    0     0   140 31531 5980  93   6   0   0   0
--procs-- -----------------------memory---------------------- ---swap-- -----io---- -system-- --------cpu--------
   r    b         swpd         free         buff        cache   si   so    bi    bo   in   cs  us  sy  id  wa  st
  31    0            0     39433992       221696      3970180    0    0     0     0 7709  709  66  34   0   0   0
  30    0            0     41696040       221696      3970180    0    0     0     0 7583  275  98   3   0   0   0
  30    0            0     41662632       221696      3970180    0    0     0     0 7746  533 100   0   0   0   0
  30    0            0     41659048       221696      3970188    0    0     0   412 7677  449 100   0   0   0   0
  30    0            0     41651032       221696      3970188    0    0     0   224 7650  524 100   0   0   0   0
  30    0            0     41645292       221696      3970192    0    0     0     0 7591  254 100   0   0   0   0
  30    0            0     41636984       221696      3970192    0    0     0     0 7707  559 100   0   0   0   0
  30    0            0     41623304       221696      3970196    0    0     0     0 8399 1691 100   0   0   0   0
  30    0            0     41618528       221696      3970208    0    0     0   492 7764  498 100   0   0   0   0
  30    0            0     41616060       221696      3970208    0    0     0     0 7651  486 100   0   0   0   0
  30    0            0     41613820       221696      3970208    0    0     0     8 7607  344 100   0   0   0   0
  30    0            0     41613084       221696      3970208    0    0     0     0 7654  492 100   0   0   0   0
  30    0            0     41611320       221696      3970208    0    0     0     0 7612  261 100   0   0   0   0
  30    0            0     41607096       221696      3970208    0    0     0    28 7762  609 100   0   0   0   0
  30    0            0     41605836       221696      3970208    0    0     0     0 7594  288 100   0   0   0   0
  30    0            0     41602820       221696      3970208    0    0     0     0 7649  463 100   0   0   0   0
  30    0            0     41602568       221696      3970208    0    0     0     0 7630  341 100   0   0   0   0
  30    0            0     41599824       221696      3970208    0    0     0     0 7645  443 100   0   0   0   0
  30    0            0     41600572       221696      3970208    0    0     0    32 7691  463 100   0   0   0   0
  30    0            0     41600576       221696      3970208    0    0     0     0 7625  318 100   0   0   0   0
  30    0            0     41599320       221696      3970208    0    0     0     0 7701  565 100   0   0   0   0
--procs-- -----------------------memory---------------------- ---swap-- -----io---- -system-- --------cpu--------
   r    b         swpd         free         buff        cache   si   so    bi    bo   in   cs  us  sy  id  wa  st
  31    0            0     41599068       221696      3970208    0    0     0     0 7624  270 100   0   0   0   0
  30    0            0     41598816       221696      3970208    0    0     0     0 7645  415 100   0   0   0   0
  30    0            0     41598564       221696      3970208    0    0     0    16 7664  371 100   0   0   0   0
  30    0            0     41597304       221696      3970208    0    0     0     0 7646  479 100   0   0   0   0
  30    0            0     41597052       221696      3970208    0    0     0     0 7638  285 100   0   0   0   0
  30    0            0     41595316       221696      3970208    0    0     0     0 7677  504 100   0   0   0   0
  30    0            0     41593304       221696      3970208    0    0     0     0 7656  462 100   0   0   0   0
  30    0            0     41592048       221696      3970208    0    0     0    20 7614  310 100   0   0   0   0
  30    0            0     41590788       221696      3970208    0    0     0     0 7663  433 100   0   0   0   0
  30    0            0     41590536       221696      3970208    0    0     0     0 7607  261 100   0   0   0   0
  30    0            0     41589276       221696      3970208    0    0     0     0 7673  481 100   0   0   0   0
  30    0            0     41589276       221696      3970212    0    0     0     0 7600  236 100   0   0   0   0
  30    0            0     41588552       221696      3970212    0    0     0    16 7724  595 100   0   0   0   0
  30    0            0     41588804       221696      3970212    0    0     0     0 7601  300 100   0   0   0   0
  30    0            0     41587796       221696      3970212    0    0     0     0 7669  507 100   0   0   0   0
  32    0            0     41589200       221696      3970212    0    0     0     0 8172  587 100   0   0   0   0
  30    0            0     41586580       221696      3970212    0    0     0     0 8164 1311 100   0   0   0   0
  30    0            0     41584852       221696      3970216    0    0     0    40 7716  511 100   0   0   0   0
  30    0            0     41584852       221696      3970216    0    0     0     0 7620  285 100   0   0   0   0
  30    0            0     41583592       221696      3970216    0    0     0     0 7677  492 100   0   0   0   0
  30    0            0     41583088       221696      3970216    0    0     0     0 7596  246 100   0   0   0   0
--procs-- -----------------------memory---------------------- ---swap-- -----io---- -system-- --------cpu--------
   r    b         swpd         free         buff        cache   si   so    bi    bo   in   cs  us  sy  id  wa  st
  31    0            0     41581580       221696      3970216    0    0     0     0 7643  434 100   0   0   0   0
  30    0            0     41579032       221696      3970216    0    0     0    44 7747  345 100   0   0   0   0
  30    0            0     41577968       221696      3970216    0    0     0     0 7656  457 100   0   0   0   0
  31    0            0     41576708       221696      3970216    0    0     0     8 7631  406 100   0   0   0   0
  30    0            0     41576708       221696      3970216    0    0     0     0 7633  333 100   0   0   0   0
  30    0            0     41575880       221696      3970216    0    0     0     0 7654  449 100   0   0   0   0
  30    0            0     41576232       221696      3970216    0    0     0    28 7620  242 100   0   0   0   0
  30    0            0     41575224       221696      3970216    0    0     0     0 7682  485 100   0   0   0   0
  30    0            0     41575508       221696      3970216    0    0     0     0 7640  319 100   0   0   0   0
  30    0            0     41574764       221696      3970216    0    0     0     0 7697  449 100   0   0   0   0
  30    0            0     41574764       221696      3970216    0    0     0     0 7591  267 100   0   0   0   0
  30    0            0     41573532       221696      3970216    0    0     0    32 7648  430 100   0   0   0   0
  31    0            0     41571136       221696      3970216    0    0     0     0 7698  492 100   0   0   0   0
  30    0            0     41570512       221696      3970216    0    0     0     0 7631  342 100   0   0   0   0
  30    0            0     41571592       221696      3970216    0    0     0     0 7686  555 100   0   0   0   0
  30    0            0     41571980       221696      3970216    0    0     0     0 7597  223 100   0   0   0   0
  30    0            0     41569972       221696      3970216    0    0     0    16 7670  441 100   0   0   0   0
  30    0            0     41569972       221696      3970216    0    0     0     0 7724  378 100   0   0   0   0
  30    0            0     41568964       221696      3970216    0    0     0     0 7658  456 100   0   0   0   0
  30    0            0     41568740       221696      3970216    0    0     0     0 7609  247 100   0   0   0   0
  31    0            0     41569744       221696      3970216    0    0     0     0 7653  447 100   0   0   0   0
--procs-- -----------------------memory---------------------- ---swap-- -----io---- -system-- --------cpu--------
   r    b         swpd         free         buff        cache   si   so    bi    bo   in   cs  us  sy  id  wa  st
  31    0            0     41567632       221696      3970216    0    0     0    20 8207  586 100   0   0   0   0
  30    0            0     41567980       221696      3970220    0    0     0     0 7642  362 100   0   0   0   0
  30    0            0     41566368       221696      3970220    0    0     0     0 7640  425 100   0   0   0   0
  30    0            0     41566720       221696      3970220    0    0     0     0 7630  335 100   0   0   0   0
  33    0            0     41563952       221696      3970220    0    0     0     0 7930  960 100   0   0   0   0
  30    0            0     41562012       221696      3970272    0    0     0    36 8166 1194 100   0   0   0   0
  30    0            0     41559528       221696      3970276    0    0     0     0 7661  460 100   0   0   0   0
  30    0            0     41559024       221696      3970276    0    0     0     0 7644  375 100   0   0   0   0
  30    0            0     41558016       221696      3970276    0    0     0     0 7675  488 100   0   0   0   0
  30    0            0     41557512       221696      3970276    0    0     0     0 7659  418 100   0   0   0   0
  30    0            0     41557060       221696      3970276    0    0     0    40 7626  318 100   0   0   0   0
  30    0            0     41555972       221696      3970276    0    0     0     0 7782  522 100   0   0   0   0
  30    0            0     41556004       221696      3970276    0    0     0     0 7642  322 100   0   0   0   0
  30    0            0     41554748       221696      3970276    0    0     0     8 7746  629 100   0   0   0   0
  30    0            0     41555000       221696      3970276    0    0     0     0 7622  282 100   0   0   0   0
  30    0            0     41554276       221696      3970276    0    0     0    68 7699  498 100   0   0   0   0
  30    0            0     41554024       221696      3970276    0    0     0     0 7654  291 100   0   0   0   0
  30    0            0     41553020       221696      3970276    0    0     0     0 7703  554 100   0   0   0   0
  30    0            0     41552420       221696      3970276    0    0     0     0 7685  459 100   0   0   0   0
  30    0            0     41552268       221696      3970276    0    0     0     0 7604  265 100   0   0   0   0
  30    0            0     41551672       221696      3970276    0    0     0    16 7712  483 100   0   0   0   0
--procs-- -----------------------memory---------------------- ---swap-- -----io---- -system-- --------cpu--------
   r    b         swpd         free         buff        cache   si   so    bi    bo   in   cs  us  sy  id  wa  st
  31    0            0     41550688       221696      3970276    0    0     0     0 7662  324 100   0   0   0   0
  30    0            0     41549980       221696      3970276    0    0     0     0 7664  455 100   0   0   0   0
  30    0            0     41549728       221696      3970276    0    0     0     0 7695  467 100   0   0   0   0
  30    0            0     41549732       221696      3970276    0    0     0     0 7668  494 100   0   0   0   0
  30    0            0     41549480       221696      3970276    0    0     0    20 7615  280 100   0   0   0   0
  30    0            0     41547748       221696      3970276    0    0     0     0 7640  406 100   0   0   0   0
  31    0            0     41548752       221696      3970276    0    0     0     0 7684  429 100   0   0   0   0
  30    0            0     41548500       221696      3970276    0    0     0     0 7636  309 100   0   0   0   0
  30    0            0     41548052       221696      3970276    0    0     0     0 7647  425 100   0   0   0   0
  30    0            0     41548500       221696      3970276    0    0     0    16 7678  393 100   0   0   0   0
  30    0            0     41547492       221696      3970276    0    0     0     0 7660  442 100   0   0   0   0
  30    0            0     41547240       221696      3970276    0    0     0     0 7647  347 100   0   0   0   0
  30    0            0     41546484       221696      3970276    0    0     0     0 7754  618 100   0   0   0   0
  30    0            0     41546484       221696      3970276    0    0     0     0 7630  280 100   0   0   0   0
  30    0            0     41542544       221696      3970284    0    0     0    20 8466 1840 100   0   0   0   0
  30    0            0     41541040       221696      3970304    0    0     0     0 7696  529 100   0   0   0   0
  30    0            0     41540788       221696      3970304    0    0     0     0 7611  310 100   0   0   0   0
  30    0            0     41540692       221696      3970304    0    0     0     0 7657  469 100   0   0   0   0
  30    0            0     41540788       221696      3970304    0    0     0     0 7598  271 100   0   0   0   0
  29    0            0     41538772       221696      3970332    0    0     0    60 7588  578  97   0   3   0   0
  29    0            0     41538772       221696      3970332    0    0     0     0 7415  284  97   0   3   0   0
--procs-- -----------------------memory---------------------- ---swap-- -----io---- -system-- --------cpu--------
   r    b         swpd         free         buff        cache   si   so    bi    bo   in   cs  us  sy  id  wa  st
  30    0            0     41536632       221696      3970332    0    0     0     0 7484  427  97   0   3   0   0
  29    0            0     41536380       221696      3970332    0    0     0     0 7491  423  97   0   3   0   0
  29    0            0     41536380       221696      3970332    0    0     0     8 7481  447  97   0   3   0   0
  29    0            0     41536380       221696      3970332    0    0     0   136 7463  412  97   0   3   0   0
  29    0            0     41536380       221696      3970332    0    0     0     0 7457  236  97   0   3   0   0
  29    0            0     41535876       221696      3970332    0    0     0     0 7469  415  97   0   3   0   0
  29    0            0     41535876       221696      3970332    0    0     0     0 7409  282  97   0   3   0   0
  29    0            0     41535876       221696      3970332    0    0     0     0 7431  387  97   0   3   0   0
  29    0            0     41535876       221696      3970332    0    0     0    16 7447  319  97   0   3   0   0
  29    0            0     41535876       221696      3970332    0    0     0     0 7436  379  97   0   3   0   0
  29    0            0     41537172       221696      3970332    0    0     0     0 7507  375  97   0   3   0   0
  29    0            0     41535676       221696      3970332    0    0     0     0 7481  507  97   0   3   0   0
  29    0            0     41534932       221696      3970332    0    0     0     0 7479  440  97   0   3   0   0
  29    0            0     41534428       221696      3970332    0    0     0    20 7430  278  97   0   3   0   0
  29    0            0     41534428       221696      3970332    0    0     0     0 7459  421  97   0   3   0   0
  29    0            0     41534176       221696      3970332    0    0     0     0 7439  283  97   0   3   0   0
  29    0            0     41533672       221696      3970332    0    0     0     0 7461  337  97   0   3   0   0
  29    0            0     41533672       221696      3970332    0    0     0     0 7399  248  97   0   3   0   0
  29    0            0     41533672       221696      3970332    0    0     0     0 7513  543  97   0   3   0   0
  29    0            0     41533420       221696      3970332    0    0     0    16 7434  312  97   0   3   0   0
  29    0            0     41532452       221696      3970332    0    0     0     0 7471  413  97   0   3   0   0
--procs-- -----------------------memory---------------------- ---swap-- -----io---- -system-- --------cpu--------
   r    b         swpd         free         buff        cache   si   so    bi    bo   in   cs  us  sy  id  wa  st
  30    0            0     41531776       221696      3970332    0    0     0     0 7469  478  97   0   3   0   0
  29    0            0     41531972       221696      3970332    0    0     0     0 7424  315  97   0   3   0   0
  28    0            0     41531944       221696      3970364    0    0     0     0 9162 4566  94   0   6   0   0
  28    0            0     41531584       221696      3970388    0    0     0    60 7205  274  93   0   6   0   0
  26    0            0     41530112       221700      3970492    0    0     0     0 7119  517  90   0  10   0   0
  26    0            0     41529860       221700      3970492    0    0     0     0 6735  292  87   0  13   0   0
  26    0            0     41529608       221700      3970492    0    0     0     0 6861  409  87   0  13   0   0
  26    0            0     41529608       221700      3970492    0    0     0    96 6718  248  87   0  13   0   0
  26    0            0     41529132       221700      3970492    0    0     0   128 6995  488  87   0  13   0   0
  26    0            0     41528780       221700      3970492    0    0     0     0 6931  452  87   0  13   0   0
  26    0            0     41529408       221700      3970492    0    0     0     0 6773  373  87   0  13   0   0
  26    0            0     41529312       221700      3970492    0    0     0     0 6858  415  87   0  13   0   0
  26    0            0     41529408       221700      3970492    0    0     0     8 6745  287  87   0  13   0   0
  26    0            0     41528404       221700      3970492    0    0     0    28 6937  487  87   0  13   0   0
  26    0            0     41528404       221700      3970492    0    0     0     0 6755  356  87   0  13   0   0
  26    0            0     41528408       221700      3970492    0    0     0     0 6907  492  87   0  13   0   0
  26    0            0     41528408       221700      3970492    0    0     0     0 6733  262  87   0  13   0   0
  26    0            0     41528660       221700      3970492    0    0     0     0 6916  449  87   0  13   0   0
  26    0            0     41528464       221700      3970492    0    0     0    32 6888  456  87   0  13   0   0
  25    0            0     41528916       221700      3970528    0    0     0     0 6532  301  84   0  16   0   0
  25    0            0     41526408       221700      3970528    0    0     0     0 6842  544  83   0  16   0   0
--procs-- -----------------------memory---------------------- ---swap-- -----io---- -system-- --------cpu--------
   r    b         swpd         free         buff        cache   si   so    bi    bo   in   cs  us  sy  id  wa  st
  26    0            0     41526408       221700      3970528    0    0     0     0 6485  299  83   0  17   0   0
  25    0            0     41526156       221700      3970528    0    0     0     0 6689  441  83   0  16   0   0
  25    0            0     41526156       221700      3970528    0    0     0    36 6461  249  83   0  17   0   0
  25    0            0     41525148       221700      3970528    0    0     0    36 6707  499  83   0  16   0   0
  25    0            0     41524644       221700      3970528    0    0     0     0 6453  304  83   0  17   0   0
  25    0            0     41524648       221700      3970528    0    0     0     0 6632  397  83   0  16   0   0
  25    0            0     41524396       221700      3970528    0    0     0     0 6625  460  83   0  16   0   0
  25    0            0     41524144       221700      3970528    0    0     0    60 6451  275  83   0  16   0   0
  25    0            0     41523792       221700      3970528    0    0     0     0 6621  443  83   0  16   0   0
  25    0            0     41522416       221700      3970528    0    0     0     0 6521  426  83   0  17   0   0
  25    0            0     41521436       221700      3970528    0    0     0     0 6605  420  83   0  16   0   0
  25    0            0     41524524       221700      3970528    0    0     0     0 7471 1836  84   0  16   0   0
  25    0            0     41523244       221700      3970528    0    0     0    40 6784  535  83   0  16   0   0
  24    0            0     41522740       221700      3970568    0    0     0     0 6283  321  81   0  19   0   0
  24    0            0     41522496       221700      3970568    0    0     0     0 6387  428  80   0  20   0   0
  23    0            0     41521488       221700      3970568    0    0     0     0 6358  468  79   0  21   0   0
  23    0            0     41521744       221700      3970612    0    0     0     0 5963  300  77   0  23   0   0
  23    0            0     41521748       221700      3970616    0    0     0   100 6187  464  77   0  23   0   0
  23    0            0     41520236       221700      3970616    0    0     0    84 5950  229  77   0  23   0   0
  23    0            0     41520236       221700      3970616    0    0     0     0 6229  538  77   0  23   0   0
  22    0            0     41519508       221700      3970688    0    0     0     0 5880  395  75   0  25   0   0
--procs-- -----------------------memory---------------------- ---swap-- -----io---- -system-- --------cpu--------
   r    b         swpd         free         buff        cache   si   so    bi    bo   in   cs  us  sy  id  wa  st
  22    0            0     41516264       221700      3970772    0    0     0     0 6415 1169  73   0  26   0   0
  21    0            0     41515760       221700      3970780    0    0     0    60 5879  935  70   0  30   0   0
  21    0            0     41514760       221700      3970792    0    0     0     0 6152 1393  70   0  29   0   0
  21    0            0     41514508       221700      3970808    0    0     0     0 6070 1023  70   0  29   0   0
  19    0            0     41514008       221700      3970812    0    0     0   128 5529  457  69   0  31   0   0
  19    0            0     41511904       221700      3970888    0    0     0     8 5760 1007  64   0  36   0   0
  19    0            0     41511596       221700      3971016    0    0     0    88 5328  499  63   0  35   2   0
  18    0            0     41511596       221704      3971060    0    0     0     0 5369  615  61   0  38   0   0
  19    0            0     41515500       221704      3971060    0    0     0     0 5163  758  60   0  40   0   0
  18    0            0     41513396       221704      3971060    0    0     0    76 5246  629  60   0  40   0   0
  20    0            0     41515492       221704      3971060    0    0     0     0 4876  332  60   0  40   0   0
  17    0            0     41515244       221704      3971060    0    0     0   124 5261  691  60   0  40   0   0
  17    0            0     41514240       221704      3971104    0    0     0     0 4999  531  57   0  43   0   0
  17    0            0     41514240       221704      3971104    0    0     0     0 4559  283  57   0  43   0   0
  16    0            0     41512728       221704      3971140    0    0     0     0 4638  481  54   0  46   0   0
  16    0            0     41512980       221704      3971140    0    0     0     0 4350  403  53   0  47   0   0
  16    0            0     41512480       221704      3971140    0    0     0    44 4562  499  53   0  46   0   0
  16    0            0     41512480       221704      3971140    0    0     0   100 4270  236  53   0  47   0   0
  16    0            0     41511724       221704      3971140    0    0     0     0 4588  523  53   0  46   0   0
  15    0            0     41509416       221704      3971184    0    0     0     0 4767 1059  53   0  47   0   0
  15    0            0     41505688       221704      3971252    0    0     0     0 5144 1882  50   0  49   0   0
--procs-- -----------------------memory---------------------- ---swap-- -----io---- -system-- --------cpu--------
   r    b         swpd         free         buff        cache   si   so    bi    bo   in   cs  us  sy  id  wa  st
  16    0            0     41506756       221704      3971256    0    0     0    72 5316 1545  50   0  49   0   0
  15    0            0     41506756       221704      3971256    0    0     0     0 4066  388  50   0  50   0   0
  15    0            0     41505776       221704      3971256    0    0     0     0 4364  519  50   0  50   0   0
  15    0            0     41505524       221704      3971256    0    0     0    88 4072  275  50   0  50   0   0
  15    0            0     41504772       221704      3971256    0    0     0     0 4264  390  50   0  50   0   0
  15    0            0     41504772       221704      3971256    0    0     0    28 4043  301  50   0  50   0   0
  15    0            0     41504272       221704      3971260    0    0     0     0 4267  523  50   0  50   0   0
  15    0            0     41504272       221704      3971260    0    0     0     0 4133  409  50   0  50   0   0
  15    0            0     41500348       221704      3971260    0    0     0     0 4867 1096  50   0  49   0   0
  15    0            0     41499380       221704      3971260    0    0     0     0 4356  555  50   0  50   0   0
  15    0            0     41499380       221704      3971260    0    0     0    44 4164  361  50   0  49   0   0
  15    0            0     41499128       221704      3971260    0    0     0     0 4384  619  50   0  50   0   0
  15    0            0     41499128       221704      3971260    0    0     0     0 4043  271  50   0  50   0   0
  14    0            0     41499216       221704      3971260    0    0     0     0 4574  927  49   0  51   0   0
  14    0            0     41499216       221704      3971300    0    0     0     0 3806  291  47   0  53   0   0
  14    0            0     41498712       221704      3971300    0    0     0   100 4066  472  47   0  53   0   0
  13    0            0     41498464       221704      3971348    0    0     0     0 3719  361  45   0  55   0   0
  13    0            0     41497960       221704      3971348    0    0     0     0 3797  522  43   0  56   0   0
  12    0            0     41497204       221704      3971348    0    0     0    96 3848  557  43   0  57   0   0
  12    0            0     41497204       221704      3971348    0    0     0     0 3289  277  40   0  60   0   0
  12    0            0     41496200       221704      3971396    0    0     0    68 3562  467  40   0  60   0   0
--procs-- -----------------------memory---------------------- ---swap-- -----io---- -system-- --------cpu--------
   r    b         swpd         free         buff        cache   si   so    bi    bo   in   cs  us  sy  id  wa  st
  13    0            0     41496200       221704      3971396    0    0     0     0 3343  374  40   0  60   0   0
  12    0            0     41495196       221704      3971396    0    0     0     0 3611  517  40   0  60   0   0
  11    0            0     41495196       221704      3971396    0    0     0     0 3196  294  39   0  61   0   0
   9    0            0     41494944       221708      3971496    0    0     0   132 3138  665  34   0  66   0   0
   9    0            0     41494692       221708      3971496    0    0     0    60 2551  306  30   0  70   0   0
   9    0            0     41494188       221708      3971544    0    0     0     0 2811  515  30   0  70   0   0
   9    0            0     41493936       221708      3971544    0    0     0     0 2858  589  30   0  70   0   0
   9    0            0     41493492       221708      3971544    0    0     0     0 2605  257  30   0  70   0   0
   8    0            0     41492248       221708      3971592    0    0     0   160 2650  542  27   0  73   0   0
   8    0            0     41486816       221708      3971632    0    0     0    72 3539 1885  27   0  72   0   0
   8    0            0     41487336       221708      3971632    0    0     0     0 2537  547  27   0  73   0   0
   8    0            0     41487336       221708      3971632    0    0     0     0 2272  279  27   0  73   0   0
   8    0            0     41487336       221708      3971632    0    0     0     0 2506  454  27   0  73   0   0
   9    0            0     41487336       221708      3971632    0    0     0     0 2342  306  27   0  73   0   0
   8    0            0     41487236       221708      3971632    0    0     0    76 2547  481  27   0  73   0   0
   8    0            0     41488344       221708      3971632    0    0     0     0 2538  483  27   0  73   0   0
   7    0            0     41488344       221708      3971632    0    0     0     0 2352  498  26   0  74   0   0
   7    0            0     41487084       221708      3971676    0    0     0     0 2321  499  23   0  76   0   0
   7    0            0     41485508       221708      3971676    0    0     0     0 2055  269  23   0  77   0   0
   7    0            0     41485632       221708      3971680    0    0     0    36 2320  456  23   0  76   0   0
   7    0            0     41485632       221708      3971680    0    0     0     0 2027  361  23   0  77   0   0
--procs-- -----------------------memory---------------------- ---swap-- -----io---- -system-- --------cpu--------
   r    b         swpd         free         buff        cache   si   so    bi    bo   in   cs  us  sy  id  wa  st
   9    0            0     41485384       221708      3971680    0    0     0    60 2318  494  23   0  76   0   0
   7    0            0     41485384       221708      3971680    0    0     0     0 1990  225  23   0  77   0   0
   6    0            0     41486392       221708      3971680    0    0     0     0 2308  509  23   0  76   0   0
   6    0            0     41485640       221708      3971724    0    0     0    44 2010  501  20   0  80   0   0
   6    0            0     41485640       221708      3971724    0    0     0    12 1794  331  20   0  80   0   0
   5    0            0     41485388       221708      3971780    0    0     0     0 1851  656  17   0  83   0   0
   5    0            0     41485388       221708      3971780    0    0     0     0 1483  209  17   0  83   0   0
   5    0            0     41486144       221708      3971780    0    0     0     0 1734  433  17   0  83   0   0
   6    0            0     41485892       221708      3971780    0    0     0   164 1570  321  17   0  83   0   0
   4    0            0     41485388       221708      3971832    0    0     0     0 1764  580  16   0  84   0   0
   3    0            0     41485644       221708      3971872    0    0     0     0 1096  314  11   0  89   0   0
   3    0            0     41485648       221708      3971872    0    0     0     0 1191  416  10   0  90   0   0
   3    0            0     41485652       221708      3971872    0    0     0     0 1323  592  10   0  90   0   0
   3    0            0     41485652       221708      3971872    0    0     0   196 1045  280  10   0  90   0   0
   2    0            0     41485652       221712      3971868    0    0     0     0 1174  525   9   0  91   0   0
   4    0            0     41485652       221712      3971868    0    0     0     0  814  329   7   0  93   0   0
   2    0            0     41485908       221712      3971920    0    0     0     0 1027  501   7   0  93   0   0
   2    0            0     41485908       221712      3971920    0    0     0     0  735  214   7   0  93   0   0
   2    0            0     41487876       221712      3971928    0    0     0    72 2075 1907   7   0  93   0   0
   3    0            0     41487876       221712      3971928    0    0     0    88  765  319   7   0  93   0   0
   2    0            0     41487224       221712      3971928    0    0     0     0 1040  498   7   0  93   0   0
--procs-- -----------------------memory---------------------- ---swap-- -----io---- -system-- --------cpu--------
   r    b         swpd         free         buff        cache   si   so    bi    bo   in   cs  us  sy  id  wa  st
   4    0            0     41487728       221712      3971928    0    0     0     0  954  397   7   0  93   0   0
   3    0            0     41487476       221712      3971928    0    0     0     0  761  294   7   0  93   0   0
   2    0            0     41487228       221712      3971928    0    0     0    32 1008  465   7   0  93   0   0
   2    0            0     41487228       221712      3971928    0    0     0     0  786  337   7   0  93   0   0
   2    0            0     41487232       221712      3971928    0    0     0     0  991  497   7   0  93   0   0
   2    0            0     41487232       221712      3971928    0    0     0     0  725  202   7   0  93   0   0
   2    0            0     41486728       221712      3971928    0    0     0     0  963  412   7   0  93   0   0
   3    0            0     41486224       221712      3971928    0    0     0    36  858  311   7   0  93   0   0
   2    0            0     41486632       221712      3971928    0    0     0     0  993  493   7   0  93   0   0
   2    0            0     41486484       221712      3971932    0    0     0     0  959  418   7   0  93   0   0
   2    0            0     41486484       221712      3971932    0    0     0     0  714  189   7   0  93   0   0
   2    0            0     41486488       221712      3971932    0    0     0     0  976  449   7   0  93   0   0
   2    0            0     41486488       221712      3971932    0    0     0    16  762  234   7   0  93   0   0
   2    0            0     41485984       221712      3971932    0    0     0     8  909  385   7   0  93   0   0
   2    0            0     41485984       221712      3971932    0    0     0     0  798  288   7   0  93   0   0
   2    0            0     41485988       221712      3971932    0    0     0     0  975  446   7   0  93   0   0
   3    0            0     41485484       221712      3971932    0    0     0     0  749  221   7   0  93   0   0
   2    0            0     41485988       221712      3971932    0    0     0    44  964  428   7   0  93   0   0
   2    0            0     41485736       221712      3971932    0    0     0     0 1043  504   7   0  93   0   0
   2    0            0     41485736       221712      3971932    0    0     0     0  801  288   7   0  93   0   0
   2    0            0     41485740       221712      3971932    0    0     0     0  944  404   7   0  93   0   0
--procs-- -----------------------memory---------------------- ---swap-- -----io---- -system-- --------cpu--------
   r    b         swpd         free         buff        cache   si   so    bi    bo   in   cs  us  sy  id  wa  st
   3    0            0     41485740       221712      3971932    0    0     0     0  774  290   7   0  93   0   0
   2    0            0     41486244       221712      3971932    0    0     0    16  965  434   7   0  93   0   0
   2    0            0     41486244       221712      3971932    0    0     0     0  766  257   7   0  93   0   0
   2    0            0     41486252       221712      3971932    0    0     0     0  993  496   7   0  93   0   0
   4    0            0     41485496       221712      3971932    0    0     0     0  723  213   7   0  93   0   0
   2    0            0     41485496       221712      3971932    0    0     0     0  914  356   7   0  93   0   0
   2    0            0     41487700       221712      3971984    0    0     0    36 2255 2193   7   0  92   0   0
   2    0            0     41487700       221712      3971984    0    0     0     0  751  251   7   0  93   0   0
   2    0            0     41488376       221712      3971980    0    0     0     0  996  481   7   0  93   0   0
   2    0            0     41488376       221712      3971980    0    0     0     0  745  235   7   0  93   0   0
   2    0            0     41488136       221712      3971980    0    0     0     0 1015  480   7   0  93   0   0
   2    0            0     41488136       221712      3971980    0    0     0    68  692  323   5   0  95   0   0
   1    0            0     41487636       221712      3972044    0    0     0     0  712  394   3   0  96   0   0
   2    0            0     41487636       221712      3972044    0    0     0     0  610  392   3   0  97   0   0
   1    0            0     41487384       221712      3972044    0    0     0     0  712  419   3   0  97   0   0
   1    0            0     41487384       221712      3972044    0    0     0     0  704  416   3   0  96   0   0
   1    0            0     41485916       221712      3972044    0    0     0   120  634  298   3   0  97   0   0
   1    0            0     41485680       221712      3972044    0    0     0     0  833  528   3   0  96   0   0
   1    0            0     41485680       221712      3972044    0    0     0     0  551  284   3   0  97   0   0
   1    0            0     41485684       221712      3972044    0    0     0     0  687  402   3   0  96   0   0
   1    0            0     41485684       221712      3972044    0    0     0     0  474  197   3   0  97   0   0
--procs-- -----------------------memory---------------------- ---swap-- -----io---- -system-- --------cpu--------
   r    b         swpd         free         buff        cache   si   so    bi    bo   in   cs  us  sy  id  wa  st
   2    0            0     41486188       221712      3972044    0    0     0    28  726  431   3   0  96   0   0
   2    0            0     41485936       221712      3972048    0    0     0     0  598  340   3   0  96   0   0
   1    0            0     41484932       221712      3972048    0    0     0     8  767  438   3   0  97   0   0
   1    0            0     41486696       221712      3972048    0    0     0     0  758  414   3   0  96   0   0
   1    0            0     41486696       221712      3972048    0    0     0     0  490  195   3   0  97   0   0
   1    0            0     41484220       221712      3972048    0    0     0    56  875  502   3   0  96   0   0
   1    0            0     41484220       221712      3972048    0    0     0     0  524  218   3   0  97   0   0
   1    0            0     41483468       221712      3972048    0    0     0     0  784  414   3   0  96   0   0
   1    0            0     41483468       221712      3972048    0    0     0     0  488  206   3   0  97   0   0
   1    0            0     41484728       221712      3972048    0    0     0     0  830  508   4   0  96   0   0
   2    0            0     41483724       221712      3972048    0    0     0    16  591  321   3   0  97   0   0
   1    0            0     41484768       221712      3972048    0    0     0     0  682  345   3   0  97   0   0
   1    0            0     41484772       221712      3972048    0    0     0     0  821  521   3   0  96   0   0
   0    1            0     45346024       221712      3972048    0    0     0   100 9895 8351  20   2  77   1   0
   0    1            0     45351476       221712      3971932    0    0     0  1036 1493 1644   1   0  96   3   0
  30    0            0     45120896       221720      3971940    0    0     0  1440 3474 3953   5   2  90   3   0
 232    0            0     43937460       221720      3971952    0    0     0     0 18828 6612  95   5   0   0   0
  30    0            0     36461480       221860      3971840    0    0     0     0 24879 4826  79  21   0   0   0
  30    0            0     41696184       221860      3972412    0    0     0     0 7672  515  79  21   0   0   0
  32    0            0     41680852       221860      3972412    0    0     0     0 7602  286 100   0   0   0   0
  30    0            0     41663248       221860      3972412    0    0     0   620 7792  672 100   0   0   0   0
--procs-- -----------------------memory---------------------- ---swap-- -----io---- -system-- --------cpu--------
   r    b         swpd         free         buff        cache   si   so    bi    bo   in   cs  us  sy  id  wa  st
  31    0            0     41657204       221860      3972416    0    0     0     0 7673  543 100   0   0   0   0
  30    0            0     41652192       221860      3972416    0    0     0     0 7670  461 100   0   0   0   0
  30    0            0     41642576       221860      3972416    0    0     0     0 7682  560 100   0   0   0   0
  30    0            0     41636576       221860      3972416    0    0     0     0 7605  291 100   0   0   0   0
  30    0            0     41629024       221860      3972416    0    0     0   316 7751  545 100   0   0   0   0
  30    0            0     41624740       221860      3972416    0    0     0    52 7718  441 100   0   0   0   0
  30    0            0     41617720       221860      3972416    0    0     0     0 7769  547 100   0   0   0   0
  31    0            0     41615692       221860      3972416    0    0     0     0 7613  317 100   0   0   0   0
  30    0            0     41613272       221860      3972416    0    0     0     0 7690  506 100   0   0   0   0
  30    0            0     41612012       221860      3972416    0    0     0     0 7693  520 100   0   0   0   0
  30    0            0     41609996       221860      3972416    0    0     0    52 7645  341 100   0   0   0   0
  30    0            0     41607984       221860      3972416    0    0     0     0 7754  605 100   0   0   0   0
  30    0            0     41606224       221860      3972420    0    0     0     8 7643  357 100   0   0   0   0
  30    0            0     41603484       221860      3972420    0    0     0     0 7689  512 100   0   0   0   0
  30    0            0     41602980       221860      3972420    0    0     0     0 7636  307 100   0   0   0   0
  30    0            0     41601244       221860      3972420    0    0     0    44 7720  505 100   0   0   0   0
  31    0            0     41600564       221860      3972420    0    0     0     0 7724  412 100   0   0   0   0
  30    0            0     41598480       221860      3972420    0    0     0     0 7671  474 100   0   0   0   0
  30    0            0     41596968       221860      3972420    0    0     0     0 7694  551 100   0   0   0   0
  30    0            0     41597220       221860      3972420    0    0     0     0 7637  310 100   0   0   0   0
  30    0            0     41595212       221860      3972420    0    0     0    16 7701  529 100   0   0   0   0
--procs-- -----------------------memory---------------------- ---swap-- -----io---- -system-- --------cpu--------
   r    b         swpd         free         buff        cache   si   so    bi    bo   in   cs  us  sy  id  wa  st
  31    0            0     41594960       221860      3972420    0    0     0     0 7649  346 100   0   0   0   0
  30    0            0     41593356       221860      3972420    0    0     0     0 7678  473 100   0   0   0   0
  30    0            0     41592980       221860      3972420    0    0     0     0 7607  255 100   0   0   0   0
  30    0            0     41592864       221860      3972420    0    0     0     0 8510 1971 100   0   0   0   0
  31    0            0     41592272       221860      3972436    0    0     0    68 7690  436 100   0   0   0   0
  30    0            0     41591044       221860      3972436    0    0     0     0 7690  564 100   0   0   0   0
  30    0            0     41590444       221860      3972436    0    0     0     0 7704  515 100   0   0   0   0
  30    0            0     41590040       221860      3972436    0    0     0     0 7625  309 100   0   0   0   0
  30    0            0     41588028       221860      3972436    0    0     0     0 7673  492 100   0   0   0   0
  30    0            0     41587776       221860      3972436    0    0     0    16 7624  309 100   0   0   0   0
  30    0            0     41587024       221860      3972436    0    0     0     0 7756  605 100   0   0   0   0
  30    0            0     41586772       221860      3972436    0    0     0     0 7674  374 100   0   0   0   0
  30    0            0     41585516       221860      3972436    0    0     0     0 7655  438 100   0   0   0   0
  31    0            0     41585012       221860      3972436    0    0     0     0 7620  299 100   0   0   0   0
  30    0            0     41584796       221860      3972436    0    0     0    20 7740  528 100   0   0   0   0
  30    0            0     41583788       221860      3972436    0    0     0     0 7701  512 100   0   0   0   0
  30    0            0     41581500       221860      3972436    0    0     0     0 7715  424 100   0   0   0   0
  30    0            0     41581148       221860      3972436    0    0     0     0 7660  468 100   0   0   0   0
  30    0            0     41580524       221860      3972436    0    0     0     0 7617  316 100   0   0   0   0
  30    0            0     41580176       221860      3972436    0    0     0    16 7718  556 100   0   0   0   0
  30    0            0     41580020       221860      3972436    0    0     0     0 7673  418 100   0   0   0   0
--procs-- -----------------------memory---------------------- ---swap-- -----io---- -system-- --------cpu--------
   r    b         swpd         free         buff        cache   si   so    bi    bo   in   cs  us  sy  id  wa  st
  32    0            0     41578292       221860      3972436    0    0     0     0 7672  480 100   0   0   0   0
  31    0            0     41577284       221860      3972436    0    0     0     4 7614  276 100   0   0   0   0
  30    0            0     41577040       221860      3972440    0    0     0     0 7698  506 100   0   0   0   0
  30    0            0     41576848       221860      3972440    0    0     0    20 7675  510 100   0   0   0   0
  30    0            0     41577040       221860      3972440    0    0     0     0 7687  263 100   0   0   0   0
  30    0            0     41576032       221860      3972440    0    0     0     0 7743  512 100   0   0   0   0
  30    0            0     41576228       221860      3972440    0    0     0     0 7708  436 100   0   0   0   0
  30    0            0     41575876       221860      3972440    0    0     0     0 7691  541 100   0   0   0   0
  30    0            0     41575724       221860      3972440    0    0     0    16 7612  290 100   0   0   0   0
  30    0            0     41575224       221860      3972440    0    0     0     0 7724  603 100   0   0   0   0
  31    0            0     41575124       221860      3972440    0    0     0     0 7647  357 100   0   0   0   0
  30    0            0     41574724       221860      3972440    0    0     0     0 7667  447 100   0   0   0   0
  33    0            0     41572764       221860      3972440    0    0     0     0 7927  938 100   0   0   0   0
  30    0            0     41572580       221860      3972468    0    0     0    40 8288 1347 100   0   0   0   0
  30    0            0     41570572       221860      3972464    0    0     0     0 7730  575 100   0   0   0   0
  30    0            0     41568052       221860      3972464    0    0     0     0 7713  439 100   0   0   0   0
  30    0            0     41567448       221860      3972464    0    0     0     0 7765  560 100   0   0   0   0
  30    0            0     41566576       221860      3972464    0    0     0     0 7646  333 100   0   0   0   0
  30    0            0     41565320       221860      3972464    0    0     0    40 7810  637 100   0   0   0   0
  31    0            0     41565488       221860      3972464    0    0     0     0 7757  496 100   0   0   0   0
  30    0            0     41564832       221860      3972464    0    0     0     0 7722  536 100   0   0   0   0
--procs-- -----------------------memory---------------------- ---swap-- -----io---- -system-- --------cpu--------
   r    b         swpd         free         buff        cache   si   so    bi    bo   in   cs  us  sy  id  wa  st
  31    0            0     41560792       221860      3972464    0    0     0     0 7992 1089 100   0   0   0   0
  30    0            0     41560668       221860      3972464    0    0     0     0 8188 1390 100   0   0   0   0
  30    0            0     41558208       221860      3972468    0    0     0    48 7917 1029 100   0   0   0   0
  30    0            0     41557204       221860      3972524    0    0     0     0 7967  908 100   0   0   0   0
  31    0            0     41551308       221860      3972524    0    0     0    32 7995  895 100   0   0   0   0
  31    0            0     41554308       221860      3972528    0    0     0     0 7940  994 100   0   0   0   0
  30    0            0     41552452       221860      3972528    0    0     0     0 7722  608 100   0   0   0   0
  31    0            0     41551220       221860      3972528    0    0     0     8 7691  509 100   0   0   0   0
  30    0            0     41550968       221860      3972528    0    0     0     0 7711  569 100   0   0   0   0
  30    0            0     41550116       221860      3972528    0    0     0   188 7759  572 100   0   0   0   0
  30    0            0     41548784       221860      3972528    0    0     0     0 7819  781 100   0   0   0   0
  30    0            0     41548684       221860      3972528    0    0     0     0 7847  723 100   0   0   0   0
  30    0            0     41547704       221860      3972544    0    0     0     0 7675  456 100   0   0   0   0
  33    0            0     41547360       221860      3972544    0    0     0     0 7817  827 100   0   0   0   0
  30    0            0     41547312       221860      3972552    0    0     0     8 7701  456 100   0   0   0   0
  30    0            0     41546284       221860      3972556    0    0     0    40 8045 1012 100   0   0   0   0
  32    0            0     41546232       221860      3972560    0    0     0     0 8134 1320 100   0   0   0   0
  30    0            0     41545004       221860      3972560    0    0     0     0 7953  990 100   0   0   0   0
  30    0            0     41544904       221860      3972560    0    0     0     0 7847  790 100   0   0   0   0
  30    0            0     41545004       221860      3972560    0    0     0     0 7863  700 100   0   0   0   0
  30    0            0     41544860       221860      3972560    0    0     0    40 7990 1110 100   0   0   0   0
--procs-- -----------------------memory---------------------- ---swap-- -----io---- -system-- --------cpu--------
   r    b         swpd         free         buff        cache   si   so    bi    bo   in   cs  us  sy  id  wa  st
  32    0            0     41544508       221860      3972560    0    0     0     0 7804  620 100   0   0   0   0
  30    0            0     41542488       221860      3972560    0    0     0     0 8568 2070 100   0   0   0   0
  30    0            0     41541592       221860      3972576    0    0     0     0 7710  530 100   0   0   0   0
  30    0            0     41542336       221860      3972576    0    0     0     0 7876  954 100   0   0   0   0
  31    0            0     41538716       221860      3972576    0    0     0    88 7808  697 100   0   0   0   0
  30    0            0     41538792       221860      3972576    0    0     0     0 7790  716 100   0   0   0   0
  30    0            0     41537308       221860      3972576    0    0     0     0 7695  576 100   0   0   0   0
  30    0            0     41537060       221860      3972576    0    0     0     0 7674  460 100   0   0   0   0
  30    0            0     41536304       221860      3972576    0    0     0     0 7677  502 100   0   0   0   0
  30    0            0     41536560       221860      3972576    0    0     0    20 7616  267 100   0   0   0   0
  30    0            0     41535308       221860      3972576    0    0     0     8 7876  933 100   0   0   0   0
  30    0            0     41535312       221860      3972576    0    0     0     0 7656  387 100   0   0   0   0
  30    0            0     41535080       221860      3972576    0    0     0     0 7722  511 100   0   0   0   0
  31    0            0     41534580       221860      3972576    0    0     0     0 7658  304 100   0   0   0   0
  30    0            0     41533824       221860      3972576    0    0     0    52 7689  505 100   0   0   0   0
  30    0            0     41533724       221860      3972576    0    0     0     8 7695  520 100   0   0   0   0
  31    0            0     41534076       221860      3972576    0    0     0     0 7651  370 100   0   0   0   0
  30    0            0     41533220       221860      3972576    0    0     0     0 7693  533 100   0   0   0   0
  30    0            0     41533572       221860      3972576    0    0     0     0 7616  310 100   0   0   0   0
  30    0            0     41532624       221860      3972576    0    0     0    32 7815  809 100   0   0   0   0
  29    0            0     41532576       221860      3972608    0    0     0     0 7511  411  98   0   2   0   0
--procs-- -----------------------memory---------------------- ---swap-- -----io---- -system-- --------cpu--------
   r    b         swpd         free         buff        cache   si   so    bi    bo   in   cs  us  sy  id  wa  st
  30    0            0     41533556       221860      3972608    0    0     0     0 7435  426  97   0   3   0   0
  30    0            0     41533556       221860      3972608    0    0     0     0 7405  340  97   0   3   0   0
  28    0            0     41533052       221860      3972644    0    0     0     0 7355  396  94   0   6   0   0
  28    0            0     41533176       221860      3972644    0    0     0   100 7647 1096  94   0   6   0   0
  28    0            0     41532972       221860      3972644    0    0     0    72 7195  355  93   0   7   0   0
  28    0            0     41532620       221860      3972648    0    0     0     0 7261  475  93   0   6   0   0
  28    0            0     41532724       221860      3972648    0    0     0     0 7188  348  93   0   7   0   0
  28    0            0     41531976       221860      3972648    0    0     0     0 7297  536  93   0   6   0   0
  28    0            0     41532228       221860      3972648    0    0     0    32 7374  665  93   0   6   0   0
  28    0            0     41532232       221860      3972648    0    0     0     0 7269  440  93   0   6   0   0
  28    0            0     41528648       221860      3972648    0    0     0     0 8032 1761  93   0   6   0   0
  28    0            0     41528084       221860      3972688    0    0     0     0 7319  509  93   0   7   0   0
  28    0            0     41527328       221860      3972688    0    0     0     0 7267  464  93   0   6   0   0
  28    0            0     41527076       221860      3972688    0    0     0    56 7205  298  93   0   7   0   0
  28    0            0     41526596       221860      3972688    0    0     0     0 7349  538  93   0   6   0   0
  28    0            0     41525840       221860      3972688    0    0     0     0 7206  390  93   0   7   0   0
  28    0            0     41525336       221860      3972688    0    0     0     0 7305  527  93   0   6   0   0
  28    0            0     41525336       221860      3972688    0    0     0     0 7163  289  93   0   7   0   0
  28    0            0     41525588       221860      3972688    0    0     0    48 7288  469  93   0   6   0   0
  29    0            0     41525236       221860      3972688    0    0     0     0 7239  441  93   0   7   0   0
  28    0            0     41525340       221860      3972688    0    0     0     0 7299  486  93   0   7   0   0
--procs-- -----------------------memory---------------------- ---swap-- -----io---- -system-- --------cpu--------
   r    b         swpd         free         buff        cache   si   so    bi    bo   in   cs  us  sy  id  wa  st
  29    0            0     41525392       221860      3972688    0    0     0     0 7316  476  93   0   7   0   0
  28    0            0     41525120       221860      3972688    0    0     0     0 7178  294  93   0   7   0   0
  28    0            0     41524768       221860      3972688    0    0     0    16 7278  478  93   0   7   0   0
  28    0            0     41524152       221860      3972688    0    0     0     0 7261  359  93   0   7   0   0
  27    0            0     41523412       221860      3972688    0    0     0     0 7299  499  93   0   7   0   0
  26    0            0     41523160       221860      3972752    0    0     0     0 6903  670  87   0  13   0   0
  26    0            0     41523920       221860      3972752    0    0     0     0 6862  514  87   0  13   0   0
  27    0            0     41523572       221860      3972752    0    0     0    76 6740  404  87   0  13   0   0
  26    0            0     41523676       221860      3972752    0    0     0     0 7511 1619  87   0  13   0   0
  26    0            0     41523700       221860      3972768    0    0     0     4 7006  731  87   0  13   0   0
  26    0            0     41523700       221860      3972768    0    0     0    60 6750  347  87   0  13   0   0
  26    0            0     41523856       221860      3972768    0    0     0     0 6882  458  87   0  13   0   0
  26    0            0     41523700       221860      3972768    0    0     0    36 8264 3389  87   0  13   0   0
  26    0            0     41524708       221860      3972772    0    0     0     0 7214  976  87   0  13   0   0
  26    0            0     41524204       221860      3972772    0    0     0     8 6766  361  87   0  13   0   0
  26    0            0     41523200       221860      3972772    0    0     0     0 6917  509  87   0  13   0   0
  26    0            0     41523252       221860      3972772    0    0     0     0 6795  392  87   0  13   0   0
  26    0            0     41523456       221860      3972772    0    0     0    68 6812  303  87   0  13   0   0
  26    0            0     41523744       221860      3972776    0    0     0     0 7228 1031  87   0  13   0   0
  28    0            0     41519456       221860      3972776    0    0     0     0 7520 1573  87   0  13   0   0
  26    0            0     41520828       221860      3972784    0    0     0     0 7121  753  87   0  13   0   0
--procs-- -----------------------memory---------------------- ---swap-- -----io---- -system-- --------cpu--------
   r    b         swpd         free         buff        cache   si   so    bi    bo   in   cs  us  sy  id  wa  st
  27    1            0     41521080       221860      3972784    0    0     0    44 6827  491  87   0  13   0   0
  26    0            0     41520832       221860      3972784    0    0     0     0 6999  639  87   0  13   0   0
  26    0            0     41518784       221860      3972788    0    0     0     0 7179  878  87   0  13   0   0
  26    0            0     41518300       221860      3972792    0    0     0     0 7042  703  87   0  13   0   0
  26    0            0     41517796       221860      3972792    0    0     0     0 6841  548  87   0  13   0   0
  25    0            0     41518300       221860      3972828    0    0     0     0 6662  467  84   0  16   0   0
  25    0            0     41518204       221860      3972828    0    0     0   100 6694  467  83   0  16   0   0
  25    0            0     41517328       221860      3972828    0    0     0     0 6709  663  84   0  16   0   0
  25    0            0     41517232       221860      3972828    0    0     0     0 6716  552  83   0  16   0   0
  25    0            0     41516324       221860      3972828    0    0     0     0 6532  338  83   0  17   0   0
  25    0            0     41516580       221860      3972828    0    0     0    36 6677  464  83   0  16   0   0
  25    0            0     41516580       221860      3972828    0    0     0    32 6447  249  83   0  17   0   0
  24    0            0     41516836       221864      3972824    0    0     0     0 6910  934  83   0  17   0   0
  25    0            0     41514464       221864      3972864    0    0     0     0 6425  633  80   0  20   0   0
  21    0            0     41514468       221864      3972908    0    0     0     0 6213  643  74   0  26   0   0
  21    0            0     41513212       221864      3972980    0    0     0     0 5785  462  70   0  30   0   0
  21    0            0     41512960       221864      3972980    0    0     0   120 5511  261  70   0  30   0   0
  21    0            0     41513464       221864      3972980    0    0     0   152 5917  656  70   0  30   0   0
  20    0            0     41512008       221864      3973032    0    0     0    28 5745  860  67   0  32   0   0
  20    0            0     41511252       221864      3973032    0    0     0     0 5574  459  67   0  33   0   0
  20    0            0     41511000       221864      3973032    0    0     0     0 5276  260  67   0  33   0   0
--procs-- -----------------------memory---------------------- ---swap-- -----io---- -system-- --------cpu--------
   r    b         swpd         free         buff        cache   si   so    bi    bo   in   cs  us  sy  id  wa  st
  20    0            0     41511256       221864      3973032    0    0     0    64 5636  618  67   0  33   0   0
  20    0            0     41510248       221864      3973032    0    0     0     0 5402  434  67   0  33   0   0
  19    0            0     41510256       221864      3973068    0    0     0    80 5727  877  65   0  35   0   0
  19    0            0     41509904       221864      3973068    0    0     0    16 5421  585  63   0  36   0   0
  19    0            0     41509756       221864      3973068    0    0     0     0 5079  382  63   0  37   0   0
  18    0            0     41509004       221864      3973112    0    0     0   136 5169  516  61   0  39   0   0
  18    0            0     41509004       221864      3973112    0    0     0     0 4757  231  60   0  40   0   0
  19    0            0     41508028       221864      3973112    0    0     0     0 5171  675  60   0  40   0   0
  18    0            0     41504360       221864      3973132    0    0     0     0 6237 2127  60   0  39   0   0
  17    0            0     41503856       221864      3973132    0    0     0     0 4879  549  57   0  43   0   0
  16    0            0     41503260       221868      3973176    0    0     0   164 4708  531  56   0  43   0   0
  15    0            0     41503356       221868      3973176    0    0     0     0 4494  392  53   0  47   0   0
  15    0            0     41501120       221868      3973268    0    0     0     0 4412  659  50   0  50   0   0
  15    0            0     41501120       221868      3973272    0    0     0     0 4274  831  50   0  50   0   0
  14    0            0     41500516       221868      3973272    0    0     0     0 4287  546  49   0  51   0   0
  14    0            0     41500516       221868      3973272    0    0     0   164 3780  262  47   0  53   0   0
  14    0            0     41499864       221868      3973312    0    0     0   128 4098  508  47   0  53   0   0
  14    0            0     41499864       221868      3973312    0    0     0     0 3800  363  47   0  53   0   0
  14    0            0     41498604       221868      3973312    0    0     0     0 4095  492  47   0  53   0   0
  14    0            0     41498508       221868      3973312    0    0     0     0 3913  417  47   0  53   0   0
  14    0            0     41498352       221868      3973312    0    0     0    28 3930  332  47   0  53   0   0
--procs-- -----------------------memory---------------------- ---swap-- -----io---- -system-- --------cpu--------
   r    b         swpd         free         buff        cache   si   so    bi    bo   in   cs  us  sy  id  wa  st
  14    0            0     41497352       221868      3973312    0    0     0     0 4072  430  47   0  53   0   0
  14    0            0     41497352       221868      3973312    0    0     0     0 3759  263  47   0  53   0   0
  14    0            0     41497352       221868      3973312    0    0     0     0 4098  563  47   0  53   0   0
  14    0            0     41497100       221868      3973356    0    0     0     0 3824  381  46   0  54   0   0
  13    0            0     41496596       221868      3973356    0    0     0    68 3809  460  43   0  56   0   0
  13    0            0     41496348       221868      3973356    0    0     0     0 4045  915  44   0  56   0   0
  13    0            0     41496100       221868      3973356    0    0     0     0 3802  546  43   0  56   0   0
  13    0            0     41496676       221868      3973356    0    0     0     8 3731  489  43   0  56   0   0
  13    0            0     41496676       221868      3973356    0    0     0    44 3685  255  43   0  57   0   0
  13    0            0     41496076       221868      3973356    0    0     0    56 3791  454  43   0  56   0   0
  13    0            0     41496076       221868      3973356    0    0     0     0 3517  243  43   0  57   0   0
  13    0            0     41497136       221868      3973356    0    0     0     0 3899  506  43   0  56   0   0
  11    0            0     41495016       221868      3973356    0    0     0     0 3535  502  41   0  59   0   0
  11    0            0     41494768       221868      3973356    0    0     0     0 3249  474  37   0  63   0   0
  11    0            0     41494516       221868      3973356    0    0     0   112 2999  226  37   0  63   0   0
  11    0            0     41494016       221868      3973448    0    0     0     0 3318  511  37   0  63   0   0
  11    0            0     41494172       221868      3973448    0    0     0     0 3148  443  37   0  63   0   0
  11    0            0     41493816       221868      3973472    0    0     0   100 4341 1766  37   0  63   0   0
  11    0            0     41494324       221868      3973472    0    0     0     0 3355  526  37   0  63   0   0
  11    0            0     41494072       221868      3973472    0    0     0    72 3047  295  37   0  63   0   0
  11    0            0     41494076       221868      3973472    0    0     0     0 3282  439  37   0  63   0   0
--procs-- -----------------------memory---------------------- ---swap-- -----io---- -system-- --------cpu--------
   r    b         swpd         free         buff        cache   si   so    bi    bo   in   cs  us  sy  id  wa  st
  11    0            0     41494076       221868      3973476    0    0     0     0 2998  232  37   0  63   0   0
  11    0            0     41493832       221868      3973476    0    0     0     0 3379  540  37   0  63   0   0
  10    0            0     41494088       221868      3973524    0    0     0     0 2904  378  34   0  66   0   0
  10    0            0     41494244       221868      3973524    0    0     0   112 2999  405  33   0  66   0   0
  10    0            0     41494044       221868      3973524    0    0     0     0 2878  389  33   0  66   0   0
  10    0            0     41494296       221868      3973524    0    0     0     0 2937  478  33   0  67   0   0
  10    0            0     41493772       221868      3973524    0    0     0     0 3113  491  33   0  66   0   0
  10    0            0     41493772       221868      3973524    0    0     0    48 2777  250  33   0  67   0   0
  10    0            0     41493528       221868      3973524    0    0     0    36 2989  409  33   0  67   0   0
  10    0            0     41493528       221868      3973524    0    0     0     0 2791  258  33   0  67   0   0
  10    0            0     41493372       221868      3973524    0    0     0     0 3051  488  33   0  66   0   0
  10    0            0     41491456       221868      3973524    0    0     0     0 2854  387  33   0  67   0   0
   9    0            0     41491992       221868      3973524    0    0     0     0 3041  507  33   0  67   0   0
   9    0            0     41491896       221868      3973524    0    0     0    52 2699  417  30   0  70   0   0
   9    0            0     41492496       221868      3973584    0    0     0     0 2670  346  30   0  70   0   0
   8    0            0     41491992       221872      3973580    0    0     0     0 2683  490  28   0  72   0   0
   8    0            0     41491992       221872      3973580    0    0     0     0 2256  237  27   0  73   0   0
   8    0            0     41491992       221872      3973580    0    0     0   112 2533  419  27   0  73   0   0
   8    0            0     41491740       221872      3973640    0    0     0    60 2380  380  27   0  73   0   0
   8    0            0     41491496       221872      3973640    0    0     0     0 2532  444  27   0  73   0   0
   8    0            0     41491496       221872      3973640    0    0     0     0 2243  222  27   0  73   0   0
--procs-- -----------------------memory---------------------- ---swap-- -----io---- -system-- --------cpu--------
   r    b         swpd         free         buff        cache   si   so    bi    bo   in   cs  us  sy  id  wa  st
   8    0            0     41490376       221872      3973640    0    0     0     0 2661  556  27   0  73   0   0
   7    0            0     41489532       221872      3973680    0    0     0     0 2501  552  26   0  74   0   0
   7    0            0     41489532       221872      3973680    0    0     0    88 2094  247  23   0  77   0   0
   7    0            0     41489784       221872      3973680    0    0     0     0 2322  482  23   0  76   0   0
   7    0            0     41489784       221872      3973680    0    0     0     0 2029  286  23   0  77   0   0
   7    0            0     41488600       221872      3973688    0    0     0     0 3661 2237  24   0  76   0   0
   7    0            0     41488600       221872      3973688    0    0     0    48 2059  333  23   0  77   0   0
   7    0            0     41489104       221872      3973688    0    0     0    72 2270  454  23   0  76   0   0
   7    0            0     41489104       221872      3973688    0    0     0     0 2025  243  23   0  77   0   0
   7    0            0     41488852       221872      3973688    0    0     0     0 2320  577  23   0  76   0   0
   7    0            0     41487848       221872      3973688    0    0     0     0 2252  523  23   0  76   0   0
   7    0            0     41487852       221872      3973688    0    0     0     0 2146  253  23   0  77   0   0
   7    0            0     41487752       221872      3973692    0    0     0    76 2273  487  23   0  76   0   0
   7    0            0     41487880       221872      3973692    0    0     0     0 2066  315  23   0  77   0   0
   7    0            0     41487880       221872      3973692    0    0     0     0 2250  523  23   0  76   0   0
   6    0            0     41487880       221872      3973692    0    0     0     0 2053  283  23   0  77   0   0
   5    0            0     41487884       221872      3973692    0    0     0     0 1867  523  17   0  83   0   0
   5    0            0     41487636       221872      3973812    0    0     0    44 1577  296  17   0  83   0   0
   5    0            0     41487440       221872      3973812    0    0     0     0 1787  409  17   0  83   0   0
   5    0            0     41486840       221872      3973812    0    0     0     0 1659  388  17   0  83   0   0
   5    0            0     41487192       221872      3973812    0    0     0   116 1705  410  17   0  83   0   0
--procs-- -----------------------memory---------------------- ---swap-- -----io---- -system-- --------cpu--------
   r    b         swpd         free         buff        cache   si   so    bi    bo   in   cs  us  sy  id  wa  st
   5    1            0     41486432       221872      3973816    0    0     0    36 1833  529  17   0  83   0   0
   5    0            0     41486432       221872      3973816    0    0     0    48 1502  221  17   0  83   0   0
   5    0            0     41486180       221872      3973816    0    0     0     0 1783  479  17   0  83   0   0
   5    0            0     41486180       221872      3973816    0    0     0     0 1495  222  17   0  83   0   0
   5    0            0     41485680       221872      3973816    0    0     0     0 1837  495  17   0  83   0   0
   5    0            0     41485680       221872      3973816    0    0     0     0 1542  245  17   0  83   0   0
   5    0            0     41485736       221872      3973816    0    0     0    16 1800  469  17   0  83   0   0
   4    0            0     41485536       221872      3973816    0    0     0     0 1493  451  14   0  86   0   0
   4    0            0     41485712       221872      3973864    0    0     0     0 1384  334  13   0  87   0   0
   4    0            0     41485716       221872      3973864    0    0     0     0 1574  543  13   0  86   0   0
   4    0            0     41486040       221872      3973864    0    0     0     0 1312  236  13   0  87   0   0
   4    0            0     41485496       221872      3973864    0    0     0   104 1478  403  13   0  86   0   0
   4    0            0     41485244       221872      3973864    0    0     0     0 1321  309  13   0  87   0   0
   4    0            0     41485500       221872      3973864    0    0     0     0 1485  388  13   0  86   0   0
   3    0            0     41485792       221872      3973872    0    0     0     0 2656 2173  13   0  87   0   0
   3    0            0     41486044       221872      3973924    0    0     0     0 1251  475  10   0  90   0   0
   3    0            0     41485944       221872      3973924    0    0     0    84 1252  508  10   0  90   0   0
   3    0            0     41485944       221872      3973924    0    0     0     0 1057  255  10   0  90   0   0
   3    0            0     41486352       221872      3973924    0    0     0     0 1239  418  10   0  90   0   0
   3    0            0     41486352       221872      3973924    0    0     0    88 1088  339  10   0  90   0   0
   2    0            0     41484076       221872      3973924    0    0     0     0 1278  562   9   0  91   0   0
--procs-- -----------------------memory---------------------- ---swap-- -----io---- -system-- --------cpu--------
   r    b         swpd         free         buff        cache   si   so    bi    bo   in   cs  us  sy  id  wa  st
   2    0            0     41484076       221872      3973924    0    0     0    64  750  218   7   0  93   0   0
   2    0            0     41484092       221872      3973928    0    0     0     0  946  417   7   0  93   0   0
   2    0            0     41484092       221872      3973928    0    0     0     0  752  257   7   0  93   0   0
   2    0            0     41484096       221872      3973988    0    0     0     0 1133  484   7   0  93   0   0
   2    0            0     41483348       221872      3973988    0    0     0    84  911  387   7   0  93   0   0
   2    0            0     41483096       221872      3973988    0    0     0    36  778  240   7   0  93   0   0
   2    0            0     41484008       221872      3973988    0    0     0     0 1003  423   7   0  93   0   0
   2    0            0     41483852       221872      3973988    0    0     0     0  830  301   7   0  93   0   0
   2    0            0     41484108       221872      3973988    0    0     0     0 1016  510   7   0  93   0   0
   2    0            0     41484108       221872      3973988    0    0     0     0  748  229   7   0  93   0   0
   2    0            0     41484360       221872      3973988    0    0     0    40  970  393   7   0  93   0   0
   2    0            0     41484108       221872      3973988    0    0     0     0  819  320   7   0  93   0   0
   2    0            0     41483256       221872      3973988    0    0     0     0 1093  495   7   0  93   0   0
   2    0            0     41482248       221872      3973988    0    0     0     0  921  373   7   0  93   0   0
   2    0            0     41482248       221872      3973988    0    0     0     0  809  231   7   0  93   0   0
   2    0            0     41484120       221872      3973988    0    0     0    16 1047  509   7   0  93   0   0
   2    0            0     41484120       221872      3973988    0    0     0     0  765  226   7   0  93   0   0
   2    0            0     41484628       221872      3973988    0    0     0     0  974  403   7   0  93   0   0
   2    0            0     41484628       221872      3973988    0    0     0     0  816  345   7   0  93   0   0
   2    0            0     41484124       221872      3973988    0    0     0     0 1118  494   7   0  93   0   0
   2    0            0     41483628       221872      3973988    0    0     0    16  801  208   7   0  93   0   0
--procs-- -----------------------memory---------------------- ---swap-- -----io---- -system-- --------cpu--------
   r    b         swpd         free         buff        cache   si   so    bi    bo   in   cs  us  sy  id  wa  st
   2    0            0     41483148       221872      3973988    0    0     0     0  983  430   7   0  93   0   0
   1    0            0     41482896       221872      3973988    0    0     0     0  868  515   5   0  95   0   0
   1    0            0     41485924       221872      3974056    0    0     0     0 1952 2011   4   0  96   0   0
   1    0            0     41485672       221872      3974056    0    0     0     0  724  413   3   0  96   0   0
   1    0            0     41485672       221872      3974056    0    0     0   168  499  242   3   0  97   0   0
   1    0            0     41485428       221872      3974056    0    0     0     8  733  436   3   0  96   0   0
   1    0            0     41485680       221872      3974056    0    0     0     0  598  332   3   0  97   0   0
   1    0            0     41485932       221872      3974056    0    0     0     0  782  525   3   0  96   0   0
   1    0            0     41485932       221872      3974056    0    0     0     0  510  241   3   0  97   0   0
   1    0            0     41484004       221872      3974056    0    0     0    48  780  435   3   0  97   0   0
   1    0            0     41484828       221872      3974056    0    0     0     0  758  481   3   0  96   0   0
   1    0            0     41485020       221872      3974056    0    0     0     0  605  392   3   0  97   0   0
   1    0            0     41484924       221872      3974056    0    0     0     0  819  511   3   0  96   0   0
   1    0            0     41484924       221872      3974056    0    0     0     0  537  230   3   0  97   0   0
   1    0            0     41484524       221872      3974060    0    0     0    52  792  473   3   0  97   0   0
   1    0            0     41484524       221872      3974060    0    0     0     0  515  222   3   0  97   0   0
   1    0            0     41484024       221872      3974060    0    0     0     0  806  458   3   0  96   0   0
   1    0            0     41484024       221872      3974060    0    0     0     0  574  334   3   0  97   0   0
   1    0            0     41483532       221872      3974060    0    0     0     0  825  525   3   0  96   0   0
   1    0            0     41483688       221872      3974060    0    0     0    16  716  415   3   0  96   0   0
   1    0            0     41483536       221872      3974060    0    0     0     0  579  335   3   0  97   0   0
--procs-- -----------------------memory---------------------- ---swap-- -----io---- -system-- --------cpu--------
   r    b         swpd         free         buff        cache   si   so    bi    bo   in   cs  us  sy  id  wa  st
   1    0            0     41484544       221872      3974060    0    0     0     0  725  412   3   0  96   0   0
   1    0            0     41484292       221872      3974060    0    0     0     0  597  305   3   0  97   0   0
   1    0            0     41483540       221872      3974060    0    0     0     0  738  393   3   0  96   0   0
   1    0            0     41483540       221872      3974060    0    0     0    20  535  311   3   0  97   0   0
   1    0            0     41484600       221872      3974060    0    0     0     0  737  401   3   0  96   0   0
   1    0            0     41484052       221872      3974060    0    0     0     0  568  302   3   0  97   0   0
   1    0            0     41483800       221872      3974060    0    0     0     0  856  531   3   0  96   0   0
   1    0            0     41483856       221872      3974060    0    0     0     0  702  390   3   0  96   0   0
   1    0            0     41483856       221872      3974060    0    0     0    16  507  210   3   0  97   0   0
   1    0            0     41484064       221872      3974060    0    0     0     0  793  482   3   0  96   0   0
   1    0            0     41484064       221872      3974060    0    0     0     0  500  220   3   0  97   0   0
   1    0            0     41483948       221872      3974060    0    0     0     0 2016 2055   4   0  96   0   0
   1    0            0     41483884       221872      3974064    0    0     0     0  543  280   3   0  97   0   0
   1    0            0     41483884       221872      3974064    0    0     0    68  828  511   3   0  97   0   0
   1    0            0     41483884       221872      3974064    0    0     0     0  489  218   3   0  97   0   0
   1    0            0     41484640       221872      3974064    0    0     0     0  731  420   3   0  96   0   0
   1    0            0     41484036       221872      3974064    0    0     0     0  751  534   3   0  96   0   0
   1    0            0     41484140       221872      3974064    0    0     0     0  608  323   3   0  97   0   0
   1    0            0     41484052       221872      3974064    0    0     0    16  730  403   3   0  96   0   0
   1    0            0     41483620       221872      3974064    0    0     0     8  571  250   3   0  97   0   0
   1    0            0     41482632       221872      3974064    0    0     0     0  848  655   3   0  96   0   0
--procs-- -----------------------memory---------------------- ---swap-- -----io---- -system-- --------cpu--------
   r    b         swpd         free         buff        cache   si   so    bi    bo   in   cs  us  sy  id  wa  st
   1    0            0     41482980       221872      3974064    0    0     0     0  584  308   3   0  97   0   0
   1    0            0     41482980       221872      3974064    0    0     0     0  721  396   3   0  96   0   0
   1    0            0     41482980       221872      3974064    0    0     0    44  490  222   3   0  97   0   0
   1    0            0     41483236       221872      3974068    0    0     0     0  747  412   3   0  96   0   0
   1    0            0     41482792       221872      3974068    0    0     0     0  780  538   3   0  96   0   0
   1    0            0     41483044       221872      3974068    0    0     0     0  595  352   3   0  97   0   0
   1    0            0     41483744       221872      3974068    0    0     0     0  694  417   3   0  96   0   0
   1    0            0     41483744       221872      3974068    0    0     0    16  486  215   3   0  97   0   0
   1    0            0     41481280       221872      3974068    0    0     0     0  813  491   3   0  96   0   0
   1    0            0     41481280       221872      3974068    0    0     0     0  517  296   3   0  97   0   0
   1    0            0     41482040       221872      3974068    0    0     0     0  716  417   3   0  96   0   0
   1    0            0     41482040       221872      3974068    0    0     0     0  516  213   3   0  97   0   0
   1    0            0     41481792       221872      3974068    0    0     0    20  844  570   3   0  96   0   0
   1    0            0     41482044       221872      3974068    0    0     0     0  747  439   3   0  96   0   0
   1    0            0     41482044       221872      3974068    0    0     0     0  493  217   3   0  97   0   0
   1    0            0     41482548       221872      3974068    0    0     0     0  811  539   3   0  96   0   0
   1    0            0     41482548       221872      3974068    0    0     0     0  560  278   3   0  97   0   0
   1    0            0     41482300       221872      3974068    0    0     0    16  720  414   3   0  97   0   0
   1    0            0     41482300       221872      3974068    0    0     0     0  497  216   3   0  97   0   0
   1    0            0     41482208       221872      3974068    0    0     0     0  724  413   3   0  96   0   0
   2    0            0     41481508       221872      3974064    0    0     0     0 1980 2172   4   0  96   0   0
--procs-- -----------------------memory---------------------- ---swap-- -----io---- -system-- --------cpu--------
   r    b         swpd         free         buff        cache   si   so    bi    bo   in   cs  us  sy  id  wa  st
   1    1            0     41481408       221872      3974104    0    0     0    44 1298 1105   4   0  96   0   0
   1    0            0     41480404       221872      3974104    0    0     0    32  755  424   4   0  96   0   0
   1    0            0     41480656       221872      3974104    0    0     0     0  566  288   3   0  97   0   0
   1    0            0     41480712       221872      3974104    0    0     0     0  825  509   3   0  96   0   0
   2    0            0     41473520       221872      3974104    0    0     0     0  782  533   4   0  96   0   0
   2    0            0     41457096       221872      3974104    0    0     0     0 1574 1122   7   1  93   0   0
   2    0            0     41456592       221872      3974104    0    0     0    24  885  386   7   0  93   0   0
   2    0            0     41456764       221872      3974104    0    0     0     0 1310  685   7   0  93   0   0
   1    0            0     41483424       221872      3974104    0    0     0     8  956  541   5   0  95   0   0
   1    0            0     41483184       221872      3974104    0    0     0     0  723  437   3   0  96   0   0
   1    1            0     41482328       221872      3974104    0    0     0    40 1107  875   4   0  96   0   0
   1    0            0     41482684       221872      3974104    0    0     0     4  635  343   3   0  96   0   0
   1    0            0     41482180       221872      3974104    0    0     0     0  776  419   3   0  96   0   0
   1    0            0     41482180       221872      3974104    0    0     0     0  508  239   3   0  97   0   0
   1    0            0     41481176       221872      3974104    0    0     0     0  786  558   3   0  96   0   0
   1    0            0     41482436       221872      3974104    0    0     0     0  967  801   4   0  96   0   0
   1    0            0     41482444       221872      3974108    0    0     0    48  753  414   3   0  96   0   0
   1    0            0     41482444       221872      3974108    0    0     0     0  536  264   3   0  97   0   0
   1    0            0     41479728       221872      3974108    0    0     0     0  776  448   3   0  96   0   0
   2    0            0     41480836       221872      3974108    0    0     0     0  796  484   3   0  96   0   0
   1    0            0     41482016       221872      3974108    0    0     0     0  876  589   4   0  96   0   0
--procs-- -----------------------memory---------------------- ---swap-- -----io---- -system-- --------cpu--------
   r    b         swpd         free         buff        cache   si   so    bi    bo   in   cs  us  sy  id  wa  st
   1    0            0     41481512       221872      3974108    0    0     0    20  879  560   3   0  96   0   0
   1    0            0     41481512       221872      3974108    0    0     0     0  515  221   3   0  97   0   0
   1    0            0     41481376       221872      3974108    0    0     0     0  807  505   3   0  96   0   0
   1    0            0     41481376       221872      3974108    0    0     0     0  586  367   3   0  97   0   0
   1    0            0     41479912       221872      3974108    0    0     0     0 1078  791   4   0  96   0   0
   1    0            0     41479912       221872      3974108    0    0     0    28  505  222   3   0  97   0   0
   1    0            0     41480428       221872      3974108    0    0     0     0  844  512   3   0  96   0   0
   1    0            0     41480176       221872      3974108    0    0     0     0  748  439   3   0  96   0   0
   1    0            0     41481604       221872      3974148    0    0     0     0 1902 1931   4   0  96   0   0
   3    0            0     41480272       221872      3974552    0    0     0   764 1394 1240   4   0  96   0   0
   1    0            0     41480440       221872      3974180    0    0     0   100 1041  740   4   0  95   1   0
   1    0            0     41480216       221872      3974180    0    0     0     0  794  446   4   0  96   0   0
   2    0            0     41480216       221872      3974180    0    0     0     0  564  261   3   0  97   0   0
   1    0            0     41480756       221872      3974184    0    0     0   784 1467 1301   4   0  96   0   0
   1    0            0     41480508       221872      3974184    0    0     0     0  988  777   4   0  96   0   0
   1    0            0     41480764       221872      3974184    0    0     0   224  850  473   4   0  95   1   0
   1    0            0     41480768       221872      3974184    0    0     0     0  785  451   3   0  96   0   0
   1    0            0     41480768       221872      3974184    0    0     0     0  604  361   3   0  97   0   0
   1    0            0     41480312       221872      3974192    0    0     0   776 1480 1138   4   0  96   0   0
   1    0            0     41480312       221872      3974192    0    0     0     0  559  251   3   0  97   0   0
   1    0            0     41479628       221872      3974596    0    0     0   864 1683 1479   4   1  95   0   0
--procs-- -----------------------memory---------------------- ---swap-- -----io---- -system-- --------cpu--------
   r    b         swpd         free         buff        cache   si   so    bi    bo   in   cs  us  sy  id  wa  st
   1    0            0     41479628       221872      3974596    0    0     0     0  534  258   3   0  97   0   0
   4    0            0     45178892       221876      3974228    0    0     0   764 10193 9008  22   2  76   0   0
   0    1            0     45348648       221876      3974292    0    0     0  1340 2052 1635   1   1  96   3   0
   0    1            0     45347896       221876      3974304    0    0     0   776 1130 1144   1   0  96   3   0
   0    1            0     45341276       221876      3974308    0    0     0  1572 1568 1523   1   1  96   3   0
   0    1            0     45340640       221876      3974312    0    0     0  1284 1600 1360   1   0  96   3   0
  15    0            0     45327288       221884      3974316    0    0     0   356 1504 1308   1   1  96   3   0
 241    0            0     43966808       221884      3974332    0    0     0     0 10754 6297  93   6   1   0   0
  30    0            0     36727432       222028      3974428    0    0     0     0 22112 4985  82  18   0   0   0
  30    0            0     41684536       222028      3974872    0    0     0   248 7701  518  76  24   0   0   0
  30    0            0     41668892       222028      3975344    0    0     0   840 7879  830 100   0   0   0   0
  30    0            0     41649512       222028      3974964    0    0     0     0 7679  525 100   0   0   0   0
  30    0            0     41636812       222028      3974988    0    0     0  1200 7981 1249 100   0   0   0   0
  31    0            0     41626144       222028      3975396    0    0     0   768 7953 1072 100   0   0   0   0
  30    0            0     41617384       222028      3974996    0    0     0   768 9340 1218 100   0   0   0   0
  30    0            0     41604920       222028      3975004    0    0     0  1536 8060 1363 100   0   0   0   0
  30    0            0     41592160       222028      3975008    0    0     0   768 7955 1101 100   0   0   0   0
  33    0            0     41583388       222028      3975124    0    0     0  2012 8546 2161 100   0   0   0   0
  39    0            0     41574188       222028      3975144    0    0     0     0 8262 1381 100   0   0   0   0
  30    0            0     41572912       222028      3975164    0    0     0   768 7924 1095 100   0   0   0   0
  30    0            0     41567528       222028      3975184    0    0     0   768 7939 1034 100   0   0   0   0
--procs-- -----------------------memory---------------------- ---swap-- -----io---- -system-- --------cpu--------
   r    b         swpd         free         buff        cache   si   so    bi    bo   in   cs  us  sy  id  wa  st
  32    0            0     41564748       222028      3975588    0    0     0   768 7930 1137 100   0   0   0   0
  31    0            0     41563256       222028      3975220    0    0     0   384 7827  686 100   0   0   0   0
